f_id,f_ori_name,f_eng_name,langual,f_origen,edible_portion
680,"Bacón, ahumado, a la parrilla","Bacon, smoked, grilled",A0279 A0459 A0633 A0666 A0714 A0726 A0799 B1136 C0269 E0150 F0014 G0006 H0172 H0173 H0253 J0106 K0003 M0001 N0001 P0024,BEDCA,1.000000
681,"Café, con leche","Coffee infusion, with milk",A0268 A0465 A0639 A0663 A0710 A0845 B1305 C0155 E0123 F0014 G0012 H0148 H0184 J0003 K0003 M0001 N0001 P0024 R0212 R0497 Z0109,BEDCA,1.000000
682,"Bacon, crudo, con grasa separable","Bacon, raw, with separable fat",A0279 A0459 A0633 A0666 A0714 A0726 A0797 B1136 C0269 E0150 F0003 G0003 H0173 H0253 J0103 K0003 M0001 N0001 P0024 R0212 R0495 Z0112,BEDCA,1.000000
683,"Batido lácteo de cacao, bajo en calorías","Milk shake, cacao, light",A0148 A0452 A0626 A0721 A0724 A0774 A0780 B1201 C0235 E0123 F0018 G0003 H0231 H0247 J0123 K0003 M0001 N0001 P0024 P0034 R0212 R0497 Z0112,BEDCA,1.000000
685,"Batido lácteo, de fresa, bajo en calorías","Milk shake, strawberry, light",A0148 A0452 A0626 A0721 A0724 A0774 A0780 B1201 C0235 E0123 F0014 G0003 H0247 H0395 J0123 K0003 M0001 N0001 P0024 P0034 R0212 R0497 Z0112,BEDCA,1.000000
686,"Cabrito, parte s/e, crudo, con grasa separable","Kid, part n/e, raw, with separable fat",A0150 A0459 A0633 A0714 A0726 A0737 A0794 B2702 C0269 E0152 F0003 G0003 H0003 J0001 K0003 M0001 N0001 P0024 R0212 R0497 Z0018 Z0112,BEDCA,0.700000
687,Callos de ternera,"Tripe, veal, raw",A0150 A0459 A0633 A0716 A0726 A0739 A0796 B1201 C0212 E0150 F0003 G0003 H0003 J0001 K0003 M0001 N0001 P0024 R0212 R0497 Z0112,BEDCA,1.000000
688,"Cerdo, lomo, asado","Pork, loin, roasted",A0150 A0459 A0633 A0714 A0726 A0737 A0799 B1136 C0269 E0150 F0014 G0005 H0001 J0001 K0003 M0001 N0001 P0024 R0212 R0497 Z0031 Z0112,BEDCA,1.000000
689,"Cerdo, pierna, cruda, con grasa separable","Pork, leg, raw, with separable fat",A0150 A0459 A0633 A0714 A0726 A0737 A0794 B1136 C0269 E0150 F0003 G0001 H0001 J0001 K0003 M0001 N0001 P0024 R0212 R0497 Z0024 Z0112,BEDCA,0.750000
691,Queso afuega'l pitu,"Cheese, ""afuega'l pitu"" type",A0313 A0452 A0626 A0720 A0724 A0776 B1201 C0245 E0146 F0018 G0003 H0107 H0289 H0298 J0131 K0003 M0001 N0001 P0024 R0212 R0497 Z0073 Z0112,BEDCA,1.000000
692,Queso ahumado de aliva,"Cheese, ""ahumado de aliva"" type",A0313 A0452 A0626 A0720 A0724 A0776 B2247 C0245 E0146 F0018 G0003 H0107 H0291 H0298 J0106 K0003 M0001 N0001 P0024 R0212 R0497 Z0073 Z0112,BEDCA,1.000000
693,Queso cantabria,"Cheese, ""cantabria"" type",A0313 A0452 A0626 A0720 A0724 A0776 B1201 C0245 E0146 F0018 G0003 H0107 H0288 H0298 J0003 K0003 M0001 N0001 P0024 R0212 R0497 Z0112,BEDCA,1.000000
694,Queso casín,"Cheese, ""casin"" type",A0311 A0452 A0626 A0720 A0724 A0776 B1201 C0245 E0146 F0018 G0003 H0107 H0293 H0298 J0131 K0003 M0001 N0001 P0024 R0212 R0497 Z0112,BEDCA,1.000000
695,"Queso de murcia, al vino","Cheese, ""murcia with wine"" type",A0313 A0452 A0626 A0720 A0724 A0776 B1328 C0245 E0146 F0018 G0003 H0107 H0289 J0003 K0003 M0001 N0001 P0024 R0212 R0497 Z0112,BEDCA,1.000000
696,Queso de cádiz,"Cheese, ""cádiz"" type",A0185 A0452 A0626 A0720 A0724 A0776 A0786 B1328 C0245 E0146 F0003 G0003 H0107 J0131 K0003 M0001 N0001 P0024 R0212 R0497 Z0112,BEDCA,1.000000
697,Queso Tetilla,"Cheese, ""tetilla"" type",A0313 A0452 A0626 A0720 A0724 A0776 A0785 B1201 C0245 E0146 F0018 G0003 H0107 H0289 H0298 J0103 K0003 M0001 N0001 P0024 R0212 R0497 Z0112,BEDCA,1.000000
698,Queso gaztazarra,"Cheese, ""gaztazarra"" type",A0314 A0452 A0626 A0720 A0724 A0776 B1183 C0245 E0119 F0003 G0003 H0107 H0291 H0298 H0332 J0003 K0003 M0001 N0001 P0024 R0212 R0497 Z0112,BEDCA,1.000000
699,Queso herreño,"Cheese, ""herreño"" type",A0313 A0452 A0626 A0720 A0724 A0776 B1161 C0245 E0146 F0018 G0003 H0107 H0172 H0289 H0298 J0003 K0003 M0001 N0001 P0024 R0212 R0497 Z0112,BEDCA,1.000000
700,Queso cebreiro,"Cheese, ""cebreiro"" type",A0313 A0452 A0626 A0720 A0724 A0776 B1328 C0245 E0146 F0018 G0003 H0107 H0290 H0298 J0103 K0003 M0001 N0001 P0024 R0212 R0497 Z0073 Z0112,BEDCA,1.000000
701,Queso pedroches,"Cheese, ""pedroches"" type",A0312 A0452 A0626 A0720 A0724 A0776 B1183 C0245 E0146 F0003 G0003 H0107 H0291 H0298 J0003 K0003 M0001 N0001 P0024 R0212 R0497 Z0112,BEDCA,1.000000
702,Queso tupí,"Cheese, ""tupí"" type",A0185 A0452 A0626 A0720 A0724 A0776 A0786 B1183 C0245 E0146 F0003 G0003 H0107 J0131 K0003 M0001 N0001 P0024 R0212 R0497 Z0112,BEDCA,1.000000
703,Queso flor de guía,"Cheese, ""flor de guía"" type",A0312 A0452 A0626 A0720 A0724 A0776 B2244 C0245 E0146 F0018 G0003 H0107 H0289 H0298 J0003 K0003 M0001 N0001 P0024 R0212 R0497 Z0112,BEDCA,1.000000
704,Queso gata-hurdes,"Cheese, ""gata-hurdes"" type",A0313 A0452 A0626 A0720 A0724 A0776 B1328 C0245 E0146 F0018 G0003 H0107 H0291 H0298 J0153 K0021 M0001 N0001 P0024 R0212 R0497 Z0112,BEDCA,1.000000
705,Queso de aracena,"Cheese, ""aracena"" type",A0313 A0452 A0626 A0720 A0724 A0776 B1328 C0245 E0146 F0018 G0003 H0107 H0290 H0298 J0003 K0003 M0001 N0001 P0024 R0212 R0497 Z0112,BEDCA,1.000000
706,Queso de tenerife,"Cheese, ""tenerife"" type",A0185 A0452 A0626 A0720 A0724 A0776 A0786 B2101 C0245 E0146 F0003 G0003 H0107 J0131 K0003 M0001 N0001 P0024 R0212 R0497 Z0112,BEDCA,1.000000
707,Queso de tiétar,"Cheese, ""tiétar"" type",A0312 A0452 A0626 A0720 A0724 A0776 B1328 C0245 E0146 F0018 G0003 H0107 H0289 H0298 J0003 K0003 M0001 N0001 P0024 R0212 R0497 Z0112,BEDCA,1.000000
708,Queso pasiego,"Cheese, ""pasiego"" type",A0314 A0452 A0626 A0720 A0724 A0776 B1328 C0245 E0146 F0003 G0003 H0107 H0288 H0298 J0003 K0003 M0001 N0001 P0024 R0212 R0497 Z0112,BEDCA,1.000000
709,Queso peñamellera,"Cheese, ""peñamellera"" type",A0313 A0452 A0626 A0720 A0724 A0776 B2247 C0245 E0146 F0018 G0003 H0107 H0289 H0298 J0003 K0003 M0001 N0001 P0024 R0212 R0497 Z0073 Z0112,BEDCA,1.000000
710,Queso servilleta,"Cheese, ""servilleta"" type",A0185 A0452 A0626 A0720 A0724 A0776 A0786 B2101 C0245 E0146 F0003 G0003 H0107 H0298 J0131 K0003 M0001 N0001 P0024 R0212 R0497 Z0112,BEDCA,1.000000
711,Queso grazalema,"Cheese, ""grazalema"" type",A0312 A0452 A0626 A0720 A0724 A0776 B2101 C0245 E0146 F0003 G0003 H0107 H0290 H0298 J0003 K0003 M0001 N0001 P0024 R0212 R0497 Z0112,BEDCA,1.000000
712,Queso porrúa,"Cheese, ""porrúa"" type",A0313 A0452 A0626 A0720 A0724 A0776 B2245 C0245 E0146 F0003 G0003 H0107 H0290 H0298 J0131 K0003 M0001 N0001 P0024 R0212 Z0112,BEDCA,1.000000
713,Queso picón,"Cheese, ""picón"" type",A0185 A0452 A0626 A0720 A0724 A0776 A0786 B2247 C0245 E0146 F0003 G0003 H0107 H0288 H0298 J0131 K0003 M0001 N0001 P0024 R0212 R0497 Z0073 Z0112,BEDCA,1.000000
714,Queso serrat,"Cheese, ""serrat"" type",A0311 A0452 A0626 A0720 A0724 A0776 B1183 C0245 E0146 F0018 G0003 H0107 H0291 H0298 J0003 K0003 M0001 N0001 P0024 R0212 R0497 Z0112,BEDCA,1.000000
715,Queso Castellano,"Cheese, ""castellano"" type",A0312 A0452 A0626 A0720 A0724 A0776 B1183 C0245 E0146 F0018 G0003 H0107 H0291 H0298 J0003 K0003 M0001 N0001 P0024 R0212 R0497 Z0112 Z0147,BEDCA,0.700000
716,Queso de arzúa,"Cheese, ""arzúa"" type",A0313 A0452 A0626 A0720 A0724 A0776 B1201 C0245 E0146 F0018 G0003 H0107 H0289 H0298 J0131 K0003 M0001 N0001 P0024 R0212 R0497 Z0112,BEDCA,1.000000
717,Queso Ibores,"Cheese, ""ibores"" type",A0311 A0452 A0626 A0720 A0724 A0776 B1328 C0245 E0146 F0018 G0003 H0107 H0291 H0298 J0003 K0003 M0001 N0001 P0024 R0212 R0497 Z0112,BEDCA,0.750000
718,Queso Mahón,"Cheese, ""mahón"" type",A0312 A0452 A0626 A0720 A0724 A0776 B1201 C0245 E0146 F0003 G0003 H0107 H0291 H0298 J0003 K0003 M0001 N0001 P0024 R0212 R0497 Z0112,BEDCA,0.190000
719,Queso Zamorano,"Cheese, ""zamorano"" type",A0312 A0452 A0626 A0720 A0724 A0776 B1183 C0245 E0146 F0003 G0003 H0107 H0293 H0298 J0003 K0003 M0001 N0001 P0024 R0212 R0497 Z0112,BEDCA,0.360000
720,Queso torta del casar,"Cheese, ""torta del casar"" type",A0313 A0452 A0626 A0720 A0724 A0776 A0786 B1183 C0245 E0146 F0018 G0003 H0107 H0291 H0298 J0003 K0003 M0001 N0001 P0024 R0212 R0497 Z0073 Z0112,BEDCA,0.650000
721,Queso San Simón,"Cheese, ""san simón"" type",A0312 A0313 A0452 A0626 A0720 A0724 A0776 B1201 C0245 E0146 F0003 G0003 H0107 H0291 H0298 J0106 K0003 M0001 N0001 P0024 R0212 R0497 Z0112,BEDCA,0.480000
722,Queso majorero,"Cheese, ""majorero"" type",A0312 A0452 A0626 A0720 A0724 A0776 B1328 C0245 E0146 F0003 G0003 H0107 H0289 H0298 J0003 K0003 M0001 N0001 P0024 R0212 R0497 Z0112,BEDCA,0.600000
723,Queso Raclette,Raclette cheese,A0312 A0313 A0452 A0626 A0720 A0724 A0776 B1201 C0245 E0105 F0018 G0003 H0107 H0253 H0298 J0131 K0003 M0001 N0001 P0024 R0212 R0497 Z0112 Z0147,BEDCA,0.600000
730,"Berenjena, frita, en aceite de girasol","Aubergine, fried, in sunflowerseed oil",A0152 A0455 A0629 A0677 A0705 A0731 A0828 B1458 C0138 E0141 F0023 G0029 H0319 H0347 H0367 J0003 K0003 N0001 P0024 R0212 R0497 Z0110 Z0205,BEDCA,1.000000
731,"Boniato, crudo","Sweet potato, raw",A0152 A0455 A0629 A0681 A0706 A0731 A0829 B1106 C0239 E0150 F0003 G0003 H0001 J0001 K0001 M0001 N0001 P0024 R0212 R0497 Z0205 Z0215,BEDCA,0.790000
732,"Berro, crudo","Watercress, raw",A0152 A0455 A0629 A0650 A0705 A0731 A0826 B1492 C0200 E0150 F0003 G0003 H0001 J0001 K0001 M0001 N0001 P0024 R0212 R0497 Z0205 Z0215,BEDCA,0.670000
733,"Achicoria, cruda","Chicory, raw",A0152 A0455 A0629 A0678 A0705 A0731 A0826 B1552 C0200 E0150 F0003 G0003 H0003 J0001 K0001 M0001 N0001 P0024 R0212 R0497 Z0112 Z0205,BEDCA,1.000000
735,"Anguila, al horno","European eel, baked",A0267 A0460 A0634 A0717 A0727 A0747 A0804 B2706 C0173 E0150 F0014 G0005 H0151 H0341 H0349 H0367 J0003 K0003 M0182 N0042 P0024 R0212 R0497 Z0062 Z0109,BEDCA,0.750000
736,"Anguila, cruda","European eel, raw",A0267 A0460 A0634 A0717 A0727 A0747 A0801 B2706 C0173 E0150 F0003 G0003 H0001 J0003 K0003 M0001 N0001 P0024 R0212 R0497 Z0062 Z0215,BEDCA,0.770000
737,"Anguila, hervida","Europan eel, boiled",A0267 A0460 A0634 A0717 A0727 A0747 A0801 B2706 C0173 E0150 F0014 G0014 H0148 H0151 H0341 H0349 H0367 J0003 K0003 M0182 N0042 P0024 R0212 R0497 Z0062 Z0109,BEDCA,0.800000
739,"Apio, en conserva en salmuera","Celery, canned, in brine",A0271 A0455 A0629 A0682 A0705 A0731 A0826 B1282 C0101 E0151 F0014 G0003 H0148 H0190 J0123 J0137 K0018 M0001 N0001 P0024 R0212 R0497 Z0112 Z0205,BEDCA,1.000000
740,"Arenque, ahumado","Herring, smoked",A0267 A0460 A0634 A0664 A0717 A0727 A0802 B1586 C0268 E0122 F0001 G0003 H0118 H0227 H0367 J0106 K0027 M0190 M0199 N0036 N0042 P0024 R0212 R0495 Z0062 Z0112,BEDCA,0.610000
741,"Arenque, salado","Herring, salted",A0267 A0460 A0634 A0664 A0717 A0727 A0802 B1586 C0268 E0122 F0001 G0003 H0173 H0227 J0103 K0027 M0190 M0199 N0036 N0042 P0024 R0212 R0495 Z0062 Z0112,BEDCA,0.590000
742,"Atún, al horno","Tuna, baked",A0267 A0460 A0634 A0664 A0717 A0727 A0804 B1269 C0265 E0122 F0014 G0005 H0151 H0341 H0367 J0003 K0003 M0182 N0042 P0024 R0212 R0495 Z0058 Z0109,BEDCA,0.540000
745,"Bacalao, ahumado","Cod, smoked",A0267 A0460 A0634 A0664 A0717 A0727 A0802 B1842 C0268 E0145 F0014 G0004 H0172 H0227 H0367 J0106 K0027 M0190 M0199 N0036 N0042 P0024 R0212 R0497 Z0056 Z0112,BEDCA,0.990000
746,Aceite de algodón,Cotton oil,A0453 A0700 A0728 A0764 A0806 B1210 C0190 E0139 F0001 G0003 H0197 H0206 J0001 K0003 M0001 N0001 P0024 R0001 Z0112 Z0205,BEDCA,1.000000
747,Aceite de cacahuete,Peanut oil,A0129 A0453 A0627 A0700 A0728 A0764 A0806 B1337 C0190 E0139 F0001 G0003 H0197 H0206 J0003 K0003 M0194 N0001 P0024 R0001 Z0112 Z0205,BEDCA,1.000000
748,Aceite de coco,Coconut oil,A0129 A0453 A0627 A0700 A0728 A0764 A0806 B1536 C0190 E0119 F0014 G0003 H0197 H0206 J0003 K0003 M0001 N0001 P0024 R0001 Z0112 Z0205,BEDCA,1.000000
749,Aceite de germen de trigo,Wheat germ oil,A0129 A0453 A0627 A0700 A0728 A0764 A0806 B1312 C0190 E0139 F0014 G0003 H0197 H0206 J0003 K0003 M0001 N0001 P0024 R0212 Z0112 Z0205,BEDCA,1.000000
750,Aceite de nuez,Walnut oil,A0129 A0453 A0627 A0700 A0728 A0764 A0806 B1290 C0190 E0139 F0014 G0003 H0197 H0206 J0003 K0003 M0001 N0001 P0024 R0001 Z0112 Z0205,BEDCA,1.000000
751,Aceite de palma,Palm oil,A0129 A0453 A0627 A0700 A0728 A0764 A0806 B1286 C0190 E0119 F0014 G0003 H0197 H0206 J0003 K0003 M0001 N0001 P0024 R0001 Z0112 Z0205,BEDCA,1.000000
752,Aceite de sésamo,Sesame oil,A0129 A0453 A0627 A0700 A0728 A0764 A0806 B1226 C0190 E0139 F0001 G0003 H0197 H0206 J0001 K0003 M0001 N0001 P0024 R0001 Z0112 Z0205,BEDCA,1.000000
753,Aceite de colza,Rape oil,A0129 A0453 A0627 A0700 A0728 A0764 A0806 B1248 C0190 E0139 F0014 G0003 H0197 H0206 J0001 K0003 M0001 N0001 P0024 R0212 Z0112 Z0205,BEDCA,1.000000
754,Aceite de grano de uva,Grape seed oil,A0129 A0453 A0627 A0700 A0728 A0764 A0806 B1329 C0190 E0139 F0001 G0003 H0197 H0206 J0003 K0003 M0001 N0001 P0024 R0001 Z0112 Z0205,BEDCA,1.000000
755,Aceite de hígado de bacalao,Cod liver oil,A0129 A0453 A0627 A0700 A0728 A0764 A0811 B1842 C0190 E0139 F0018 G0003 H0206 J0003 K0003 M0194 N0001 P0024 R0001 Z0112 Z0205,BEDCA,1.000000
756,Mantequilla salada,Butter with salt,A0148 A0702 A0724 A0776 A0778 B1201 C0179 E0119 F0018 G0003 H0173 J0135 K0003 M0001 N0001 P0024 R0212 R0497 Z0112,BEDCA,1.000000
757,"Huevo de codorniz, entero, crudo","Egg, quail, whole, raw",A0261 A0461 A0635 A0718 A0725 A0744 A0790 B1346 C0225 E0150 F0003 G0003 H0003 J0001 K0003 M0001 N0001 P0024 R0212 R0497 Z0112,BEDCA,0.900000
758,"Huevo de gallina, escalfado","Egg, chicken, whole, poached",A0261 A0461 A0635 A0718 A0725 A0744 A0792 B1713 C0225 E0147 F0014 G0020 H0003 J0001 K0003 M0001 N0001 P0024 R0212 R0497 Z0112,BEDCA,1.000000
759,"Huevo de gallina, frito","Egg, chicken, whole, fried",A0261 A0461 A0635 A0718 A0725 A0744 A0792 B1713 C0225 E0140 F0014 G0029 H0001 J0001 K0003 M0001 N0001 P0024 R0212 R0497 Z0112,BEDCA,1.000000
760,"Huevo de gallina, pasado por agua","Egg, chicken, whole, boiled",A0261 A0461 A0635 A0718 A0725 A0744 A0792 B1713 C0225 E0139 F0014 G0014 H0003 J0131 K0003 M0001 N0001 P0024 R0212 R0497 Z0112,BEDCA,1.000000
761,"Huevo de gallina, revuelto, con mantequilla","Egg, scrambled, with butter",A0261 A0461 A0635 A0718 A0725 A0744 A0792 B1713 C0194 E0134 F0014 G0026 H0271 J0001 K0003 M0001 N0001 P0024 R0212 R0497 Z0112,BEDCA,1.000000
762,"Huevo de gallina, yema, desecada","Egg, chicken, yolk, dried",A0261 A0461 A0635 A0718 A0725 A0744 A0790 B1713 C0215 E0117 F0018 G0003 H0138 J0116 K0003 M0001 N0001 P0024 R0212 R0497 Z0112,BEDCA,1.000000
763,"Huevo de pavo, entero, crudo","Egg, turkey, whole, raw",A0261 A0461 A0635 A0718 A0725 A0744 A0791 B1236 C0225 E0150 F0003 G0003 H0003 J0001 K0003 M0001 N0001 P0024 R0212 R0497 Z0112,BEDCA,0.890000
764,"Huevo de pato, crudo","Egg, duck, whole, raw",A0261 A0461 A0635 A0718 A0725 A0744 A0791 B1316 C0225 E0150 F0003 G0003 H0003 J0001 K0003 M0001 N0001 P0024 R0212 R0497 Z0112,BEDCA,1.000000
766,"Barra chocolate, tipo ""bounty""","Chocolate bar, type ""bounty""",A0288 A0456 A0630 A0699 A0733 A0768 A0835 B1012 C0108 E0105 F0014 G0003 H0100 H0177 H0205 H0231 J0003 K0003 M0001 N0001 P0024 R0212 R0497 Z0112 Z0205,BEDCA,1.000000
767,Barrita cereales maíz y trigo,"Cereal bar, with corn and wheat",A0106 A0457 A0631 A0696 A0729 A0759 A0812 B1347 C0001 E0140 F0014 G0004 H0136 H0138 H0152 H0221 H0227 H0319 H0320 J0116 K0003 M0118 N0042 P0024 R0212 R0497 Z0112 Z0205,BEDCA,1.000000
768,Barrita cereales trigo y chocolate,"Cereal bar, with wheat and chocolate",A0106 A0457 A0631 A0696 A0729 A0759 A0812 B1347 C0001 E0140 F0014 G0004 H0136 H0138 H0152 H0221 H0227 H0231 H0319 J0116 K0003 M0118 N0042 P0024 R0212 R0497 Z0112 Z0205,BEDCA,1.000000
769,"Barra de chocolate, tipo ""Mars""","Chocolate bar, type ""mars""",A0288 A0456 A0630 A0699 A0733 A0768 A0835 B1012 C0108 E0105 F0014 G0003 H0100 H0205 H0231 J0003 K0003 M0001 N0001 P0024 R0212 R0497 Z0112 Z0205,BEDCA,1.000000
770,"Barra de chocolate, tipo ""Kit-kat""","Chocolate bar, type ""kit kat""",A0288 A0456 A0630 A0699 A0733 A0768 A0835 B1012 C0108 E0105 F0014 G0003 H0152 H0221 H0231 H0355 J0003 K0003 M0001 N0001 P0024 R0212 R0497 Z0112 Z0205,BEDCA,1.000000
771,Mermelada de albaricoque,"Marmalade, apricot",A0251 A0467 A0629 A0663 A0722 A0732 A0837 B1529 C0137 E0134 F0014 G0003 H0136 J0001 K0003 M0001 N0001 P0024 R0212 R0497 Z0112,BEDCA,1.000000
772,Mermelada de ciruela,"Marmalade, plum",A0251 A0467 A0629 A0663 A0722 A0732 A0837 B1206 C0137 E0134 F0014 G0003 H0136 J0001 K0003 M0001 N0001 P0024 R0212 R0497 Z0112,BEDCA,1.000000
773,Mermelada de grosella roja,"Marmalade, red currant",A0251 A0467 A0629 A0663 A0722 A0732 A0837 B1055 C0137 E0134 F0014 G0003 H0136 J0001 K0003 M0001 N0001 P0024 R0212 R0497 Z0112,BEDCA,1.000000
774,Mermelada de mora,"Marmalade, blackberry",A0251 A0467 A0629 A0663 A0722 A0732 A0837 B1407 C0137 E0134 F0014 G0003 H0136 J0001 K0003 M0001 N0001 P0024 R0212 R0497 Z0112,BEDCA,1.000000
775,Mermelada de naranja,"Marmalade, orange",A0251 A0467 A0629 A0663 A0722 A0732 A0837 B1339 C0137 E0134 F0014 G0003 H0136 J0001 K0003 M0001 N0001 P0024 R0212 R0497 Z0112,BEDCA,1.000000
776,Chocolate con leche y almendras,Chocolate with milk and almonds,A0272 A0456 A0630 A0663 A0699 A0733 A0839 B1012 C0210 E0140 F0014 G0003 H0177 H0184 H0231 J0003 K0003 M0001 N0001 P0024 R0212 R0497 Z0112,BEDCA,1.000000
777,Chocolate con leche y arroz,Chocolate with milk and rice,A0272 A0456 A0630 A0663 A0699 A0733 A0839 B1012 C0210 E0140 F0014 G0003 H0184 H0231 H0321 J0003 K0003 M0001 N0001 P0024 R0212 R0497 Z0112,BEDCA,1.000000
778,Chocolate con nueces de macadamia,Chocolate with macadamian nuts,A0272 A0456 A0630 A0663 A0699 A0733 A0839 B1012 C0210 E0140 F0014 G0003 H0177 H0231 J0003 K0003 M0001 N0001 P0024 R0212 R0497 Z0112,BEDCA,1.000000
779,"Tortilla, a la francesa",French ommelette,A0284 A0461 A0635 A0718 A0725 A0744 A0792 B1713 C0225 E0140 F0014 G0026 H0263 J0001 K0003 M0001 N0001 P0024 R0212 R0497 Z0110,BEDCA,1.000000
780,"Azúcar, moreno","Sugar, brown",A0118 A0462 A0636 A0662 A0697 A0733 A0836 B1012 C0210 E0143 F0014 G0003 H0138 J0116 K0003 M0001 N0001 P0024 R0212 R0497 Z0112 Z0205,BEDCA,1.000000
781,"Chocolate negro, con almendras","Chocolate, bitter, with almonds",A0272 A0456 A0630 A0663 A0699 A0733 A0839 B1318 C0208 E0140 F0014 G0003 H0158 H0177 J0003 K0003 M0001 N0001 P0024 R0212 R0497 Z0112,BEDCA,1.000000
782,"Chocolate negro, con azúcar","Chocolate bitter, with sugar",A0272 A0456 A0630 A0663 A0699 A0733 A0839 B1318 C0208 E0140 F0014 G0003 H0158 J0003 K0003 M0001 N0001 P0024 R0212 R0497 Z0112,BEDCA,1.000000
783,Crema de chocolate con avellanas,Chocolate paste with hazelnuts,A0272 A0630 A0663 A0733 A0839 B1012 C0210 E0119 F0014 G0003 H0177 H0184 H0227 H0231 H0263 J0146 K0003 M0001 N0001 P0024 R0212 R0497 Z0112,BEDCA,1.000000
784,Crema inglesa,English custard,A0285 A0452 A0626 A0721 A0724 A0774 A0864 B1201 C0195 E0119 F0014 G0014 H0158 H0184 H0185 H0229 J0131 K0003 M0001 N0001 P0024 R0212 R0497 Z0119,BEDCA,1.000000
785,"Turrón, tipo Alicante","Nougat, ""alicante"" type",A0188 A0456 A0630 A0663 A0722 A0735 A0852 B1272 C0136 E0151 F0014 G0003 H0149 H0158 J0001 K0003 M0001 N0001 P0024 R0212 R0497 Z0112,BEDCA,1.000000
786,Fructosa,Fructose,A0118 A0636 A0723 A0736 A0869 B1012 C0223 E0106 F0001 G0003 H0001 J0001 K0003 M0001 N0001 P0024 R0212 R0497 Z0112,BEDCA,1.000000
787,Crema pastelera,Custard,A0285 A0452 A0626 A0721 A0724 A0774 A0864 B1201 C0195 E0119 F0014 G0014 H0146 H0158 H0184 H0185 H0229 J0131 K0003 M0001 N0001 P0024 R0212 R0497 Z0112,BEDCA,1.000000
788,"Chocolate, negro","Chocolate, bitter",A0272 A0456 A0630 A0662 A0699 A0733 A0839 B1318 C0208 E0140 F0014 G0003 H0003 J0003 K0003 M0001 N0001 P0024 R0212 R0497 Z0112,BEDCA,1.000000
789,Aperitivos de trigo,Wheat appetizer,A0228 A0457 A0631 A0722 A0729 A0768 A0866 B1312 C0203 E0140 F0014 G0025 H0227 H0263 H0367 J0001 K0001 M0144 M0197 N0001 P0024 R0212 R0497 Z0112 Z0205,BEDCA,1.000000
790,Alioli,"Garlic mayonnaise, oil unspecified",A0292 A0463 A0637 A0722 A0735 A0760 A0859 B1547 C0167 E0119 F0014 G0001 H0100 H0148 H0185 H0200 H0212 H0228 H0347 H0367 J0123 K0003 M0184 M0194 N0001 P0024 R0212 R0497 Z0109 Z0205,BEDCA,1.000000
791,Zumo de uva y melocotón,Grape and peach juice,A0130 A0455 A0629 A0708 A0732 A0766 A0841 B1329 C0140 E0123 F0014 G0003 H0136 H0148 H0362 J0123 K0003 M0194 N0001 P0024 R0212 R0497 Z0112 Z0205,BEDCA,1.000000
792,Caldo vegetal,Vegetable stock,A0133 A0466 A0640 A0663 A0722 A0735 A0856 B1013 C0228 E0143 F0001 G0001 H0151 H0212 H0263 H0367 J0001 K0003 M0159 M0194 M0213 N0001 P0024 R0212 R0497 Z0112,BEDCA,1.000000
793,"Chile, rojo","Chili pepper, red",A0133 A0466 A0640 A0677 A0705 A0731 A0826 B1250 C0167 E0151 F0001 G0001 H0001 J0001 K0003 M0001 N0001 P0024 R0212 R0497 Z0052 Z0112,BEDCA,1.000000
794,"Chile, verde","Chili pepper, green",A0133 A0455 A0629 A0677 A0705 A0731 A0826 B1250 C0167 E0151 F0001 G0001 H0001 J0001 K0003 M0001 N0001 P0024 R0212 R0497 Z0051 Z0112,BEDCA,1.000000
795,"Bacalao, fresco, al horno","Cod, fresh, baked",A0267 A0460 A0634 A0717 A0727 A0747 A0804 B1842 C0266 E0122 F0014 G0005 H0229 H0341 H0367 J0003 K0003 M0151 N0041 P0024 R0212 R0495 Z0056 Z0109,BEDCA,0.790000
797,"Bacalao, salado, remojado, crudo","Cod, salted, steeped, raw",A0267 A0460 A0634 A0717 A0727 A0747 A0802 B1842 C0268 E0152 F0003 G0036 H0148 H0173 J0103 K0017 M0001 N0001 P0024 R0212 R0495 Z0056 Z0112,BEDCA,1.000000
798,"Bígaro, hervido","Periwinkle, boiled",A0267 A0460 A0634 A0717 A0727 A0752 A0801 B2925 C0243 E0150 F0014 G0014 H0367 J0003 K0003 M0003 N0003 P0024 R0212 R0495 Z0062 Z0112,BEDCA,0.840000
799,"Bogavante, hervido","Lobster, boiled",A0267 A0460 A0634 A0717 A0727 A0750 A0801 B1505 C0265 E0150 F0014 G0014 H0367 J0001 K0003 M0003 N0001 P0024 R0212 R0495 Z0062 Z0112,BEDCA,0.600000
800,"Bonito del norte, al vapor","Albacore, steamed",A0267 A0460 A0634 A0717 A0727 A0747 A0804 B1792 C0265 E0152 F0014 G0015 H0151 H0212 H0341 H0367 J0003 K0003 M0165 N0042 P0024 R0212 R0495 Z0058 Z0109,BEDCA,1.000000
801,"Bonito del norte, enlatado en aceite de soja","Albacore, canned, soybean oil",A0267 A0460 A0634 A0717 A0727 A0747 A0802 B1792 C0267 E0125 F0014 G0001 H0342 H0367 J0123 K0021 M0175 M0204 N0042 P0024 R0212 R0495 Z0058 Z0112,BEDCA,1.000000
802,"Bonito, enlatado en aceite, escurrido","Albacore, canned in oil, drained",A0267 A0460 A0634 A0717 A0727 A0747 A0802 B1792 C0268 E0122 F0014 G0001 H0200 H0229 H0341 H0367 J0123 K0040 M0175 M0204 N0042 P0024 R0212 R0495 Z0058 Z0112,BEDCA,1.000000
803,"Breca, cruda","Pandora, raw",A0267 A0460 A0634 A0717 A0727 A0747 A0802 B2871 C0265 E0150 F0003 G0003 H0001 J0001 K0003 M0001 N0001 P0024 R0212 R0497 Z0062 Z0215,BEDCA,1.000000
804,"Caballa, al horno","Mackerel, baked",A0267 A0460 A0634 A0717 A0727 A0747 A0804 B1571 C0268 E0131 F0014 G0005 H0151 H0200 H0212 H0341 H0367 J0003 K0003 M0182 N0042 P0024 R0212 R0497 Z0062 Z0109,BEDCA,1.000000
805,"Caballa, enlatada en aceite, escurrida","Mackerel, canned in oil, drained",A0267 A0460 A0634 A0667 A0717 A0727 A0802 B1571 C0125 E0152 F0014 G0001 H0200 H0227 H0263 H0367 J0123 K0040 M0175 M0204 N0042 P0024 R0212 R0497 Z0062 Z0112,BEDCA,1.000000
806,"Cabracho o rascacio, crudo","Red rockfish, raw",A0267 A0460 A0634 A0717 A0727 A0747 A0802 B2900 C0265 E0150 F0003 G0003 H0001 J0001 K0003 M0001 N0001 P0024 R0212 R0495 Z0059 Z0112,BEDCA,0.990000
807,"Calamar, crudo","Squid, raw",A0156 A0460 A0634 A0717 A0727 A0752 A0802 B1205 C0268 E0151 F0003 G0003 H0001 J0136 K0001 M0001 N0001 P0024 R0212 R0497 Z0056 Z0112,BEDCA,0.700000
810,"Cangrejo, en conserva","Crayfish, canned",A0267 A0460 A0634 A0717 A0727 A0750 A0801 B2686 C0268 E0152 F0014 G0001 H0001 J0123 K0011 M0001 N0023 P0024 R0212 R0497 Z0062 Z0112,BEDCA,1.000000
811,"Carpa, al horno","Carp, baked",A0267 A0460 A0634 A0717 A0727 A0745 A0804 B1228 C0265 E0150 F0014 G0005 H0151 H0212 H0341 H0349 J0003 K0003 M0274 N0001 P0024 R0212 R0497 Z0062 Z0109,BEDCA,0.900000
812,"Carpa, cruda","Carp, raw",A0267 A0460 A0634 A0717 A0727 A0745 A0802 B1228 C0173 E0150 F0003 G0003 H0003 J0001 K0001 M0001 N0001 P0024 R0212 R0497 Z0062 Z0112,BEDCA,0.710000
815,"Dorada, cruda","Gilt-head bream, raw",A0267 A0460 A0634 A0717 A0727 A0747 A0802 B2388 C0243 E0150 F0003 G0003 H0003 J0001 K0003 M0001 N0001 P0024 R0212 R0497 Z0062 Z0215,BEDCA,0.700000
816,"Gamba quisquilla, congelada","Shrimp, frozen, raw",A0267 A0460 A0634 A0717 A0727 A0771 A0801 B1237 C0173 E0131 F0003 G0003 H0001 J0136 K0001 M0001 N0001 P0024 R0212 R0497 Z0062 Z0112,BEDCA,1.000000
817,"Gamba roja, cruda","Red shrimp, frozen, peeled, raw",A0267 A0460 A0634 A0717 A0727 A0771 A0801 B2614 C0268 E0151 F0003 G0003 H0003 J0136 K0003 M0001 N0001 P0024 R0212 R0497 Z0062 Z0112,BEDCA,0.470000
818,"Jurel, crudo","Horse mackerel, raw",A0267 A0460 A0634 A0717 A0727 A0747 A0802 B1166 C0265 E0150 F0003 G0003 H0001 J0001 K0003 M0001 N0001 P0024 R0212 R0497 Z0062 Z0112 Z0215,BEDCA,0.710000
820,"Lenguado, al horno","Sole, baked",A0267 A0460 A0634 A0717 A0727 A0747 A0804 B1878 C0266 E0151 F0014 G0005 H0212 H0229 H0341 H0367 J0003 K0003 M0182 N0042 P0024 R0212 R0497 Z0056 Z0110,BEDCA,0.650000
821,"Lija, cruda","Dogfish, raw",A0267 A0460 A0634 A0717 A0727 A0747 A0802 B1911 C0265 E0150 F0003 G0003 H0001 J0001 K0003 M0001 N0001 P0024 R0212 R0497 Z0062 Z0215,BEDCA,1.000000
822,"Lucio, al horno","Pike, baked",A0267 A0460 A0634 A0717 A0727 A0745 A0804 B1293 C0265 E0150 F0014 G0005 H0229 H0341 H0367 J0003 K0003 M0176 N0043 P0024 R0212 R0497 Z0062 Z0109,BEDCA,0.650000
823,"Mejillón, en conserva, al natural","Mussel, canned in brine",A0267 A0460 A0634 A0667 A0717 A0727 A0801 B1223 C0173 E0150 F0014 G0001 H0148 H0367 J0123 K0017 M0204 M0292 N0042 P0024 R0212 R0497 Z0062 Z0112,BEDCA,1.000000
824,"Mejillón, hervido","Mussel, boiled",A0267 A0460 A0634 A0717 A0727 A0752 A0804 B1223 C0173 E0150 F0014 G0014 H0148 H0362 H0367 J0003 K0003 M0165 N0042 P0024 R0212 R0497 Z0062 Z0110,BEDCA,0.200000
825,"Merluza, congelada, cruda","Hake, frozen, raw",A0267 A0460 A0634 A0717 A0727 A0747 A0802 B1840 C0265 E0131 F0003 G0003 H0003 J0136 K0003 M0001 N0001 P0024 R0212 R0497 Z0056 Z0112 Z0215,BEDCA,0.700000
826,"Mero, crudo","Grouper, raw",A0267 A0460 A0634 A0717 A0727 A0747 A0802 B1496 C0265 E0150 F0003 G0003 H0001 J0001 K0003 M0001 N0001 P0024 R0212 R0497 Z0056 Z0215,BEDCA,0.570000
827,"Mújol, al horno","Thicklip grey mullet, baked",A0267 A0460 A0634 A0717 A0727 A0747 A0804 B1783 C0268 E0131 F0014 G0005 H0212 H0229 H0341 H0367 J0003 K0003 M0182 N0042 P0024 R0212 R0497 Z0062 Z0109,BEDCA,0.520000
828,"Mújol, crudo","Thicklip grey mullet, raw",A0267 A0460 A0634 A0717 A0727 A0747 A0801 B1783 C0265 E0150 F0003 G0003 H0001 J0001 K0003 M0001 N0001 P0024 R0212 R0497 Z0062 Z0112 Z0215,BEDCA,0.490000
829,"Ostra, cruda","Oyster, raw",A0267 A0460 A0634 A0717 A0727 A0752 A0801 B1224 C0173 E0150 F0003 G0003 H0003 J0001 K0003 M0001 N0001 P0024 R0212 R0497 Z0061 Z0112,BEDCA,0.150000
830,"Palometa, cruda","Derbio, frozen, raw",A0267 A0460 A0634 A0717 A0727 A0747 A0802 B2490 C0265 E0150 F0003 G0003 H0001 J0001 K0003 M0001 N0001 P0024 R0212 R0497 Z0061 Z0112,BEDCA,0.600000
831,"Perca, al horno","Perch, baked",A0267 A0460 A0634 A0717 A0727 A0745 A0804 B1557 C0265 E0150 F0014 G0005 H0212 H0229 H0341 H0367 J0003 K0003 M0182 N0042 P0024 R0212 R0497 Z0061 Z0109,BEDCA,0.610000
832,"Perca, cruda","Perch, raw",A0267 A0460 A0634 A0717 A0727 A0745 A0802 B1557 C0265 E0150 F0003 G0003 H0001 J0001 K0003 M0001 N0001 P0024 R0212 R0497 Z0061 Z0215,BEDCA,1.000000
834,"Pescadilla, rebozada en harina, frita","Whiting, coated in batter, fried",A0267 A0460 A0634 A0717 A0727 A0747 A0804 B1840 C0265 E0152 F0014 G0029 H0186 H0319 H0341 H0367 J0003 K0003 M0151 N0041 P0024 R0212 R0497 Z0056 Z0109,BEDCA,0.850000
835,"Pez espada, crudo","Swordfish, raw",A0267 A0460 A0634 A0717 A0727 A0747 A0802 B1427 C0267 E0122 F0003 G0003 H0003 J0001 K0003 M0001 N0001 P0024 R0212 R0497 Z0062 Z0112,BEDCA,0.940000
836,"Platija, al vapor","Wide-eyed flounder, steamed",A0267 A0460 A0634 A0717 A0727 A0747 A0804 B1861 C0267 E0131 F0014 G0021 G0022 H0148 H0212 H0229 H0341 H0367 J0003 K0017 M0151 N0041 P0024 R0212 R0497 Z0061 Z0109,BEDCA,0.800000
837,"Platija, cruda","Wide-eyed flounder, raw",A0267 A0460 A0634 A0717 A0727 A0747 A0802 B1861 C0265 E0150 F0003 G0003 H0001 J0001 K0003 M0001 N0001 P0024 R0212 R0497 Z0061 Z0215,BEDCA,1.000000
838,"Rape, a la parrilla","Monkfish, grilled",A0267 A0460 A0634 A0717 A0727 A0747 A0804 B2401 C0268 E0152 F0014 G0006 H0151 H0212 H0341 H0367 J0003 K0003 M0001 N0041 P0024 R0212 R0497 Z0056 Z0110,BEDCA,0.730000
839,"Salema, cruda","Salema, raw",A0267 A0460 A0634 A0717 A0727 A0749 A0802 B1581 C0265 E0150 F0003 G0003 H0001 J0001 K0003 M0001 N0001 P0024 R0212 R0497 Z0061 Z0215,BEDCA,1.000000
843,"Tenca, cruda","Tench, raw",A0267 A0460 A0634 A0717 A0727 A0745 A0802 B1906 C0265 E0150 F0003 G0003 H0001 J0001 K0003 M0001 N0001 P0024 R0212 R0497 Z0061 Z0215,BEDCA,1.000000
844,"Trucha, ahumada","Trout, smoked",A0267 A0460 A0634 A0666 A0717 A0727 A0802 B1258 C0268 E0145 F0001 G0003 H0118 H0173 J0106 K0003 M0001 N0001 P0024 R0212 R0497 Z0060 Z0112,BEDCA,1.000000
846,"Vieja, cruda","Parrot fish, raw",A0267 A0460 A0634 A0717 A0727 A0747 A0802 B1581 C0265 E0150 F0003 G0003 H0001 J0001 K0003 M0001 N0001 P0024 R0212 R0497 Z0061 Z0215,BEDCA,1.000000
847,"Volador, crudo","Flying fish, raw",A0267 A0460 A0634 A0717 A0727 A0752 A0802 B2116 C0173 E0150 F0003 G0003 H0003 J0003 K0003 M0001 N0001 P0024 R0212 R0497 Z0061 Z0215,BEDCA,0.700000
849,"Soja, germinada, en conserva","Soybean, sprouts, canned",A0152 A0455 A0629 A0663 A0704 A0730 A0831 B1452 C0183 E0131 F0014 G0001 H0148 H0367 J0123 K0017 M0001 N0001 P0024 R0212 R0497 Z0052 Z0112,BEDCA,1.000000
850,"Cebollino, crudo","Chive, raw",A0152 A0455 A0629 A0682 A0705 A0731 A0826 B1478 C0150 E0150 F0003 G0003 H0003 J0001 K0003 M0001 N0001 P0024 R0212 R0497 Z0112 Z0205,BEDCA,1.000000
852,"Col rizada, cruda","Savoy cabbage, raw",A0152 A0455 A0629 A0675 A0705 A0731 A0826 B2415 C0151 E0150 F0003 G0003 H0003 J0001 K0001 M0001 N0001 P0024 R0212 R0497 Z0112 Z0205 Z0215,BEDCA,1.000000
855,"Salsa vinagreta, con aceite de oliva","Vinaigrette sauce, with olive oil",A0286 A0463 A0637 A0663 A0722 A0735 A0862 B1299 C0167 E0135 F0014 G0001 H0200 H0227 H0263 H0341 H0367 J0123 K0001 M0001 N0001 P0024 R0212 Z0215,BEDCA,1.000000
856,"Salsa siciliana, picante","Sicilian sauce, hot",A0286 A0463 A0637 A0663 A0722 A0735 A0862 B1276 C0137 E0119 F0014 G0001 H0153 H0212 H0227 H0263 H0367 J0123 K0001 M0001 N0001 P0024 R0212 R0497 Z0112 Z0205,BEDCA,1.000000
857,Salsa napolitana,Napolitana sauce,A0286 A0463 A0637 A0663 A0722 A0735 A0862 B1276 C0167 E0119 F0014 G0025 H0158 H0212 H0227 H0367 J0123 K0003 M0001 N0001 P0024 R0212 R0497 Z0112 Z0205,BEDCA,1.000000
858,Salsa carbonara,Carbonara sauce,A0286 A0463 A0637 A0667 A0722 A0735 A0862 B1201 C0195 E0119 F0014 G0001 H0143 H0185 H0191 H0227 H0263 H0296 H0349 H0367 J0123 K0001 M0001 N0001 P0024 R0212 Z0215,BEDCA,1.000000
859,"Coliflor, congelada, cruda","Cauliflower, frozen, raw",A0152 A0455 A0629 A0675 A0705 A0731 A0826 B1094 C0237 E0151 F0003 G0003 H0001 J0136 K0001 M0001 N0001 P0024 R0212 R0497 Z0112 Z0205 Z0215,BEDCA,1.000000
861,"Espinaca, picada, congelada, cruda","Spinach, frozen, raw",A0152 A0455 A0629 A0678 A0705 A0731 A0826 B1420 C0200 E0152 F0003 G0003 H0001 J0136 K0001 M0001 N0001 P0024 R0212 R0497 Z0112 Z0205,BEDCA,1.000000
865,Salsa al roquefort,Roquefort sauce,A0286 A0463 A0637 A0667 A0722 A0735 A0862 B1201 C0235 E0119 F0014 G0001 H0117 H0143 H0148 H0227 H0263 H0367 J0123 K0001 M0001 N0001 P0024 R0212 Z0215,BEDCA,1.000000
866,Sal de mar,Sea salt,A0134 A0463 A0637 A0662 A0722 A0735 A0853 B1655 C0005 E0143 F0001 G0003 H0189 H0368 J0001 K0003 M0172 N0001 P0024 R0212 R0497 Z0112,BEDCA,1.000000
870,"Patatas chips, ""lights""","Potato crips, low calorie",A0228 A0455 A0629 A0663 A0706 A0731 A0829 B1218 C0240 E0145 F0014 G0029 H0173 H0263 J0001 K0003 M0144 M0197 N0001 P0024 R0212 R0497 Z0112 Z0205,BEDCA,1.000000
871,"Palomitas de maíz, sin aceite, sin sal","Pop corn, without oil, without salt",A0125 A0457 A0631 A0662 A0722 A0729 A0812 B1454 C0133 E0131 F0014 G0009 H0138 J0116 K0003 M0001 N0001 P0024 R0212 R0497 Z0109 Z0205,BEDCA,1.000000
872,"Menta, fresca","Mint, fresh",A0300 A0455 A0629 A0688 A0705 A0731 A0857 B1267 C0200 E0150 F0003 G0003 H0003 J0001 K0003 M0001 N0001 P0024 R0212 R0497 Z0205 Z0215,BEDCA,1.000000
873,"Mayonesa, aceite de soja","Mayonnaise, soybean oil",A0136 A0463 A0637 A0722 A0735 A0765 A0859 B1452 C0307 E0119 F0014 G0001 H0146 H0148 H0157 H0185 H0200 H0229 H0367 J0123 K0003 M0132 M0215 N0040 N0042 P0024 R0212 R0497 Z0112,BEDCA,1.000000
874,"Mayonesa, aceite de oliva","Mayonnaise, olive oil, home-prepared",A0136 A0463 A0637 A0722 A0735 A0765 A0859 B1299 C0190 E0119 F0014 G0001 H0186 H0229 H0362 H0367 J0131 K0003 M0001 N0001 P0024 R0212 R0497 Z0109,BEDCA,1.000000
875,"Galletas saladas, con queso","Cookies, salted, with cheese",A0242 A0457 A0631 A0722 A0735 A0768 A0866 B1324 C0208 E0136 F0014 G0005 H0117 H0143 H0146 H0151 H0367 J0001 K0003 M0001 N0001 P0024 R0212 R0497 Z0112,BEDCA,1.000000
876,"Flan de huevo, bajo en calorías","Caramel custard cream, diet",A0219 A0461 A0635 A0667 A0722 A0725 A0790 B1201 C0005 E0119 F0014 G0001 H0108 H0148 H0150 H0184 H0186 J0123 K0001 M0172 N0001 P0024 R0212 R0497 Z0112,BEDCA,1.000000
877,Crema de vainilla y mousse de chocolate,Vanilla cream and chocolate mousse,A0123 A0467 A0641 A0722 A0733 A0776 A0782 B1201 C0235 E0119 F0014 G0003 H0146 H0148 H0158 H0184 H0228 H0231 J0123 K0003 M0188 N0001 P0024 R0212 R0497 Z0112,BEDCA,1.000000
878,"Judía verde, congelada, cruda","Green bean, frozen, raw",A0152 A0455 A0629 A0650 A0705 A0731 A0826 B1371 C0169 E0111 F0003 G0003 H0003 J0136 K0001 M0001 N0001 P0024 R0212 R0497 Z0112 Z0205,BEDCA,1.000000
879,"Maíz, en mazorca, congelado, crudo","Corn, on the cob, frozen, raw",A0125 A0457 A0631 A0683 A0696 A0729 A0812 B1232 C0101 E0131 F0003 G0003 H0001 J0136 K0001 M0001 N0001 R0212 R0497 Z0112 Z0205,BEDCA,0.700000
880,"Nabo, pelado, crudo","Turnip, peeled, raw",A0152 A0455 A0629 A0650 A0705 A0731 A0829 B1238 C0240 E0151 F0003 G0003 H0003 J0001 K0001 M0001 N0001 P0024 R0212 R0497 Z0112 Z0205,BEDCA,0.730000
881,"Níscalo, crudo","Milk cap, raw",A0152 A0455 A0629 A0650 A0705 A0731 A0826 B2740 C0258 E0150 F0003 G0003 H0003 J0001 K0001 M0001 N0001 P0024 R0212 R0497 Z0112 Z0205,BEDCA,0.550000
882,"Palmito, en conserva","Palm heart, canned",A0152 A0455 A0629 A0682 A0705 A0731 A0826 B1057 C0101 E0152 F0014 G0014 H0148 H0367 J0123 K0017 M0001 N0001 P0024 R0212 R0497 Z0112 Z0205,BEDCA,1.000000
883,"Patata, frita con aceite s/e, sin sal","Potato, fried in oil unspecified, without salt",A0152 A0455 A0629 A0681 A0706 A0731 A0830 B1218 C0240 E0107 F0014 G0029 H0263 J0001 K0001 M0001 N0001 P0024 R0212 R0497 Z0111 Z0205,BEDCA,1.000000
884,"Patata, salteada con aceite girasol","Potato, sauteed, with sunflowerseed oil",A0152 A0455 A0629 A0681 A0706 A0731 A0830 B1218 C0240 E0140 F0014 G0027 H0347 H0367 J0001 K0001 M0001 N0001 P0024 R0212 R0497 Z0109 Z0205,BEDCA,1.000000
886,"Puré de patata y queso, en copos","Mashed potato and cheese, flakes",A0152 A0467 A0641 A0663 A0722 A0735 A0829 B1218 C0240 E0122 F0001 G0003 H0138 H0143 H0186 H0227 H0367 J0116 K0001 M0001 N0001 P0024 R0212 R0497 Z0112 Z0205,BEDCA,1.000000
887,"Puré, de patata, con leche","Mashed potato with milk, flakes",A0152 A0467 A0641 A0663 A0722 A0735 A0829 B1218 C0240 E0122 F0001 G0003 H0138 H0184 H0212 H0227 J0116 K0001 M0001 N0001 P0024 R0212 R0497 Z0109 Z0112 Z0205,BEDCA,1.000000
888,"Puré de patata, con verduras, en copos","Mashed potato with vegetables, flakes",A0152 A0467 A0641 A0663 A0722 A0735 A0829 B1218 C0240 E0122 F0001 G0003 H0138 H0212 H0227 J0116 K0027 M0001 N0001 P0024 R0212 R0497 Z0112 Z0205,BEDCA,1.000000
891,"Tapioca, hervida","Tapioca, boiled",A0152 A0455 A0629 A0681 A0706 A0731 A0826 B1352 C0203 E0106 F0014 G0014 H0001 J0001 K0003 M0001 N0001 P0024 R0212 R0497 Z0052 Z0215,BEDCA,1.000000
892,"Tomate, maduro, puré","Tomato, ripe, puree",A0152 A0455 A0629 A0663 A0705 A0731 A0826 B1276 C0167 E0110 F0014 G0001 H0001 J0123 K0001 M0001 N0001 P0024 R0212 R0497 Z0052 Z0112,BEDCA,1.000000
893,Almidón de arroz,Rice starch,A0149 A0457 A0631 A0662 A0696 A0729 A0814 B1322 C0203 E0106 F0003 G0003 H0134 H0138 J0003 K0003 M0001 N0001 P0024 R0212 R0497 Z0205 Z0215,BEDCA,1.000000
894,"Trufa, cruda","Truffle, raw",A0152 A0455 A0629 A0650 A0705 A0731 A0826 B1387 C0296 E0150 F0003 G0003 H0003 J0001 K0001 M0001 N0001 P0024 R0212 Z0205 Z0215,BEDCA,1.000000
895,Almidón de trigo,Wheat starch,A0149 A0457 A0631 A0662 A0696 A0729 A0812 B1312 C0203 E0106 F0003 G0003 H0134 H0138 J0003 K0003 M0001 N0001 P0024 R0212 R0497 Z0205 Z0215,BEDCA,1.000000
896,"Almendra, cruda","Almond, raw",A0260 A0455 A0629 A0652 A0703 A0730 A0823 B1272 C0133 E0131 F0003 G0003 H0001 J0001 K0003 M0001 N0001 P0024 R0212 R0497 Z0205 Z0215,BEDCA,0.550000
897,"Almendra, frita, salada","Almond, fried, salted",A0260 A0455 A0629 A0652 A0703 A0730 A0823 B1272 C0133 E0151 F0014 G0025 H0173 H0263 J0001 K0001 M0001 N0001 P0024 R0212 R0497 Z0112 Z0205,BEDCA,1.000000
898,"Alubia blanca, en conserva","White bean, canned",A0152 A0455 A0629 A0679 A0704 A0730 A0831 B1567 C0133 E0150 F0014 G0014 H0148 H0367 J0123 K0017 M0194 N0001 P0024 R0212 R0497 Z0112 Z0205,BEDCA,1.000000
899,"Alubia blanca, seca, cruda","White bean, dried, raw",A0152 A0455 A0629 A0679 A0704 A0730 A0831 B1567 C0133 E0150 F0003 G0003 H0138 J0116 J0123 K0003 M0001 N0001 P0024 R0212 R0497 Z0052 Z0215,BEDCA,1.000000
900,"Alubia negra, seca, remojada, hervida","Pinto bean, dried, steeped, boiled",A0152 A0455 A0629 A0679 A0704 A0730 A0831 B1368 C0133 E0131 F0014 G0014 G0036 H0138 J0116 K0001 M0001 N0001 P0024 R0212 R0497 Z0052 Z0112,BEDCA,1.000000
901,Crema de coco,Coconut cream,A0148 A0467 A0641 A0722 A0724 A0776 A0782 B1201 C0235 E0119 F0014 G0014 H0147 H0158 H0184 H0185 J0131 K0003 M0273 N0040 P0024 R0212 R0497 Z0112,BEDCA,1.000000
902,"Crema de chocolate, baja en calorías","Chocolate cream, low calorie",A0272 A0467 A0641 A0663 A0722 A0733 A0839 B1318 C0001 E0119 F0014 G0003 H0157 H0158 H0184 H0227 H0231 H0248 J0123 K0003 M0187 M0194 N0036 P0024 R0212 R0497 Z0112,BEDCA,1.000000
903,Crema de chocolate y nata,Chocolate and cream pudding,A0272 A0467 A0641 A0663 A0722 A0733 A0839 B1318 C0001 E0119 F0014 G0003 H0158 H0165 H0184 H0231 H0247 H0296 J0123 K0003 M0187 M0194 N0036 P0024 R0212 R0497 Z0112,BEDCA,1.000000
904,"Arroz integral, crudo","Rice, brown, raw",A0125 A0457 A0631 A0696 A0729 A0814 B1322 C0133 E0150 F0003 G0003 H0003 J0116 K0003 M0001 N0001 P0024 R0212 R0497 Z0112 Z0205,BEDCA,1.000000
907,"Leche condensada, entera, con azúcar","Milk, whole, condensed, with sugar",A0148 A0452 A0626 A0719 A0724 A0740 A0779 B1201 C0235 E0139 F0018 G0003 H0136 H0138 J0135 K0003 M0001 N0001 P0024 R0212 R0497 Z0112,BEDCA,1.000000
908,"Coco, desecado","Coconut, dried",A0260 A0467 A0629 A0703 A0730 A0756 A0834 B1536 C0208 E0100 F0001 G0003 H0138 J0144 K0003 M0001 N0001 P0024 R0212 R0495 Z0112 Z0205,BEDCA,1.000000
909,"Coco, fresco","Coconut, raw",A0260 A0467 A0629 A0652 A0703 A0730 A0823 B1536 C0208 E0150 F0003 G0003 H0003 J0001 K0003 M0001 N0001 P0024 R0001 Z0112 Z0205,BEDCA,0.710000
911,Leche de coco,Coconut milk,A0112 A0465 A0667 A0709 A0734 A0840 B1536 C0208 E0109 F0014 G0003 H0148 J0123 K0003 M0001 N0001 P0024 R0212 R0497 Z0112,BEDCA,1.000000
912,"Leche en polvo, semidesnatada","Milk, semi-skimmed, dried",A0148 A0452 A0626 A0719 A0724 A0740 A0781 B1201 C0235 E0106 F0018 G0003 H0138 H0247 J0116 K0003 M0147 N0042 P0024 P0039 R0212 R0497 Z0112,BEDCA,1.000000
913,Leche merengada,"Milk, whipped",A0148 A0452 A0626 A0719 A0724 A0740 A0780 B1201 C0235 E0123 F0018 G0014 H0100 H0158 H0205 J0135 K0003 M0001 N0001 P0024 R0212 R0497 Z0112,BEDCA,1.000000
914,"Frambuesa, cruda","Raspberry, raw",A0143 A0455 A0629 A0671 A0707 A0732 A0833 B1494 C0140 E0150 F0003 G0003 H0003 J0001 K0003 M0001 N0001 P0024 R0212 R0497 Z0112 Z0205,BEDCA,0.730000
915,"Leche, desnatada, pasteurizada","Milk, skimmed, pasteurized",A0148 A0452 A0626 A0719 A0724 A0740 A0780 B1201 C0235 E0123 F0018 G0003 H0248 J0135 K0003 M0001 N0001 P0039 R0212 R0497 Z0112,BEDCA,1.000000
916,"Leche, semidesnatada, pasteurizada","Milk, semi-skimmed, pasteurized",A0148 A0452 A0626 A0719 A0724 A0740 A0780 B1201 C0235 E0123 F0018 G0003 H0247 J0135 K0003 M0001 N0001 P0024 R0212 R0497 Z0112,BEDCA,1.000000
917,"Mousse de queso fresco, con frutas","Mousse, cottage cheese, with fruits",A0185 A0452 A0626 A0720 A0724 A0776 A0786 B1201 C0113 E0134 F0018 G0003 H0117 H0136 H0147 H0178 J0136 K0003 M0001 N0001 P0024 R0212 R0497 Z0112,BEDCA,1.000000
918,"Mousse de queso fresco, desnatado, azucarado","Mousse, cottage cheese, skimmed, with sugar",A0185 A0452 A0626 A0720 A0724 A0776 A0786 B1201 C0113 E0119 F0018 G0003 H0136 H0178 H0248 J0136 K0003 M0001 N0001 P0024 R0212 R0497 Z0112,BEDCA,1.000000
919,"Mousse de queso fresco, desnatado, con frutas","Mousse, cottage cheese, skimmed, with fruit",A0185 A0452 A0626 A0720 A0724 A0776 A0786 B1201 C0113 E0134 F0018 G0003 H0136 H0147 H0178 H0248 J0136 K0003 M0001 N0001 P0024 R0212 R0497 Z0112,BEDCA,1.000000
920,"Mousse de yogur, con frutas","Yogurt mousse, with fruits",A0101 A0452 A0626 A0721 A0724 A0776 A0783 B1201 C0235 E0134 F0014 G0003 H0101 H0147 H0158 H0165 H0178 H0184 H0227 H0263 H0296 J0123 K0003 M0187 N0036 P0024 R0212 R0497 Z0112,BEDCA,1.000000
921,"Mousse de yogur, natural","Yogurt mousse, plain",A0101 A0452 A0626 A0721 A0724 A0776 A0783 B1201 C0235 E0119 F0014 G0003 H0101 H0158 H0165 H0178 H0184 H0263 H0296 J0123 K0003 M0187 N0036 P0024 R0212 R0497 Z0112,BEDCA,1.000000
922,"Anacardo, crudo","Cashew nut, raw",A0260 A0467 A0629 A0652 A0703 A0730 A0823 B1221 C0155 E0150 F0003 G0003 H0001 J0001 K0003 M0001 N0001 P0024 R0001 Z0205 Z0215,BEDCA,1.000000
923,"Nata, líquida, para cocinar, 18% de grasa","Cream, 18 % fat, uht",A0148 A0453 A0627 A0721 A0724 A0773 A0778 B1201 C0160 E0123 F0014 G0003 H0001 J0135 K0003 M0001 N0001 P0024 R0212 R0497 Z0112,BEDCA,1.000000
924,"Petit suïsse, cereales y fruta","Petit-suisse type cheese, with cereal and fruit",A0185 A0452 A0626 A0721 A0724 A0776 A0783 B1201 C0245 E0134 F0018 G0003 H0101 H0136 H0147 H0152 H0227 H0296 J0109 J0131 K0003 M0188 N0036 N0042 P0024 R0212 R0497 Z0112,BEDCA,1.000000
925,"Cacahuete, frito, salado","Peanut, fried, salted",A0260 A0455 A0629 A0652 A0703 A0730 A0824 B1337 C0155 E0151 F0014 G0025 H0173 H0263 J0001 K0003 M0001 N0001 P0024 R0212 R0497 Z0112 Z0205,BEDCA,1.000000
926,"Petit suisse, chocolate","Petit-suisse type cheese, chocolate flavour",A0185 A0452 A0626 A0721 A0724 A0776 A0783 B1201 C0245 E0134 F0018 G0003 H0101 H0136 H0227 H0231 H0296 J0109 J0131 K0003 M0188 N0036 N0042 P0024 R0212 R0497 Z0112,BEDCA,1.000000
927,"Petit suisse, fresa","Petit-suisse type cheese, strawberry flavour",A0185 A0452 A0626 A0721 A0724 A0776 A0783 B1201 C0245 E0134 F0018 G0003 H0101 H0136 H0147 H0227 H0296 J0109 J0131 K0003 M0188 N0036 N0042 P0024 R0212 R0497 Z0112,BEDCA,1.000000
928,"Petit líquido, sabor fresa","Petit type cheese, liquid, strawberry flavour",A0185 A0452 A0626 A0721 A0724 A0776 A0783 B1201 C0245 E0123 F0018 G0003 H0101 H0136 H0147 H0227 H0247 J0109 J0131 K0003 M0188 N0036 N0042 P0024 R0212 R0497 Z0112,BEDCA,1.000000
929,Queso Camembert 20-30% MG/ES,"Camembert cheese, 20-30% fidm",A0314 A0452 A0626 A0720 A0724 A0776 B1201 C0245 E0105 F0001 G0003 H0107 H0253 H0298 J0131 K0003 M0001 N0001 P0024 R0212 R0497 Z0073 Z0112,BEDCA,1.000000
930,Queso camembert 60% mg/es,"Camembert cheese, 60% fidm",A0314 A0452 A0626 A0720 A0724 A0776 B1201 C0245 E0105 F0018 G0003 H0107 H0288 H0296 H0298 J0131 K0003 M0001 N0001 P0024 R0212 R0497 Z0073 Z0112,BEDCA,1.000000
931,"Queso de Castilla-La Mancha, oveja y cabra","Lamb and goat cheese, ""castilla-la mancha"" type",A0311 A0452 A0626 A0720 A0724 A0776 B2101 C0245 E0146 F0018 G0003 H0107 H0291 H0298 J0003 K0003 M0001 N0001 P0024 R0212 R0497 Z0112 Z0147,BEDCA,0.750000
932,"Queso de Castilla-La Mancha, oveja, vaca y cabra","Lamb, cow and goat cheese, ""castilla-la mancha"" type",A0311 A0452 A0626 A0720 A0724 A0776 B2247 C0245 E0146 F0018 G0003 H0107 H0291 H0298 J0003 K0003 M0001 N0001 P0024 R0212 R0497 Z0112 Z0147,BEDCA,0.980000
933,"Queso de castilla-león, oveja y vaca","Sheep and cow cheese, ""castilla-león"" type",A0311 A0452 A0626 A0720 A0724 A0776 B2244 C0245 E0146 F0018 G0003 H0107 H0291 H0298 J0003 K0003 M0001 N0001 P0024 R0212 R0497 Z0112 Z0147,BEDCA,1.000000
934,"Queso fresco, cabra","Goat cheese, uncured",A0185 A0452 A0626 A0720 A0724 A0776 A0786 B2611 C0245 E0144 F0001 G0003 H0101 H0298 J0131 K0003 M0001 N0001 P0024 R0212 R0497 Z0112,BEDCA,1.000000
935,"Castaña, tostada","Chestnut, roasted",A0260 A0455 A0629 A0685 A0703 A0730 A0824 B1544 C0155 E0150 F0014 G0005 H0138 J0116 K0003 M0001 N0001 P0024 R0212 R0497 Z0109 Z0205,BEDCA,0.980000
937,"Zumo de limón, fresco","Lemon juice, fresh",A0127 A0455 A0629 A0708 A0732 A0766 A0841 B1275 C0140 E0114 F0014 G0003 H0001 J0123 K0003 M0194 N0001 P0024 R0212 R0497 Z0112 Z0205,BEDCA,1.000000
938,"Guayaba, sin piel, cruda","Guava, without skin, raw",A0143 A0455 A0629 A0649 A0707 A0732 A0833 B1333 C0139 E0150 F0003 G0003 H0003 J0001 K0003 M0001 N0001 P0024 R0001 Z0205 Z0215,BEDCA,0.890000
939,"Queso fresco, desnatado, con frutas","Uncured cheese, skimmed, with fruit",A0185 A0452 A0626 A0720 A0724 A0774 A0786 B1201 C0245 E0134 F0018 G0003 H0101 H0147 H0248 J0131 J0135 K0003 M0001 N0001 P0024 R0212 R0497 Z0112,BEDCA,1.000000
940,"Queso fundido, extragraso (>60% MG/ES)","Processed cheese, >60 % fidm",A0110 A0310 A0452 A0626 A0720 A0724 A0774 B1201 C0245 E0147 F0018 G0003 H0101 H0296 J0135 K0003 M0001 N0001 P0024 R0212 R0497 Z0112,BEDCA,1.000000
941,Queso Gouda,Gouda cheese,A0313 A0452 A0626 A0720 A0724 A0776 B1201 C0245 E0146 F0018 G0003 H0107 H0291 H0298 J0131 K0003 M0001 N0001 P0024 R0212 R0497 Z0112,BEDCA,0.980000
942,"Queso manchego, en aceite","Cheese, ""manchego"" type, in oil",A0311 A0452 A0626 A0720 A0724 A0776 B2247 C0245 E0146 F0018 G0003 H0107 H0291 H0298 J0003 K0038 M0001 N0001 P0024 R0212 R0497 Z0112 Z0147,BEDCA,1.000000
943,"Macedonia de frutas, conserva en su jugo","Fruit salad, canned in own juice",A0143 A0455 A0629 A0670 A0707 A0732 A0833 B1350 C0229 E0104 F0014 G0003 H0147 J0123 K0039 M0194 N0001 P0024 R0212 R0497 Z0112,BEDCA,1.000000
944,Queso munster,Muenster-type cheese,A0314 A0452 A0626 A0720 A0724 A0776 B1201 C0245 E0105 F0001 G0003 H0107 H0289 H0298 J0131 K0003 M0001 N0001 P0024 R0212 R0497 Z0072 Z0112,BEDCA,1.000000
945,"Queso para untar, con finas hierbas","Cheese spread, with spice and herbs  ",A0109 A0452 A0626 A0720 A0724 A0776 A0786 B1201 C0245 E0119 F0018 G0003 H0107 H0130 H0227 H0296 H0367 H0368 J0135 K0003 M0001 N0001 P0024 R0212 R0497 Z0112,BEDCA,1.000000
946,"Melocotón, desecado","Peach, dried",A0143 A0455 A0629 A0707 A0732 A0756 A0834 B1350 C0229 E0133 F0003 G0003 H0138 J0116 K0003 M0001 N0001 P0024 R0212 R0497 Z0112,BEDCA,1.000000
947,"Queso para untar, con salmón","Cheese spread, with salmon",A0109 A0452 A0626 A0720 A0724 A0776 A0786 B1201 C0245 E0119 F0018 G0003 H0107 H0130 H0153 H0296 H0367 H0368 J0135 K0003 M0001 N0001 P0024 R0212 R0497 Z0112,BEDCA,1.000000
948,"Queso para untar, natural, bajo en calorías","Cheese spread, plain, light",A0109 A0452 A0626 A0720 A0724 A0776 A0786 B1201 C0245 E0119 F0018 G0003 H0107 H0130 H0247 H0367 H0368 J0135 K0003 M0001 N0001 P0024 P0132 R0212 R0497 Z0112,BEDCA,1.000000
950,"Yogur líquido, aromatizado sabor s/e","Drinking yogurt, flavoured n/e",A0101 A0452 A0626 A0721 A0724 A0776 A0778 B1201 C0235 E0102 F0014 G0003 H0101 H0117 H0158 H0184 H0247 H0362 J0123 K0003 M0188 N0036 N0042 P0024 R0212 R0497 Z0112,BEDCA,1.000000
952,"Yogur líquido, entero, con cereales","Liquid yogurt, whole milk, with cereals",A0101 A0452 A0626 A0721 A0724 A0776 A0778 B1201 C0235 E0139 F0014 G0003 H0101 H0117 H0168 H0184 H0247 H0319 H0322 H0323 J0123 K0003 M0187 N0036 P0024 R0212 R0497 Z0112,BEDCA,1.000000
953,"Yogur, búlgaro","Yogurt, bulgarian-style",A0101 A0452 A0626 A0721 A0724 A0776 A0778 B1201 C0235 E0135 F0014 G0003 H0101 H0184 H0247 J0001 K0003 M0187 N0036 N0042 P0024 Z0215,BEDCA,1.000000
955,"Yogur, desnatado, con cereales","Yogurt, skimmed, with cereals",A0101 A0452 A0626 A0721 A0724 A0776 A0778 B1201 C0235 E0134 F0014 G0003 H0101 H0184 H0228 H0248 H0319 H0322 H0323 J0123 K0003 M0188 N0036 N0042 P0024 R0212 R0497 Z0112,BEDCA,1.000000
956,"Níspero, con piel, crudo","Medlar, with skin, raw",A0143 A0455 A0629 A0669 A0707 A0732 A0833 B2014 C0229 E0150 F0003 G0003 H0003 J0001 K0003 M0001 N0001 P0024 R0212 R0497 Z0112,BEDCA,1.000000
961,"Cerdo, solomillo, asado","Pork, sirloin, roasted",A0150 A0459 A0633 A0714 A0726 A0737 A0799 B1136 C0269 E0150 F0014 G0005 H0001 J0001 K0003 M0001 N0001 P0024 R0212 R0497 Z0027 Z0112,BEDCA,1.000000
962,"Ciervo, parte s/e, crudo, con grasa separable","Deer, piece n/e, raw, with separable fat",A0150 A0459 A0633 A0714 A0726 A0737 A0794 B1583 C0268 E0152 F0003 G0003 H0003 J0001 K0003 M0001 N0001 P0024 R0212 R0497 Z0018 Z0112,BEDCA,1.000000
964,"Conejo, entero, estofado","Rabbit, whole, stewed",A0150 A0459 A0633 A0726 A0737 A0793 B1323 C0269 E0150 F0014 G0020 H0001 J0001 K0003 M0001 N0001 P0024 R0212 R0497 Z0110,BEDCA,0.980000
965,"Jamón cocido, categoría s/e","Cooked ham, category n/e",A0279 A0459 A0633 A0714 A0726 A0737 A0793 B1136 C0125 E0145 F0014 G0012 H0227 H0253 J0108 K0003 M0001 N0001 P0024 R0212 R0497 Z0112,BEDCA,1.000000
966,"Corazón de cordero, crudo","Heart, lamb, raw",A0150 A0459 A0633 A0716 A0726 A0739 A0796 B1669 C0201 E0150 F0003 G0001 H0003 J0001 K0003 M0001 N0001 P0024 R0212 R0497 Z0112,BEDCA,0.780000
967,"Hígado, de cerdo, crudo","Liver, pork, raw",A0150 A0459 A0633 A0714 A0726 A0739 A0796 B1136 C0176 E0150 F0003 G0003 H0003 J0001 K0003 M0001 N0001 P0024 R0212 R0497 Z0112,BEDCA,0.830000
968,Paté de pimienta,Pepper paté,A0221 A0459 A0633 A0667 A0714 A0726 B1136 C0176 E0146 F0014 G0005 H0229 J0131 K0003 M0001 N0001 P0024 R0212 R0497 Z0100 Z0112,BEDCA,1.000000
969,"Pato, entero, asado","Duck, whole, roasted",A0273 A0459 A0633 A0715 A0726 A0741 A0795 B1316 C0267 E0152 F0014 G0005 H0003 J0001 K0003 M0001 N0001 P0024 R0212 R0497 Z0003 Z0111,BEDCA,1.000000
970,"Corazón de pollo, crudo","Heart, chicken, raw",A0150 A0459 A0633 A0716 A0726 A0739 A0796 B1457 C0201 E0150 F0003 G0001 H0003 J0001 K0003 M0001 N0001 P0024 R0212 R0497 Z0112,BEDCA,1.000000
971,"Chufa, cruda","Tigger nut, raw",A0152 A0455 A0629 A0681 A0706 A0731 A0826 B2159 C0239 E0150 F0003 G0003 H0001 J0001 K0001 M0001 N0001 P0024 R0212 R0497 Z0112 Z0205,BEDCA,1.000000
972,"Corazón, de cerdo, crudo","Pork, heart, raw",A0150 A0459 A0633 A0716 A0726 A0739 A0796 B1136 C0201 E0150 F0003 G0001 H0003 J0001 K0003 M0001 N0001 P0024 R0212 R0497 Z0112,BEDCA,0.950000
973,"Corazón, de vaca/buey, cocido","Beef (cow/ox), heart, boiled",A0150 A0459 A0633 A0716 A0726 A0739 A0796 B1201 C0201 E0150 F0014 G0014 H0003 J0001 K0003 M0001 N0001 P0024 R0212 R0497 Z0112,BEDCA,1.000000
974,"Cordero, pierna, con grasa, asada","Lamb, leg, with separable fat, baked",A0150 A0459 A0633 A0714 A0726 A0737 A0799 B1669 C0269 E0150 F0003 G0003 H0003 J0131 K0003 M0001 N0001 P0024 R0212 R0497 Z0024 Z0110,BEDCA,1.000000
975,"Gallina, entera, cruda","Hen, whole, raw",A0273 A0459 A0633 A0715 A0726 A0741 A0795 B1713 C0267 E0150 F0003 G0003 H0001 J0001 K0003 M0001 N0001 P0024 R0212 R0497 Z0003 Z0054,BEDCA,0.760000
976,"Pato, entero, crudo","Duck, whole, raw",A0273 A0459 A0633 A0715 A0726 A0741 A0795 B1316 C0267 E0152 F0003 G0003 H0003 J0001 K0003 M0001 N0001 P0024 R0212 R0497 Z0003 Z0112,BEDCA,0.890000
977,"Pichón, sin piel, asado","Pigeon, part n/e, without skin, roasted",A0273 A0459 A0633 A0715 A0726 A0741 A0795 B1304 C0268 E0150 F0014 G0005 H0001 J0001 K0003 M0001 N0001 P0024 R0212 R0497 Z0054 Z0110,BEDCA,1.000000
978,"Oca, sin piel, asada","Goose, part n/e, without skin, roasted",A0273 A0459 A0633 A0655 A0715 A0726 A0795 B1253 C0268 E0152 F0014 G0005 H0003 J0001 K0003 M0001 N0001 P0024 Z0003 Z0018,BEDCA,1.000000
979,Crema de cacahuete,Peanut butter,A0260 A0467 A0641 A0663 A0722 A0730 A0824 B1337 C0136 E0119 F0014 G0003 H0124 H0158 H0263 H0367 J0123 K0001 M0134 M0215 N0001 P0024 R0212 R0497 Z0112,BEDCA,1.000000
980,"Pollo, entero, con piel, asado","Chicken, whole, with skin, roasted",A0273 A0459 A0633 A0715 A0726 A0741 A0795 B1457 C0267 E0150 F0014 G0005 H0003 J0003 K0003 M0001 N0001 P0024 R0212 R0497 Z0111,BEDCA,1.000000
981,"Vaca/buey, solomillo, crudo","Beef, sirloin, raw",A0150 A0459 A0633 A0714 A0726 A0737 A0794 B1201 C0269 E0152 F0003 G0003 H0001 J0001 K0003 M0001 N0001 P0024 R0212 R0497 Z0027 Z0112,BEDCA,0.790000
982,"Salchicha, tipo viena","Sausage, viena type",A0221 A0459 A0633 A0667 A0714 A0726 A0798 B1105 C0268 E0151 F0014 G0003 H0172 H0227 H0253 H0306 J0001 K0003 M0003 N0001 P0024 R0212 R0497 Z0018 Z0019 Z0096 Z0099,BEDCA,1.000000
983,"Lengua, de buey, cruda","Tongue, ox, raw",A0150 A0459 A0633 A0716 A0726 A0739 A0796 B1201 C0189 E0150 F0003 G0003 H0003 J0131 K0003 M0001 N0001 P0024 R0212 R0497 Z0112,BEDCA,0.700000
984,"Ternera, solomillo, asado","Veal, sirloin, roasted, with separable fat",A0150 A0459 A0633 A0714 A0726 A0737 A0799 B1349 C0269 E0150 F0014 G0005 H0001 J0001 K0003 M0001 N0001 P0024 R0212 R0497 Z0027 Z0109,BEDCA,1.000000
985,"Lengua, de ternera, cruda","Tongue, veal, roasted",A0150 A0459 A0633 A0716 A0726 A0739 A0796 B1349 C0189 E0150 F0014 G0005 H0003 J0001 K0003 M0001 N0001 P0024 R0212 R0497 Z0112,BEDCA,1.000000
986,"Liebre, entera, cruda","Hare, whole, raw",A0150 A0459 A0633 A0714 A0726 A0737 A0793 B2695 C0269 E0150 F0003 G0003 H0001 J0001 K0003 M0001 N0001 P0024 R0212 R0497 Z0215,BEDCA,0.800000
988,"Salchicha, tipo país, a la plancha","Sausage, ""país"" type, griddle",A0221 A0459 A0633 A0667 A0714 A0726 A0799 B1136 C0269 E0134 F0014 G0006 H0229 H0262 J0131 K0003 M0001 N0001 P0024 R0212 R0497 Z0096 Z0099,BEDCA,1.000000
989,"Ternera, parte s/e, asada","Veal, part n/e, roasted, with separable fat",A0150 A0459 A0633 A0714 A0726 A0737 A0799 B1349 C0269 E0150 F0014 G0005 H0001 J0001 K0003 M0001 N0001 P0024 R0212 R0497 Z0018 Z0111,BEDCA,1.000000
990,"Pavo, pechuga, sin piel, a la plancha","Turkey, breast, without skin, grilled",A0273 A0459 A0633 A0715 A0726 A0741 A0795 B1236 C0268 E0150 F0014 G0006 H0003 J0001 K0003 M0001 N0001 P0024 R0212 R0497 Z0003 Z0045 Z0111,BEDCA,1.000000
991,"Ternera, lomo, crudo, con grasa separable","Veal, loin, raw, with separable fat",A0150 A0459 A0633 A0714 A0726 A0737 A0794 B1349 C0269 E0150 F0003 G0003 H0001 J0001 K0003 M0001 N0001 P0024 R0212 R0497 Z0031 Z0112,BEDCA,1.000000
992,"Pollo, muslo, con piel, asado","Chicken, leg, with skin, roasted",A0273 A0459 A0633 A0715 A0726 A0741 A0795 B1457 C0267 E0150 F0014 G0005 H0003 J0003 K0003 M0001 N0001 P0024 R0212 R0497 Z0110 Z0159,BEDCA,1.000000
993,"Pollo, muslo, con piel, crudo","Chicken, leg, with skin, raw",A0273 A0459 A0633 A0715 A0726 A0741 A0795 B1457 C0267 E0150 F0003 G0003 H0003 J0003 K0003 M0001 N0001 P0024 R0212 R0497 Z0112 Z0159,BEDCA,1.000000
994,"Pollo, pechuga, con piel, crudo","Chicken, breast, with skin, raw",A0273 A0459 A0633 A0715 A0726 A0741 A0795 B1457 C0267 E0150 F0003 G0003 H0003 J0003 K0003 M0001 N0001 P0024 R0212 R0497 Z0112 Z0158,BEDCA,1.000000
995,"Vaca/buey, parte s/e, asado","Beef, part n/e, roasted, with separable fat",A0150 A0459 A0633 A0714 A0726 A0737 A0799 B1201 C0269 E0152 F0014 G0005 H0001 J0001 K0003 M0001 N0001 P0024 R0212 R0497 Z0018 Z0110,BEDCA,1.000000
996,"Vaca/buey, solomillo, a la plancha","Beef, sirloin, grilled",A0150 A0459 A0633 A0714 A0726 A0737 A0799 B1201 C0269 E0152 F0014 G0006 H0001 J0001 K0003 M0001 N0001 P0024 R0212 R0497 Z0027 Z0110,BEDCA,1.000000
997,"Vaca/buey, parte s/e, estofado","Beef, part n/e, stewed, with separable fat",A0150 A0459 A0633 A0714 A0726 A0737 A0799 B1201 C0269 E0152 F0014 G0020 H0001 J0001 K0003 M0001 N0001 P0024 R0212 R0497 Z0018 Z0109,BEDCA,1.000000
999,"Grosella, cruda","Red currant, raw",A0143 A0455 A0629 A0671 A0707 A0732 A0833 B1055 C0140 E0150 F0003 G0003 H0003 J0001 K0003 M0001 N0001 P0024 R0212 R0497 Z0112 Z0205,BEDCA,1.000000
1000,Leche de cabra,Goat's milk,A0148 A0452 A0626 A0719 A0724 A0740 A0780 B2611 C0235 E0123 F0001 G0003 H0003 J0001 K0003 M0001 N0001 P0024 R0212 R0497 Z0112,BEDCA,1.000000
1001,"Lima, cruda","Lime, raw",A0143 A0455 A0629 A0668 A0707 A0732 A0833 B1067 C0229 E0150 F0003 G0003 H0003 J0001 K0003 M0001 N0001 P0024 R0212 R0497 Z0112,BEDCA,0.740000
1002,Leche de oveja,Sheep's milk,A0148 A0452 A0626 A0719 A0724 A0740 A0780 B2610 C0235 E0123 F0001 G0003 H0003 J0001 K0003 M0001 N0001 P0024 R0212 R0497 Z0112,BEDCA,1.000000
1003,"Litchi, crudo","Litchis, raw",A0143 A0455 A0629 A0670 A0707 A0732 A0833 B1212 C0229 E0150 F0003 G0003 H0003 J0001 K0003 M0001 N0001 P0024 R0212 R0497 Z0112,BEDCA,0.620000
1005,Queso Cheddar,Cheddar cheese,A0311 A0452 A0626 A0720 A0724 A0776 B1201 C0245 E0147 F0001 G0003 H0107 H0133 H0292 H0298 J0131 K0003 M0001 N0001 P0024 R0212 R0497 Z0112 Z0147,BEDCA,1.000000
1006,"Membrillo, crudo","Quince, raw",A0143 A0455 A0629 A0649 A0707 A0732 A0833 B1298 C0229 E0150 F0003 G0003 H0003 J0001 K0003 M0001 N0001 P0024 R0212 R0497 Z0112,BEDCA,0.610000
1007,"Petit Suisse, natural azucarado","Petit-suisse type cheese, plain, with sugar",A0185 A0452 A0626 A0721 A0724 A0776 A0783 B1201 C0245 E0119 F0018 G0003 H0101 H0136 H0296 J0109 J0131 K0003 M0188 N0036 N0042 P0024 R0212 R0497 Z0112,BEDCA,1.000000
1008,"Papaya, cruda","Papaya, without skin, raw",A0143 A0455 A0629 A0672 A0707 A0732 A0833 B1249 C0229 E0150 F0003 G0003 H0003 J0001 K0003 M0001 N0001 P0024 R0212 R0497 Z0112,BEDCA,0.720000
1009,"Arroz integral, hervido","Rice, brown, boiled",A0125 A0457 A0631 A0696 A0729 A0814 B1322 C0133 E0150 F0014 G0014 H0003 J0116 K0003 M0001 N0001 P0024 R0212 R0497 Z0112 Z0205,BEDCA,1.000000
1010,"Avena, cruda","Oat, raw",A0125 A0457 A0631 A0696 A0729 A0812 B1219 C0155 E0150 F0003 G0003 H0003 J0001 K0003 M0001 N0001 P0024 R0212 R0497 Z0112 Z0205,BEDCA,1.000000
1011,Queso Gruyer,Gruyere cheese,A0186 A0311 A0452 A0626 A0720 A0724 A0776 B1201 C0245 E0122 F0001 G0003 H0247 H0253 H0328 J0001 K0003 M0001 N0001 P0024 R0212 R0497 Z0112,BEDCA,1.000000
1012,Almidón de maíz,Corn starch,A0149 A0457 A0631 A0662 A0696 A0729 A0812 B1232 C0203 E0106 F0003 G0003 H0134 H0138 J0003 K0003 M0001 N0001 P0024 R0212 R0497 Z0205 Z0215,BEDCA,1.000000
1013,"Pera, enlatada en almíbar","Pear, canned, in syrup",A0143 A0455 A0629 A0662 A0707 A0732 A0833 B1344 C0229 E0133 F0014 G0003 H0136 J0123 K0023 M0194 N0001 P0024 R0212 R0497 Z0112,BEDCA,1.000000
1014,"Cebada, cruda","Barley, raw",A0125 A0457 A0631 A0683 A0696 A0729 A0812 B1230 C0133 E0150 F0003 G0003 H0001 J0001 K0003 M0001 N0001 P0024 R0212 R0497 Z0205 Z0215,BEDCA,1.000000
1015,"Agua, con gas, embotellada","Sparkling water, bottled",A0112 A0465 A0639 A0709 A0734 A0844 B1217 C0005 E0123 F0001 G0003 H0175 J0001 K0003 M0203 N0001 P0024 R0212 R0497 Z0112,BEDCA,1.000000
1017,"Uva negra, cruda","Red grape, raw",A0143 A0455 A0629 A0671 A0707 A0732 A0833 B2121 C0140 E0150 F0003 G0003 H0003 J0001 K0003 M0001 N0001 P0024 R0212 R0497 Z0112,BEDCA,0.900000
1018,Cereales desayuno base de arroz chocolateado,"Breakfast cereal, rice with chocolate",A0258 A0457 A0631 A0692 A0729 A0768 A0816 B1322 C0208 E0153 F0014 G0003 H0138 H0181 H0215 H0216 H0227 H0231 H0268 J0116 K0003 M0155 N0001 P0024 R0212 R0497 Z0112,BEDCA,1.000000
1019,"Café, en grano o molido, descafeinado","Coffee, seed or powder, descaffeinated",A0268 A0465 A0639 A0662 A0710 A0845 B1305 C0155 E0117 F0014 G0003 H0138 H0140 J0001 K0003 M0001 N0001 P0024 R0212 R0497 Z0112,BEDCA,1.000000
1020,"Garbanzo, seco, crudo","Chickpea, dried, raw",A0152 A0455 A0629 A0680 A0704 A0731 A0831 B1172 C0133 E0150 F0003 G0003 H0138 J0116 J0123 K0003 M0001 N0001 P0024 R0212 R0497 Z0052 Z0112,BEDCA,1.000000
1021,"Cerdo, solomillo, crudo","Pork, sirloin, raw",A0150 A0459 A0633 A0714 A0726 A0737 A0794 B1136 C0269 E0150 F0003 G0001 H0247 J0001 K0003 M0001 N0001 P0024 Z0027,BEDCA,1.000000
1022,"Anís, seco","Anisette, dry",A0277 A0465 A0639 A0713 A0734 A0850 B1347 C0174 E0139 F0014 G0003 H0136 H0148 H0229 H0232 H0270 K0003 M0132 N0040 N0042 P0024 R0212 Z0112 Z0170,BEDCA,1.000000
1024,"Corazón, de vaca/buey, crudo","Beef (cow/ox), heart, raw",A0150 A0459 A0633 A0716 A0726 A0739 A0796 B1349 C0201 E0150 F0003 G0001 H0003 J0001 K0003 M0001 N0001 P0024 R0212 R0497 Z0112,BEDCA,1.000000
1026,Cereales desayuno base de arroz y miel,"Breakfast cereal, rice with honey",A0631 A0692 A0729 A0768 A0816 B1322 C0208 E0153 F0014 G0003 H0138 H0149 H0181 H0215 H0216 H0227 H0268 J0116 K0003 M0155 N0001 P0024 R0212 R0497 Z0112,BEDCA,1.000000
1027,Néctar de ciruela,Plum nectar,A0196 A0465 A0639 A0663 A0708 A0734 A0841 B1206 C0140 E0121 F0018 G0003 H0148 H0154 H0211 J0135 K0003 M0194 N0001 P0024 R0212 R0497 Z0112,BEDCA,1.000000
1028,"Cereales desayuno base de arroz, trigo y fruta","Breakfast cereal, rice, wheat and fruit",A0258 A0457 A0631 A0692 A0729 A0768 A0816 B1322 C0208 E0153 F0014 G0003 H0138 H0181 H0215 H0216 H0227 H0268 H0319 H0364 J0116 K0003 M0155 N0001 P0024 R0212 R0497 Z0112,BEDCA,1.000000
1029,"Ternera, solomillo, sin grasa, crudo","Veal, sirloin, raw, with separable fat",A0150 A0459 A0633 A0714 A0726 A0737 A0794 B1349 C0269 E0152 F0003 G0003 H0003 J0001 K0003 M0001 N0001 P0024 R0212 R0497 Z0027 Z0112,BEDCA,1.000000
1030,"Ternera, costilla, cruda","Veal, rib, raw, with separable fat",A0150 A0459 A0633 A0714 A0726 A0737 A0794 B1349 C0269 E0122 F0003 G0003 H0003 J0001 K0003 M0001 N0001 P0024 R0212 R0497 Z0023 Z0112,BEDCA,1.000000
1031,Cereales desayuno base de maíz y miel,"Breakfast cereal, corn with honey",A0258 A0457 A0631 A0692 A0729 A0768 A0816 B1379 C0155 E0153 F0014 G0003 H0100 H0138 H0149 H0181 H0216 H0274 H0309 J0116 K0003 M0155 N0001 P0024 R0212 R0497 Z0112,BEDCA,1.000000
1032,Cereales desayuno base de maíz y trigo,"Breakfast cereal, corn and wheat",A0258 A0457 A0631 A0692 A0729 A0768 A0816 B1379 C0155 E0153 F0014 G0003 H0100 H0138 H0181 H0215 H0216 H0274 H0319 J0116 K0003 M0155 N0001 P0024 R0212 R0497 Z0112,BEDCA,1.000000
1034,Cereales desayuno base de trigo azucarado,"Breakfast cereal, wheat with sugar",A0258 A0457 A0631 A0692 A0729 A0768 A0816 B1312 C0155 E0153 F0014 G0003 H0100 H0138 H0158 H0181 H0215 H0216 H0274 J0116 K0003 M0155 N0001 P0024 R0212 R0497 Z0112,BEDCA,1.000000
1035,Cereales desayuno base de trigo y arroz,"Breakfast cereal, wheat and rice",A0258 A0457 A0631 A0692 A0729 A0768 A0816 B1312 C0155 E0153 F0014 G0003 H0100 H0138 H0181 H0194 H0215 H0216 H0274 H0321 J0116 K0003 M0155 N0001 P0024 R0212 R0497 Z0112,BEDCA,1.000000
1036,Cereales desayuno base de trigo y frutas,"Breakfast cereal, wheat and fruit",A0258 A0457 A0631 A0692 A0729 A0768 A0816 B1312 C0155 E0153 F0014 G0003 H0100 H0138 H0181 H0194 H0215 H0216 H0274 H0364 J0116 K0003 M0155 N0001 P0024 R0212 R0497 Z0112,BEDCA,1.000000
1038,Cereales desayuno base de trigo y miel,"Breakfast cereal, wheat and honey",A0258 A0457 A0631 A0692 A0729 A0768 A0816 B1312 C0155 E0153 F0014 G0003 H0100 H0138 H0149 H0181 H0194 H0215 H0216 H0274 J0116 K0003 M0155 N0001 P0024 R0212 R0497 Z0112,BEDCA,1.000000
1039,"Cereales desayuno base de trigo, avena, maiz y miel","Breakfast cereal, wheat, oat, corn and honey",A0258 A0457 A0631 A0692 A0729 A0768 A0816 B1312 C0155 E0153 F0014 G0003 H0100 H0138 H0149 H0181 H0194 H0215 H0216 H0274 H0320 H0322 J0116 K0003 M0155 N0001 P0024 R0212 R0497 Z0112,BEDCA,1.000000
1040,"Cereales desayuno base de trigo, avena, maíz, miel y nueces","Breakfast cereal, wheat, oat, corn, honey and nuts",A0258 A0457 A0631 A0692 A0729 A0768 A0816 B1312 C0155 E0153 F0014 G0003 H0100 H0138 H0149 H0177 H0181 H0194 H0215 H0216 H0274 H0320 H0322 J0116 K0003 M0155 N0001 P0024 R0212 R0497 Z0112,BEDCA,1.000000
1042,"Cereales desayuno, maíz azucarado","Breakfast cereal, corn with sugar",A0258 A0457 A0631 A0692 A0729 A0768 A0816 B1379 C0155 E0153 F0014 G0003 H0100 H0138 H0158 H0181 H0194 H0215 H0216 H0274 H0309 J0116 K0003 M0155 N0001 P0024 R0212 R0497 Z0112,BEDCA,1.000000
1043,Croissant de chocolate,Croissant with chocolate,A0151 A0458 A0632 A0695 A0729 A0768 A0821 B1421 C0208 E0105 F0014 G0005 H0231 H0256 H0272 J0003 K0003 M0001 N0001 P0024 R0212 R0497 Z0112,BEDCA,1.000000
1044,"Donut, de chocolate","Doughnut, with chocolate",A0248 A0458 A0632 A0695 A0729 A0768 A0821 B1312 C0208 E0105 F0014 G0029 H0158 H0184 H0186 H0227 H0233 H0263 H0355 H0408 H0472 H0555 H0580 J0001 K0003 M0001 N0001 P0024 R0212 R0497 Z0112,BEDCA,1.000000
1045,"Guisante, congelado, hervido","Pea, frozen, boiled",A0152 A0455 A0629 A0650 A0704 A0730 A0831 B1338 C0133 E0131 F0014 G0014 H0001 J0136 K0003 M0166 M0197 N0001 P0024 R0212 R0497 Z0112 Z0205,BEDCA,1.000000
1046,"Galleta ,tipo ""digestiva"", con chocolate","Cookie, ""digestive"" type, with chocolate",A0203 A0458 A0632 A0663 A0695 A0729 A0821 B1312 C0133 E0140 F0014 G0005 H0158 H0272 H0355 J0100 K0003 M0001 N0001 P0024 R0212 R0497 Z0112,BEDCA,1.000000
1047,"Sesos, de ternera, crudos","Brain, veal, raw",A0150 A0459 A0633 A0716 A0726 A0739 A0796 B1349 C0199 E0151 F0003 G0003 H0003 J0001 K0003 M0001 N0001 P0024 R0212 R0497 Z0112,BEDCA,1.000000
1048,"Galleta, barquillo, con jalea de frutas","Biscuit, fruit jam filled, comercial",A0203 A0458 A0632 A0663 A0695 A0729 A0821 B1421 C0208 E0140 F0014 G0005 H0122 H0136 H0186 H0207 H0227 H0272 J0116 K0003 M0001 N0001 P0024 R0212 R0497 Z0112,BEDCA,1.000000
1049,"Guisante, seco, crudo","Pea, dried, raw",A0152 A0455 A0629 A0650 A0704 A0730 A0831 B1338 C0133 E0131 F0001 G0003 H0138 J0116 K0003 M0001 N0001 P0024 R0212 R0497 Z0052 Z0112,BEDCA,1.000000
1050,"Galleta, cubierta de chocolate","Cookie, chocolate covered",A0203 A0458 A0632 A0663 A0695 A0729 A0821 B1312 C0208 E0140 F0014 G0003 H0158 H0184 H0228 H0263 H0351 H0355 J0001 K0003 M0001 N0001 P0024 R0212 R0497 Z0112,BEDCA,1.000000
1051,"Galletas, con chocolate, tipo ""cookies""","Cookie, with chocolate",A0203 A0458 A0632 A0663 A0695 A0729 A0821 B1312 C0208 E0140 F0014 G0003 H0158 H0184 H0228 H0231 H0263 H0351 J0001 K0003 M0001 N0001 P0024 R0212 R0497 Z0112,BEDCA,1.000000
1052,"Galletas, de mantequilla",Butter cookie,A0203 A0458 A0632 A0663 A0695 A0729 B1312 C0208 E0140 F0014 G0005 H0136 H0186 H0228 H0271 H0351 J0001 K0003 M0001 N0001 P0024 R0212 R0497 Z0112,BEDCA,1.000000
1053,"Hígado, de vaca/buey, crudo","Liver, beef, raw",A0150 A0459 A0633 A0714 A0726 A0739 A0796 B1201 C0176 E0150 F0003 G0003 H0003 J0001 K0003 M0001 N0001 P0024 R0212 R0497 Z0112,BEDCA,1.000000
1054,Harina de avena,Oat flour,A0149 A0457 A0631 A0693 A0729 A0759 A0813 B1219 C0208 E0106 F0003 G0003 H0138 J0116 K0003 M0001 N0001 P0024 R0212 R0497 Z0112 Z0205,BEDCA,1.000000
1055,"Harina de avena, cocida en agua","Oat flour, boiled in water",A0149 A0457 A0631 A0693 A0729 A0759 A0813 B1219 C0208 E0106 F0014 G0014 H0138 J0116 K0003 M0001 N0001 P0024 R0212 R0497 Z0112 Z0205,BEDCA,1.000000
1056,Harina de cebada,Barley flour,A0149 A0457 A0631 A0693 A0729 A0759 A0813 B1230 C0208 E0106 F0003 G0003 H0138 J0116 K0003 M0001 N0001 P0024 R0212 R0497 Z0112 Z0205,BEDCA,1.000000
1057,"Néctar de frutas exóticas, envasado",Tropical fruit nectar,A0196 A0465 A0639 A0663 A0708 A0734 A0841 B1024 C0140 E0121 F0018 G0003 H0148 H0154 H0211 J0135 K0003 M0194 N0001 P0024 R0212 R0497 Z0112,BEDCA,1.000000
1059,"Pavo, muslo, con piel, crudo","Turkey, leg, with skin, raw",A0273 A0459 A0633 A0715 A0726 A0741 A0795 B1236 C0268 E0150 F0003 G0003 H0003 J0001 K0003 M0001 N0001 P0024 R0212 R0497 Z0003 Z0024 Z0112,BEDCA,0.730000
1060,"Masa de hojaldre, cruda","Puff pastry, raw",A0160 A0457 A0632 A0695 A0729 A0768 A0821 B1312 C0208 E0140 F0003 G0003 H0221 J0001 K0003 M0001 N0001 P0024 R0212 R0497 Z0112,BEDCA,1.000000
1061,"Néctar de mango, envasado",Mango nectar,A0196 A0465 A0639 A0663 A0708 A0734 A0841 B1270 C0140 E0121 F0018 G0003 H0148 H0154 H0211 J0135 K0003 M0194 N0001 P0024 R0212 R0497 Z0112,BEDCA,1.000000
1062,"Napolitana, rellena con crema de cacao","Flaky pastry, filled with chocolate cream",A0202 A0458 A0632 A0695 A0729 A0768 A0821 B1421 C0208 E0140 F0014 G0005 H0158 H0186 H0207 H0221 H0231 J0001 K0003 M0001 N0001 P0024 R0212 R0497 Z0112,BEDCA,1.000000
1063,"Riñón, de cordero, crudo","Kidney, lamb, raw",A0150 A0459 A0633 A0716 A0726 A0739 A0796 B1669 C0196 E0150 F0003 G0003 H0003 J0001 K0003 M0001 N0001 P0024 R0212 R0497 Z0112,BEDCA,1.000000
1064,"Pan blanco, de barra, sin sal","White bread, without salt",A0178 A0458 A0632 A0662 A0695 A0729 A0817 B1312 C0208 E0147 F0014 G0005 H0256 J0003 K0003 M0001 N0001 P0024 P0080 R0212 R0497 Z0112,BEDCA,1.000000
1065,"Lenteja, seca, cruda","Lentil, dried, raw",A0152 A0455 A0629 A0680 A0704 A0730 A0831 B1268 C0133 E0150 F0003 G0003 H0138 J0116 J0123 K0003 M0001 N0001 P0024 R0212 R0497 Z0052 Z0215,BEDCA,1.000000
1066,"Pan blanco, tipo ""baguette""","White bread, ""baguette"" type",A0178 A0458 A0632 A0662 A0695 A0729 A0817 B1312 C0208 E0147 F0014 G0005 H0256 J0003 K0003 M0001 N0001 P0024 R0212 R0497 Z0112,BEDCA,1.000000
1067,Pan de avena,Oat bread,A0178 A0458 A0632 A0662 A0695 A0729 A0817 B1219 C0208 E0147 F0014 G0005 H0256 J0003 K0003 M0001 N0001 P0024 R0212 R0497 Z0112,BEDCA,1.000000
1068,Zumo de piña y uva,Pineapple and grape juice,A0127 A0455 A0629 A0708 A0732 A0766 A0841 B1484 C0140 E0114 F0014 G0003 H0362 J0123 K0003 M0194 N0001 P0024 R0212 R0497 Z0112 Z0205,BEDCA,1.000000
1069,"Riñón, de ternera, crudo","Kidney, veal, raw",A0150 A0459 A0633 A0716 A0726 A0739 A0796 B1349 C0196 E0150 F0003 G0003 H0003 J0001 K0003 M0001 N0001 P0024 R0212 R0497 Z0112,BEDCA,1.000000
1070,Pan de cebada,Barley bread,A0178 A0458 A0632 A0662 A0695 A0729 A0817 B1230 C0208 E0147 F0014 G0005 H0256 J0003 K0003 M0001 N0001 P0024 R0212 R0497 Z0112 Z0113,BEDCA,1.000000
1071,Pan de maíz,Corn bread,A0178 A0458 A0632 A0662 A0695 A0729 A0817 B1232 C0208 E0147 F0014 G0005 H0256 J0003 K0003 M0001 N0001 P0024 R0212 R0497 Z0112 Z0113,BEDCA,1.000000
1072,"Pasta alimenticia, con huevo, hervida","Pasta, with egg, boiled",A0275 A0457 A0631 A0694 A0729 A0768 A0815 B1079 C0208 E0153 F0014 G0014 H0138 H0186 H0366 J0116 K0003 M0001 N0001 P0024 R0212 R0497 Z0112,BEDCA,1.000000
1073,"Pasta alimenticia, con vegetales, cruda","Pasta, with vegetables, raw",A0275 A0457 A0631 A0694 A0729 A0768 A0815 B1079 C0208 E0153 F0003 G0003 H0138 H0212 J0116 K0003 M0001 N0001 P0024 R0212 R0497 Z0112,BEDCA,1.000000
1074,"Pasta alimenticia, integral, cruda","Pasta, whole, raw",A0275 A0457 A0631 A0694 A0729 A0768 A0815 B1079 C0133 E0140 F0003 G0003 H0138 J0116 K0003 M0001 N0001 P0024 R0212 R0497 Z0112,BEDCA,1.000000
1075,"Sesos, de cerdo, crudos","Brain, pork, raw",A0150 A0459 A0633 A0716 A0726 A0739 A0796 B1136 C0199 E0150 F0003 G0003 H0003 J0001 K0003 M0001 N0001 P0024 R0212 R0497 Z0112,BEDCA,1.000000
1076,"Pasta alimenticia, integral, hervida","Pasta, whole, boiled",A0275 A0457 A0631 A0694 A0729 A0768 A0815 B1079 C0133 E0140 F0014 G0014 H0138 J0116 K0003 M0001 N0001 P0024 R0212 R0497 Z0112,BEDCA,1.000000
1077,"Pasta alimenticia, rellena con carne, hervida","Pasta, filled with meat, boiled",A0275 A0457 A0631 A0694 A0729 A0768 A0815 B1079 C0208 E0140 F0014 G0014 H0191 H0207 J0001 K0003 M0001 N0001 P0024 R0212 R0497 Z0112,BEDCA,1.000000
1078,Pastel de manzana,Apple cake,A0253 A0456 A0632 A0695 A0729 A0768 A0821 B1245 C0229 E0105 F0014 G0005 H0136 H0147 H0152 H0207 H0221 H0227 J0001 K0003 M0001 N0001 P0024 R0212 R0497 Z0112,BEDCA,1.000000
1079,"Zumo de pomelo, envasado",Grapefruit juice,A0127 A0455 A0629 A0708 A0732 A0766 A0841 B1507 C0140 E0114 F0014 G0003 H0001 J0123 K0003 M0194 N0001 P0024 R0212 R0497 Z0112 Z0205,BEDCA,1.000000
1080,"Sesos, de cordero, crudos","Brain, lamb, raw",A0150 A0459 A0633 A0716 A0726 A0739 A0796 B1669 C0199 E0151 F0003 G0003 H0003 J0001 K0003 M0001 N0001 P0024 R0212 R0497 Z0112,BEDCA,1.000000
1081,Zumo de mango,Mango juice,A0127 A0455 A0629 A0708 A0732 A0766 A0841 B1270 C0140 E0114 F0014 G0003 H0001 J0123 K0003 M0194 N0001 P0024 R0212 R0497 Z0112 Z0205,BEDCA,1.000000
1083,"Quinoa, cruda","Quinoa, raw",A0125 A0457 A0631 A0683 A0696 A0729 A0812 B2027 C0155 E0150 F0001 G0003 H0138 J0116 K0003 M0001 N0001 P0024 R0212 R0497 Z0205 Z0215,BEDCA,1.000000
1084,"Sémola de trigo, cruda","Ground wheat, raw",A0149 A0457 A0631 A0696 A0729 A0759 A0812 B1079 C0208 E0117 F0003 G0003 H0138 J0116 K0003 M0001 N0001 P0024 R0212 R0497 Z0112 Z0205,BEDCA,1.000000
1085,"Sémola de trigo, hervida","Ground wheat, boiled",A0149 A0457 A0631 A0696 A0729 A0759 A0812 B1079 C0208 E0117 F0014 G0014 H0138 J0116 K0003 M0001 N0001 P0024 R0212 R0497 Z0109 Z0205,BEDCA,1.000000
1086,Sobao,"Traditional sponge cake, sobao",A0210 A0456 A0630 A0698 A0735 A0768 A0864 B1312 C0208 E0105 F0014 G0005 H0152 H0158 H0178 H0221 J0003 K0003 M0001 N0001 P0024 R0212 R0497 Z0112,BEDCA,1.000000
1088,"Trigo, entero, crudo","Wheat, whole, raw",A0125 A0457 A0631 A0683 A0696 A0729 A0812 B1312 C0155 E0150 F0003 G0003 H0001 J0001 K0003 M0001 N0001 P0024 R0212 R0497 Z0205 Z0215,BEDCA,1.000000
1089,"Zumo de lima, envasado",Lime juice,A0127 A0455 A0629 A0708 A0732 A0766 A0841 B1067 C0140 E0114 F0014 G0003 H0001 J0123 K0003 M0194 N0001 P0024 R0212 R0497 Z0112 Z0205,BEDCA,1.000000
1090,Zumo de grosella roja,Red currant juice,A0127 A0455 A0629 A0708 A0732 A0766 A0841 B1055 C0140 E0114 F0014 G0003 H0001 J0123 K0003 M0194 N0001 P0024 R0212 R0497 Z0112 Z0205,BEDCA,1.000000
1091,Zumo de grosella negra,Black currant juice,A0127 A0455 A0629 A0708 A0732 A0766 A0841 B1192 C0140 E0114 F0014 G0003 H0001 J0123 K0003 M0194 N0001 P0024 R0212 R0497 Z0112 Z0205,BEDCA,1.000000
1092,Vodka,Vodka,A0120 A0465 A0639 A0713 A0734 A0850 B1324 C0133 E0123 F0014 G0003 H0232 H0270 J0003 K0003 M0130 N0040 P0024 R0212 R0497 Z0112,BEDCA,1.000000
1094,"Té, infusión, con leche","Tea infusion, with milk",A0268 A0465 A0639 A0710 A0734 A0762 A0845 B1623 C0200 E0123 F0014 G0003 H0148 H0184 J0003 K0003 M0001 N0001 P0024 R0212 R0497 Z0110 Z0205,BEDCA,1.000000
1095,"Vermut, s/e","Vermuth, n/e",A0224 A0465 A0639 A0713 A0734 A0850 B1329 C0140 E0123 F0003 G0003 H0117 H0158 H0160 H0232 J0003 K0003 M0132 N0040 P0024 R0212 R0497 Z0112 Z0205,BEDCA,1.000000
1096,Ron,Rum,A0200 A0465 A0639 A0663 A0713 A0734 A0850 B1378 C0207 E0123 F0014 G0003 H0232 H0253 H0270 J0001 K0003 M0001 N0001 P0024 R0212 R0497 Z0112 Z0205,BEDCA,1.000000
1097,"Refresco, sabor naranja, sin gas","Soft drink, orange flavoured, no carbonated",A0241 A0465 A0639 A0709 A0734 A0843 B1217 C0005 E0123 F0001 G0003 H0136 H0200 H0227 J0001 K0003 M0001 N0001 P0024 R0212 R0497 Z0112,BEDCA,1.000000
1098,"Refresco, sabor limón, con gas","Carbonated drink, lemon",A0241 A0465 A0639 A0709 A0734 A0843 B1217 C0005 E0123 F0001 G0003 H0109 H0136 H0200 H0227 J0001 K0003 M0001 N0001 P0024 R0212 R0497 Z0112,BEDCA,1.000000
1099,Néctar de pomelo,Grapefruit nectar,A0196 A0465 A0639 A0663 A0708 A0734 A0841 B1507 C0140 E0121 F0018 G0003 H0148 H0154 H0211 J0135 K0003 M0194 N0001 P0024 R0212 R0497 Z0112,BEDCA,1.000000
1100,Néctar de piña,Pineapple nectar,A0196 A0465 A0639 A0663 A0708 A0734 A0841 B1484 C0140 E0121 F0018 G0003 H0148 H0154 H0211 J0135 K0003 M0194 N0001 P0024 R0212 R0497 Z0112,BEDCA,1.000000
1101,"Néctar de pera, envasado",Pear nectar,A0196 A0465 A0639 A0663 A0708 A0734 A0841 B1344 C0140 E0121 F0018 G0003 H0148 H0154 H0211 J0135 K0003 M0194 N0001 P0024 R0212 R0497 Z0112,BEDCA,1.000000
1102,"Galleta, tipo ""Digestiva""","Cookie, ""digestive"" type",A0203 A0458 A0632 A0663 A0695 A0729 B1312 C0133 E0140 F0014 G0005 H0158 H0272 J0100 K0003 M0001 N0001 P0024 R0212 R0497 Z0112 Z0205,BEDCA,1.000000
1103,"Néctar de naranja, envasado",Orange nectar,A0196 A0465 A0639 A0663 A0708 A0734 A0841 B1339 C0140 E0121 F0018 G0003 H0148 H0154 H0211 J0135 K0003 M0194 N0001 P0024 R0212 R0497 Z0112,BEDCA,1.000000
1104,Néctar de melocotón,Peach nectar,A0196 A0465 A0639 A0663 A0708 A0734 A0841 B1350 C0140 E0121 F0018 G0003 H0148 H0154 H0211 J0135 K0003 M0194 N0001 P0024 R0212 R0497 Z0112,BEDCA,1.000000
1105,"Néctar de maracuyá, envasado",Maracuya nectar,A0196 A0465 A0639 A0663 A0708 A0734 A0841 C0140 E0121 F0018 G0003 H0148 H0154 H0211 J0135 K0003 M0194 N0001 P0024 R0212 R0497 Z0112,BEDCA,1.000000
1106,"Néctar de albaricoque, envasado",Apricot nectar,A0196 A0465 A0639 A0663 A0708 A0734 A0841 B1529 C0140 E0121 F0018 G0003 H0148 H0154 H0211 J0135 K0003 M0194 N0001 P0024 R0212 R0497 Z0112,BEDCA,1.000000
1107,Coñac,Cognac,A0200 A0465 A0639 A0663 A0713 A0734 A0850 B1329 C0140 E0123 F0014 G0003 H0232 H0253 H0270 J0104 K0003 M0130 N0040 P0024 R0212 R0497 Z0112,BEDCA,1.000000
1108,"Cerveza, oscura, 8°- 9°","Beer, stout, 8°- 9°",A0195 A0465 A0639 A0662 A0711 A0734 B1230 C0102 E0123 F0001 G0003 H0229 H0232 H0246 J0001 K0003 M0001 N0001 P0024 R0212 R0497 Z0112,BEDCA,1.000000
1109,"Café, en polvo, sin reconstituir","Coffee, powder",A0268 A0465 A0639 A0662 A0710 A0845 B1305 C0155 E0117 F0014 G0003 H0138 J0001 K0003 M0001 N0001 P0024 R0212 R0497 Z0112,BEDCA,1.000000
1110,Soda,Soda,A0241 A0465 A0639 A0709 A0734 A0842 B1217 C0005 E0123 F0014 G0003 H0100 H0108 H0175 J0123 K0003 M0194 N0001 P0024 P0103 P0132 R0212 R0497 Z0112,BEDCA,1.000000
1111,Germen de trigo,Wheat germ,A0149 A0457 A0631 A0683 A0696 A0729 A0812 B1312 C0182 E0106 F0003 G0003 H0138 J0116 K0003 M0001 N0001 P0024 R0212 R0497 Z0205 Z0215,BEDCA,1.000000
1112,Harina de centeno,Rye flour,A0149 A0457 A0631 A0693 A0729 A0759 A0813 B1313 C0208 E0106 F0003 G0003 H0138 J0116 K0003 M0001 N0001 P0024 R0212 R0497 Z0112 Z0205,BEDCA,1.000000
1113,"Harina de trigo, integral",Wheat whole flour,A0149 A0457 A0631 A0693 A0729 A0759 A0813 B1312 C0133 E0106 F0003 G0003 H0138 J0116 K0003 M0001 N0001 P0024 R0212 R0497 Z0112 Z0205,BEDCA,1.000000
1114,"Maíz, en mazorca, crudo","Corn, on the cob, raw",A0125 A0457 A0631 A0683 A0696 A0729 A0812 B1580 C0133 E0150 F0003 G0003 H0003 J0001 K0003 M0001 N0001 P0024 R0212 R0497 Z0215,BEDCA,0.830000
1115,Pastel con fruta confitada,Fruit cake,A0253 A0456 A0632 A0695 A0729 A0768 A0821 B1347 C0174 E0105 F0014 G0005 H0136 H0147 H0152 H0221 J0001 K0003 M0001 N0001 P0024 R0212 R0497 Z0112,BEDCA,1.000000
1116,Pastel de chocolate,Chocolate cake,A0253 A0456 A0632 A0695 A0729 A0768 A0821 B1047 C0001 E0105 F0014 G0005 H0136 H0152 H0221 H0231 H0355 J0001 K0003 M0001 N0001 P0024 R0212 R0497 Z0112,BEDCA,1.000000
1117,"Pasta alimenticia, cruda","Pasta, raw",A0275 A0457 A0631 A0694 A0729 A0768 A0815 B1079 C0208 E0153 F0003 G0003 H0138 H0366 J0116 K0003 M0001 N0001 P0024 R0212 R0497 Z0112,BEDCA,1.000000
1118,"Pasta alimenticia, con huevo, cruda","Pasta, with egg, raw",A0275 A0457 A0631 A0694 A0729 A0768 A0815 B1079 C0208 E0153 F0003 G0003 H0138 H0186 H0366 J0116 K0003 M0001 N0001 P0024 R0212 R0497 Z0112,BEDCA,1.000000
1119,"Cereales para el desayuno, ricos en fibra, tipo ""all-bran""","Breakfast cereal, whole wheat, ""all bran"" type",A0258 A0457 A0631 A0692 A0729 A0768 A0816 B1312 C0133 E0153 F0014 G0003 H0100 H0138 H0181 H0194 H0215 H0216 H0274 J0116 K0003 M0155 N0001 P0024 R0212 R0497 Z0112,BEDCA,1.000000
1120,"Arroz hinchado, para el desayuno, enriquecido","Puffed rice, breakfast cereals, enriched",A0258 A0457 A0631 A0692 A0729 A0768 A0816 B1322 C0208 E0153 F0014 G0003 H0138 H0181 H0215 H0216 H0227 H0268 J0116 K0003 M0155 N0001 P0024 R0212 R0497 Z0112,BEDCA,1.000000
1121,Tofu,Tofu,A0152 A0467 A0629 A0704 A0730 A0765 A0831 B1452 C0134 E0119 F0014 G0015 H0148 H0478 H0562 J0001 K0001 M0001 N0001 P0024 R0212 R0497 Z0215,BEDCA,1.000000
1122,"Soja, seca, remojada, hervida","Soybean, dry, soaked, boiled",A0152 A0455 A0629 A0704 A0730 A0757 A0831 B1452 C0155 E0131 F0014 G0014 G0036 H0138 J0116 K0001 M0001 N0001 P0024 R0212 R0497 Z0052 Z0215,BEDCA,1.000000
1123,"Haba, seca","Broad bean, dried",A0152 A0455 A0629 A0650 A0704 A0730 A0831 B1367 C0136 E0131 F0001 G0003 H0138 J0001 K0001 M0001 N0001 P0024 R0212 R0497 Z0052 Z0215,BEDCA,1.000000
1124,"Soja, fresca","Soybean, fresh",A0152 A0455 A0629 A0680 A0704 A0730 A0831 B1452 C0155 E0150 F0003 G0003 H0001 J0116 K0001 M0001 N0001 P0024 R0212 R0497 Z0205 Z0215,BEDCA,1.000000
1125,Harina de soja,Soy flour,A0149 A0457 A0631 A0693 A0729 A0759 A0813 B1452 C0208 E0106 F0003 G0003 H0138 J0116 K0003 M0001 N0001 P0024 R0212 R0497 Z0112 Z0205,BEDCA,1.000000
1126,"Lenteja, en conserva","Lentil, canned",A0152 A0455 A0629 A0680 A0704 A0730 A0831 B1268 C0135 E0150 F0014 G0014 H0148 H0367 J0123 K0017 M0194 N0001 P0024 R0212 R0497 Z0052 Z0112,BEDCA,1.000000
1127,"Sésamo, semilla","Sesame, seed",A0260 A0467 A0629 A0652 A0703 A0730 A0823 B1226 C0133 E0150 F0003 G0003 H0001 J0001 K0003 M0001 N0001 P0024 R0212 R0497 Z0205 Z0215,BEDCA,1.000000
1128,"Haba, seca, remojada, hervida","Broad bean, dried, steeped, boiled",A0152 A0455 A0629 A0650 A0704 A0730 A0831 B1367 C0136 E0131 F0014 G0014 G0036 H0138 J0116 K0001 M0001 N0001 P0024 R0212 R0497 Z0052 Z0109,BEDCA,1.000000
1129,"Soja, seca, cruda","Soybean, dry, raw",A0152 A0455 A0629 A0704 A0730 A0757 A0831 B1452 C0155 E0131 F0001 G0003 H0138 J0116 K0001 M0001 N0001 P0024 R0212 R0497 Z0052 Z0205 Z0215,BEDCA,1.000000
1130,"Yogur, enriquecido, natural, con nata","Yogurt, enriched, plain, with cream",A0101 A0452 A0626 A0721 A0724 A0776 A0778 B1201 C0235 E0119 F0014 G0003 H0101 H0184 H0247 H0296 J0123 K0003 M0188 N0036 N0042 P0024 R0212 R0497 Z0112,BEDCA,1.000000
1131,"Yogur, enriquecido, con frutas","Yogurt, enriched, with fruits",A0101 A0452 A0626 A0721 A0724 A0776 A0778 B1201 C0235 E0119 F0014 G0003 H0101 H0147 H0184 H0227 H0247 H0296 J0123 K0003 M0188 N0036 N0042 P0024 R0212 R0497 Z0112,BEDCA,1.000000
1133,"Yogur líquido, natural, azucarado","Drinking yogurt, plain, sweetened",A0101 A0452 A0626 A0721 A0724 A0776 A0778 B1201 C0235 E0114 F0014 G0003 H0117 H0158 H0247 J0123 J0131 K0003 M0187 N0036 P0024 R0212 R0497 Z0112,BEDCA,1.000000
1135,"Yogur, desnatado, con cereza y frambuesa","Yogurt, skimmed, with cherry and raspberry",A0101 A0452 A0626 A0721 A0724 A0776 A0778 B1201 C0235 E0134 F0014 G0003 H0101 H0147 H0248 H0395 J0123 K0003 M0188 N0036 N0042 P0024 R0212 R0497 Z0112,BEDCA,1.000000
1137,"Yogur, desnatado, con frutas del bosque","Yogurt, skimmed, with fruits of the forest",A0101 A0452 A0626 A0721 A0724 A0776 A0778 B1201 C0235 E0119 F0014 G0003 H0101 H0147 H0184 H0248 J0123 K0003 M0188 N0036 N0042 P0024 R0212 R0497 Z0112,BEDCA,1.000000
1140,"Yogur, desnatado, con frutas tropicales","Yogurt, skimmed, with tropical fruits",A0101 A0452 A0626 A0721 A0724 A0776 A0778 B1201 C0235 E0134 F0014 G0003 H0101 H0147 H0184 H0248 J0123 K0003 M0188 N0036 N0042 P0024 R0212 R0497 Z0112,BEDCA,1.000000
1141,"Yogur, desnatado, con manzana","Yogurt, skimmed, with apple",A0101 A0452 A0626 A0721 A0724 A0776 A0778 B1201 C0235 E0134 F0014 G0003 H0101 H0147 H0184 H0248 H0395 J0123 K0003 M0188 N0036 N0042 P0024 R0212 R0497 Z0112,BEDCA,1.000000
1143,"Yogur, enriquecido, natural","Yogurt, enriched, plain",A0101 A0452 A0626 A0721 A0724 A0776 A0778 B1201 C0235 E0119 F0014 G0003 H0101 H0184 H0247 H0296 J0123 K0003 M0187 N0036 P0024 R0212 R0497 Z0112,BEDCA,1.000000
1144,"Yogur, desnatado, con melocotón y maracuyá","Yogurt, skimmed, with peach and yellow passion fruit",A0101 A0452 A0626 A0721 A0724 A0776 A0778 B1201 C0235 E0134 F0014 G0003 H0101 H0147 H0184 H0227 H0248 J0123 K0003 M0188 N0036 N0042 P0024 R0212 R0497 Z0112,BEDCA,1.000000
1145,"Yogur, enriquecido, natural, azucarado","Yogurt, enriched, plain, sweetened",A0101 A0452 A0626 A0721 A0724 A0776 A0778 B1201 C0235 E0119 F0014 G0003 H0101 H0158 H0184 H0247 H0296 J0123 K0003 M0188 N0036 N0042 P0024 R0212 R0497 Z0112,BEDCA,1.000000
1149,"Yogur, desnatado, con piña y pomelo","Yogurt, skimmed, with pineapple and grapefruit",A0101 A0452 A0626 A0721 A0724 A0776 A0778 B1201 C0235 E0134 F0014 G0003 H0147 H0184 H0227 H0248 J0123 K0003 M0188 N0036 N0042 P0024 Z0112,BEDCA,1.000000
1150,"Yogur, enriquecido, sabor, s/e","Yogurt, enriched, unspecified flavour",A0101 A0452 A0626 A0721 A0724 A0776 A0778 B1201 C0235 E0119 F0014 G0003 H0101 H0158 H0184 H0227 H0247 H0296 J0123 K0003 M0188 N0036 N0042 P0024 R0212 R0497 Z0112,BEDCA,1.000000
1155,"Yogur, líquido, desnatado, natural","Drinking yogurt, skimmed, plain",A0452 A0626 A0721 A0724 A0776 A0778 B1201 C0235 E0138 F0014 G0003 H0101 H0158 H0184 H0248 J0123 K0003 M0187 N0036 P0024 R0212 R0497 Z0112,BEDCA,1.000000
1158,"Yogur, desnatado, sabor vainilla","Yogurt, skimmed, vanilla flavour",A0101 A0452 A0626 A0721 A0724 A0776 A0778 B1201 C0235 E0119 F0014 G0003 H0101 H0184 H0248 H0395 J0123 K0003 M0188 N0036 N0042 P0024 R0212 R0497 Z0112,BEDCA,1.000000
1159,"Yogur, entero, con fresas","Yogurt, whole milk, with strawberry",A0101 A0452 A0626 A0721 A0724 A0776 A0778 B1201 C0235 E0134 F0014 G0003 H0101 H0147 H0184 H0227 H0247 J0123 K0003 M0188 N0036 N0042 P0024 R0212 R0497 Z0112,BEDCA,1.000000
1160,"Yogur líquido, con frutas s/e","Yogurt, liquid, whole milk, with fruits",A0101 A0452 A0626 A0721 A0724 A0776 A0778 B1201 C0235 E0121 F0014 G0003 H0101 H0136 H0147 H0158 H0184 H0247 H0362 J0123 K0003 M0187 N0036 P0024 R0212 R0497 Z0112,BEDCA,1.000000
1161,Fuet,"Cured sausage, ""fuet"" type",A0221 A0459 A0633 A0667 A0714 A0726 A0798 B1136 C0268 E0151 F0014 G0001 H0227 H0289 J0001 K0003 M0001 N0001 P0024 R0212 R0497 Z0018 Z0112,BEDCA,0.440000
1162,"Conejo de granja, carne, cruda","Farm rabbit, meat, raw",A0150 A0459 A0726 A0737 A0793 B1323 C0120 E0133 F0003 G0003 H0003 J0001 K0001 M0001 N0001 P0024 R0212 R0497 Z0019,BEDCA,0.570000
1163,"Bacalao, salado, crudo","Cod, salted, raw",A0267 A0460 A0634 A0717 A0727 A0747 A0802 B1842 C0268 E0152 F0003 G0003 H0173 J0103 K0003 M0001 N0001 P0024 R0212 R0495 Z0056 Z0112,BEDCA,0.800000
1164,"Calamar, conserva","Squid, canned",A0267 A0460 A0634 A0717 A0727 A0752 A0802 B1205 C0125 E0152 F0014 G0003 H0003 H0263 H0367 J0123 K0021 M0182 N0023 P0024 R0212 R0497 Z0062 Z0112,BEDCA,1.000000
1165,"Confitura, frutas s/e, baja en calorías","Preserve fruit, fruit n/e, light",A0251 A0456 A0630 A0663 A0732 A0834 B1140 C0167 E0102 F0014 G0001 H0303 J0001 K0003 M0001 N0001 P0024 P0034 R0212 R0497 Z0112,BEDCA,1.000000
1166,"Guayaba, enlatada en almíbar","Guava, canned in syrup",A0143 A0455 A0629 A0649 A0707 A0732 A0833 B1333 C0229 E0133 F0014 G0003 H0136 J0123 K0023 M0194 N0001 P0024 R0001 Z0112 Z0205,BEDCA,1.000000
1167,"Piña, enlatada en su jugo","Pineapple, canned, in juice",A0143 A0455 A0629 A0660 A0707 A0732 A0833 B1484 C0229 E0152 F0014 G0003 H0136 J0123 K0039 M0194 N0001 P0024 R0212 R0497 Z0112,BEDCA,1.000000
1168,Kefir,Kefir,A0148 A0452 A0626 A0721 A0724 A0774 A0783 B1201 C0235 E0130 F0018 G0003 H0107 J0135 K0003 M0001 N0001 P0024 R0212 R0497 Z0112,BEDCA,1.000000
1169,"Angula, cruda","Elver, raw",A0267 A0460 A0634 A0717 A0727 A0747 A0801 B2299 C0173 E0150 F0003 G0003 H0001 J0001 K0003 M0001 N0001 P0024 R0212 R0497 Z0062 Z0215,BEDCA,1.000000
1172,"Ciruela, con piel, cruda","Yellow plum, with skin, raw",A0143 A0455 A0629 A0670 A0707 A0732 A0833 B1206 C0139 E0150 F0003 G0003 H0003 J0001 K0003 M0001 N0001 P0024 R0212 R0497 Z0112,BEDCA,0.000000
1173,"Huevo de gallina, clara, cruda","Egg,chicken, white, raw",A0261 A0461 A0635 A0718 A0725 A0744 A0790 B1713 C0241 E0139 F0001 G0003 H0003 J0001 K0003 M0001 N0001 P0024 R0212 R0497 Z0112,BEDCA,1.000000
1174,"Pescadilla, congelada, cruda","Whiting, frozen, raw",A0267 A0460 A0634 A0717 A0727 A0747 A0802 B1840 C0265 E0131 F0003 G0003 H0001 J0136 K0003 M0001 N0001 P0024 R0212 R0497 Z0056 Z0112 Z0215,BEDCA,0.000000
1175,"Guisante, congelado, crudo","Pea, frozen, raw",A0152 A0455 A0629 A0650 A0704 A0730 A0831 B1338 C0133 E0150 F0003 G0003 H0003 J0136 K0003 M0001 N0001 P0024 R0212 R0497 Z0112 Z0205,BEDCA,1.000000
1176,"Alcachofa, cruda","Artichoke, frozen, raw",A0152 A0455 A0629 A0650 A0705 A0731 A0826 B1466 C0237 E0148 F0003 G0003 H0001 J0136 K0001 M0001 N0001 P0024 R0212 R0497 Z0205 Z0215,BEDCA,0.000000
1177,"Brécol, crudo","Broccoli, raw",A0152 A0455 A0629 A0650 A0731 A0826 B1443 C0144 E0150 F0003 G0003 H0003 J0001 K0001 M0001 N0001 P0024 R0212 R0497 Z0112 Z0205 Z0215,BEDCA,0.000000
1178,"Col lombarda, hervida","Red cabbage, boiled",A0152 A0455 A0629 A0675 A0705 A0731 A0826 B2072 C0151 E0151 F0014 G0014 H0001 J0001 K0001 M0001 N0001 P0024 R0212 R0497 Z0109 Z0205,BEDCA,1.000000
1179,"Espárrago, verde","Asparagus, green",A0152 A0455 A0629 A0682 A0705 A0731 A0826 B1604 C0200 E0150 F0001 G0001 H0001 J0001 K0001 M0001 N0001 P0024 R0212 R0497 Z0205 Z0215,BEDCA,0.600000
1180,"Col de bruselas, cruda","Brussels sprout, frozen",A0152 A0455 A0629 A0675 A0705 A0731 A0826 B1611 C0151 E0151 F0001 G0001 H0001 J0136 K0001 M0001 N0001 P0024 R0212 R0497 Z0112 Z0205,BEDCA,0.000000
1182,Sofrito,Lightly-fried vegatables,A0286 A0463 A0629 A0663 A0722 A0735 A0862 B1300 C0240 E0134 F0014 G0028 H0212 H0341 H0350 H0367 J0003 K0003 M0003 N0001 P0024 R0212 R0497 Z0052 Z0112,BEDCA,1.000000
1183,"Calabaza, hervida","Pumpkin, boiled",A0152 A0455 A0629 A0676 A0705 A0731 A0828 B1456 C0229 E0152 F0014 G0014 H0367 J0001 K0003 M0001 N0001 P0024 R0212 R0497 Z0109 Z0205,BEDCA,1.000000
1185,"Grosella negra, cruda","Black currant, raw",A0143 A0455 A0629 A0671 A0707 A0732 A0833 B1192 C0140 E0150 F0003 G0003 H0003 J0001 K0003 M0001 N0001 P0024 R0212 R0497 Z0112 Z0205,BEDCA,1.000000
1186,"Mango, crudo","Mango, without skin, raw",A0143 A0455 A0629 A0668 A0707 A0732 A0833 B1270 C0229 E0150 F0003 G0003 H0003 J0001 K0003 M0001 N0001 P0024 R0212 R0497 Z0112,BEDCA,0.000000
1187,"Centeno, crudo","Rye, raw",A0125 A0457 A0631 A0683 A0696 A0729 A0812 B1313 C0155 E0150 F0001 G0003 H0138 J0116 K0003 M0001 N0001 P0024 R0212 R0497 Z0205 Z0215,BEDCA,1.000000
1188,"Cereales desayuno base de maíz, trigo y avena","Breakfast cereal, corn, wheat and oat",A0258 A0457 A0631 A0692 A0729 A0768 A0816 B1379 C0155 E0153 F0014 G0003 H0100 H0138 H0181 H0215 H0216 H0274 H0319 H0322 J0116 K0003 M0155 N0001 P0024 R0212 R0497 Z0112,BEDCA,1.000000
1777,Jamón ibérico de cebo,Iberian ham of land cebo-feed,A0797 B1136 C0269 E0150 F0003 H0144 J0139 K0003 P0024 R0212 Z0086,BEDCA,1.000000
1781,Jamón ibérico de bellota,Iberian acorn-feed ham,A1000 A0797 B1136 C0269 E0150 F0003 H0144 J0139 K0003 P0024 R0212 Z0086,BEDCA,1.000000
2123,Kebab,Kebab,A0467 A0722 A0735 A0861 B1134 C0005 E0147 F0014 G0001 H0152 H0191 H0212 H0367 J0142 K0003 M0001 N0001 P0024 R0403 Z0112,BEDCA2,1.000000
2124,Vinagre de vino,Wine vinegar,A0302 A0722 A0735 A0852 A1200 B1329 C0167 E0123 F0014 G0014 H0148 J0104 K0004 M0102 M0130 N0036 N0040 P0024 R0001 Z0112,BEDCA2,1.000000
2125,"Huevo de gallina, yema, cruda","Egg, chiken, yolk, raw",A0718 A0725 A0790 A1038 A1260 A1275 B1713 C0215 E0150 F0003 G0003 H0003 J0003 K0003 M0156 M0159 N0036 P0024 Z0154,BEDCA2,1.000000
2126,"Huevo de gallina, hervido, duro","Egg, chicken, cooked, hard boiled",A0718 A0725 A0790 A1038 A1260 A1275 B1713 C0194 E0150 F0014 G0015 H0003 J0003 K0003 M0001 N0001 P0024 Z0154,BEDCA2,1.000000
2127,Huevo de gallina fresco,"Egg, chicken, whole, raw",A0718 A0725 A0791 A1038 A1260 A1271 B1713 C0128 E0150 F0003 G0003 H0003 J0001 K0004 M0128 M0156 N0036 N0039 P0024 R0001 Z0112,BEDCA2,0.880000
2129,Anchoas en aceite vegetal,Anchovy in vegetable oil,A0717 A0727 A0802 A1140 A1265 A1285 B1554 C0120 E0150 F0014 G0013 H0263 H0367 J0123 K0021 M0175 M0182 M0204 N0042 P0024 R0001 Z0112,BEDCA2,1.000000
2130,Atún en aceite de oliva isabel,Tuna in olive oil,A0717 A0727 A0802 A1140 A1265 A1285 B1269 C0270 E0152 F0014 G0013 H0341 H0367 J0123 K0038 M0175 M0182 M0204 N0042 P0024 R0001 Z0112,BEDCA2,1.000000
2131,Atun en aceite vegetal,Tuna in vegetable oil,A0717 A0727 A0747 A0802 A1265 A1285 B1269 C0243 E0107 F0014 G0013 H0001 J0110 K0003 M0182 N0042 R0212 Z0058 Z0112 Z0153,BEDCA2,1.000000
2132,Atún en escabeche,Pickled tuna,A0717 A0727 A0802 A1140 A1265 A1285 B1269 C0270 E0152 F0014 G0013 H0200 H0263 H0367 J0123 K0040 M0175 M0182 M0204 N0042 P0024 R0001 Z0112,BEDCA2,1.000000
2133,"Atún, al natural","Tuna, canned in water",A0717 A0727 A0747 A0802 A1265 A1285 B1269 C0243 E0107 F0014 G0013 H0367 J0110 K0003 M0182 N0042 R0212 Z0058 Z0112 Z0153,BEDCA2,1.000000
2134,"Atún, crudo","Tuna, raw",A0717 A0727 A0747 A0802 A1265 A1285 B1269 C0243 E0150 F0003 G0003 H0003 J0142 K0003 M0001 N0001 R0212 Z0058 Z0153,BEDCA2,0.580000
2135,"Atún, plancha","Tuna, griddle",A0717 A0727 A0747 A0802 A1265 A1285 B1269 C0243 E0150 F0014 G0008 H0003 J0142 K0003 M0001 N0001 R0212 Z0058 Z0153,BEDCA2,1.000000
2136,Bacaladilla,Whiting,A0717 A0727 A0802 A1144 A1265 A1285 B1640 C0275 E0150 F0003 G0003 H0003 J0142 K0003 M0166 M0173 N0036 N0039 P0024 R0001 Z0215,BEDCA2,0.640000
2155,Cereales desayuno base muesli,"Breakfast cereal, granola",A0457 A0692 A0729 A0816 A0973 A1240 A1290 B1047 C0155 E0117 F0014 G0003 H0138 H0152 H0158 H0177 J0116 K0003 M0172 N0036 P0024 R0212 Z0112,BEDCA2,1.000000
2156,Mijo,Millet,A0457 A0696 A0729 A0814 A0965 A1240 B2505 C0155 E0150 F0003 G0003 H0001 J0003 K0003 M0003 N0001 P0024 R0212 Z0112,BEDCA2,1.000000
2157,Miso,Miso,A0722 A0735 A0859 A1276 B1452 C0155 E0119 F0001 G0003 H0128 H0338 H0367 J0003 K0001 M0001 N0001 P0024 R0001,BEDCA2,1.000000
2158,Muesli,Granola,A0457 A0692 A0729 A0816 A0970 A1240 A1290 B1047 C0155 E0117 F0014 G0003 H0138 H0147 H0152 H0177 J0116 K0003 M0172 N0036 P0024 R0212 Z0112,BEDCA2,1.000000
2159,Palmera,Butterfly cookies,A0202 A0456 A0695 A0733 A0821 A0951 A1240 A1290 B1312 C0155 E0147 F0014 G0005 H0158 H0184 H0186 H0221 J0003 K0003 M0001 N0001 P0024 R0212 Z0112,BEDCA2,1.000000
2160,"Pan blanco, de barra",White bread,A0691 A0729 A0817 A0943 A1240 A1290 B1312 C0165 E0150 F0014 G0005 H0319 H0367 H0752 J0003 K0003 M0159 N0039 P0024 Z0112,BEDCA2,1.000000
2161,"Pan blanco, de molde, tostado","Bread, sliced, toasted",A0691 A0729 A0820 A1240 A1290 B1312 C0155 E0131 F0014 G0003 H0136 H0367 H0398 H0751 J0003 K0003 M0172 N0036 P0188 Z0112,BEDCA2,1.000000
2162,"Pan blanco, frito","White bread, fried",A0691 A0729 A0820 A1240 A1290 B1312 C0155 E0131 F0014 G0035 H0751 J0003 K0003 M0001 N0001 P0024 Z0112,BEDCA2,1.000000
2163,Pan integral,Whole wheat bread,A0691 A0729 A0818 A0946 A1240 A1290 B1219 C0133 E0106 F0014 G0005 H0254 H0341 H0367 H0403 H0695 H0704 H0749 H0753 H0758 J0003 K0004 M0197 N0036 P0024 R0001 Z0112,BEDCA2,1.000000
2164,"Pan integral, de molde, tostado","Bread, whole wheat, sliced, toasted",A0691 A0729 A0820 A1240 A1290 B1312 C0165 E0131 F0014 G0003 H0136 H0367 H0751 J0003 K0003 M0172 N0036 P0188 Z0112,BEDCA2,1.000000
2165,"Pan blanco, tostado","White bread, toasted",A0178 A0458 A0632 A0662 A0695 A0729 A0817 B1312 C0208 E0147 F0014 G0005 G0010 H0256 J0003 K0003 M0001 N0001 P0024 R0212 R0497 Z0112,BEDCA2,1.000000
2166,"Pan blanco, tostado sin sal","White bread, toasted, without salt",A0178 A0458 A0632 A0662 A0695 A0729 A0817 B1312 C0208 E0147 F0014 G0005 G0010 H0256 J0003 K0003 M0001 N0001 P0024 P0080 R0212 R0497 Z0112,BEDCA2,1.000000
2167,Pan de centeno,Rye bread,A0691 A0729 A0817 A0943 A1240 A1290 B1313 C0165 E0150 F0014 G0005 H0319 H0367 H0752 J0003 K0003 M0159 N0039 P0024 Z0112,BEDCA2,1.000000
2168,Pan de leche,Milk bread,A0691 A0729 A0817 A0943 A1240 A1290 B1312 C0155 E0150 F0014 G0005 H0184 H0319 H0367 H0752 J0003 K0003 M0159 N0039 P0024 Z0112,BEDCA2,1.000000
2169,"Pan integral, sin sal","Whole wheat bread, without salt",A0691 A0729 A0820 A1240 A1290 B1312 C0165 E0131 F0014 G0005 H0751 J0003 K0003 M0001 N0001 P0024 Z0112,BEDCA2,1.000000
2170,"Pan integral, tostado","Whole bread, toasted",A0178 A0458 A0632 A0662 A0695 A0729 A0817 B1312 C0133 E0147 F0014 G0005 G0010 H0256 J0003 K0003 M0001 N0001 P0024 R0212 R0497 Z0112 Z0113,BEDCA2,1.000000
2171,Pan rallado,Breadcrumbs,A0457 A0691 A0729 A0817 A0943 A1240 A1290 B1312 C0155 E0106 F0014 G0005 H0180 H0753 J0116 K0001 M0172 N0036 P0024 Z0112,BEDCA2,1.000000
2173,Pan tostado integral,"Whole wheat bread, toast",A0691 A0729 A0818 A0946 A1240 A1290 B1219 C0158 E0136 F0014 G0010 H0263 H0367 H0749 H0753 H0754 J0003 K0004 M0156 M0166 M0213 N0036 N0039 P0024 R0001 Z0112,BEDCA2,1.000000
2174,"Pan, tipo hamburguesa",Burguer bread,A0691 A0729 A0820 A1240 A1290 B1312 C0155 E0131 F0014 G0003 H0136 H0367 H0751 J0003 K0003 M0172 N0036 P0188 Z0112,BEDCA2,1.000000
2175,Pastas de te,Tea cookie,A0457 A0695 A0729 A0821 A0936 A1240 A1290 B1324 C0155 E0147 F0014 G0005 H0158 H0271 J0003 K0003 M0001 N0001 P0024 R0212 Z0112,BEDCA2,1.000000
2176,Rosquilla,Ring-shaped pastry,A0248 A0456 A0695 A0733 A0821 A0951 A1240 B1312 C0155 E0147 F0014 G0005 H0158 H0184 H0186 H0221 J0003 K0003 M0001 N0001 P0024 R0212 Z0112,BEDCA2,1.000000
2177,Salvado de trigo,"Wheat, bran",A0693 A0729 A0813 A0969 A1240 A1290 B1312 C0288 E0150 F0001 G0003 H0138 H0318 J0116 M0159 N0039 P0024 Z0154,BEDCA2,1.000000
2178,Semilla de lino,"Flax, seeds",A0693 A0729 A0812 A0969 A1240 A1290 B1700 C0155 E0150 F0001 G0003 H0003 M0001 N0001 P0024 Z0154,BEDCA2,1.000000
2180,Torta de aceite,Oil cake,A0458 A0693 A0729 A0970 A1240 A1271 B1312 C0158 E0147 F0014 G0005 H0158 H0229 H0319 H0341 H0367 H0752 K0003 M0172 N0036 P0024 R0212 Z0112,BEDCA2,1.000000
2181,"Almendra, cruda, con cáscara","Almond, raw, in shell",A0260 A0455 A0629 A0652 A0703 A0730 A0823 B1272 C0133 E0150 F0003 G0003 H0001 J0001 K0003 M0001 N0001 P0024 R0212 R0497 Z0205 Z0215,BEDCA2,0.980000
2182,"Almendra, tostada","Almond, toast",A0455 A0703 A0730 A0824 A1003 A1282 B1272 C0155 E0150 F0014 G0010 H0367 J0003 K0003 M0172 N0036 P0024 R0212 Z0112,BEDCA2,1.000000
2183,Altramuz,Lupin,A0704 A0730 A0831 A1003 A1236 A1282 B1701 C0155 E0150 F0003 G0003 H0003 J0003 K0003 M0001 N0001 P0024 R0212 Z0154,BEDCA2,1.000000
2184,"Avellana, cruda, con cáscara","Filbert or hazelnut, raw, in shell",A0260 A0455 A0629 A0652 A0703 A0730 A0823 B1533 C0133 E0150 F0003 G0003 H0001 J0001 K0003 M0001 N0001 P0024 R0212 R0497 Z0112 Z0205,BEDCA2,0.610000
2185,"Cacahuete, crudo, con cáscara","Peanut, raw, in shell",A0260 A0455 A0629 A0652 A0703 A0730 A0824 B1337 C0133 E0150 F0003 G0003 H0001 J0001 K0003 M0001 N0001 P0024 R0212 R0497 Z0112 Z0205,BEDCA2,0.710000
2186,"Cacahuete, tostado, salado","Peanut, toasted, salted",A0260 A0455 A0629 A0652 A0703 A0730 A0824 B1337 C0155 E0151 F0014 G0010 H0138 H0173 H0233 J0001 K0003 M0001 N0001 P0024 R0212 R0497 Z0112 Z0205,BEDCA2,1.000000
2187,"Castaña, cruda",Chestnut,A0455 A0703 A0730 A0824 A1003 A1282 B1544 C0155 E0150 F0003 G0003 H0003 J0003 K0003 M0001 N0001 P0024 R0212 Z0204,BEDCA2,0.820000
2188,Crema de almendras,"Almond, cream",A0180 A0463 A0637 A0722 A0735 A0760 A0824 B1272 C0155 E0102 F0014 G0014 G0028 H0148 H0227 H0296 H0367 J0131 K0003 M0151 N0041 P0024 R0212 R0497 Z0109 Z0205,BEDCA2,1.000000
2189,Frutos secos,Nuts,A0455 A0703 A0730 A0824 A1003 A1282 B1213 C0155 E0150 F0014 G0010 H0367 J0003 K0003 M0172 N0036 P0024 R0212 Z0112,BEDCA2,1.000000
2191,"Garbanzo, en conserva","Chickpea, canned",A0152 A0455 A0629 A0680 A0704 A0731 A0831 B1172 C0114 E0150 F0014 G0014 H0148 H0367 J0123 K0017 M0194 N0001 P0024 R0212 R0497 Z0052 Z0112,BEDCA2,1.000000
2192,"Garbanzo, hervido","Chickpea, boiled",A0705 A0731 A0826 A1010 A1227 A1281 B1172 C0155 E0150 F0014 G0014 H0001 J0003 K0003 M0001 N0001 P0024 R0212 Z0154,BEDCA2,1.000000
2193,Guisantes en conserva,"Pea, canned",A0705 A0731 A0825 A1006 A1233 A1281 B1338 C0158 E0150 F0014 G0014 H0148 H0367 H0749 J0123 K0017 M0175 M0204 N0042 P0024 R0001 Z0112,BEDCA2,1.000000
2194,"Haba, fresca","Broad bean, fresh",A0152 A0455 A0629 A0650 A0704 A0730 A0831 B1367 C0169 E0150 F0003 G0003 H0003 J0001 K0003 M0001 N0001 P0024 R0212 R0497 Z0205 Z0215,BEDCA2,1.000000
2195,"Haba, frita","Broad bean, fried",A0705 A0731 A0826 A1010 A1227 A1281 B1371 C0155 E0150 F0014 G0035 H0001 J0003 K0003 M0001 N0001 P0024 R0212 Z0154,BEDCA2,1.000000
2196,Judía blanca,White bean,A0705 A0731 A0826 A1010 A1227 A1281 B1113 C0155 E0150 F0003 G0003 H0003 J0003 K0003 M0001 N0001 P0024 R0212 Z0154,BEDCA2,1.000000
2197,Judía pinta,Pinto bean,A0455 A0704 A0730 A0831 A1010 A1236 A1281 B1368 C0158 E0150 F0003 G0001 J0003 K0003 M0001 N0001 P0024 R0212 Z0204,BEDCA2,1.000000
2198,"Judía verde, cruda","Green been, raw",A0705 A0731 A0826 A1010 A1227 A1281 B1371 C0155 E0150 F0003 G0003 H0003 J0003 K0003 M0001 N0001 P0024 R0212 Z0154,BEDCA2,0.920000
2199,"Judías blancas, cocidas","White bean, boiled",A0705 A0731 A0826 A1010 A1227 A1281 B1113 C0155 E0150 F0022 G0014 H0001 J0003 K0003 M0001 N0001 P0024 R0212 Z0154,BEDCA2,1.000000
2200,"Lenteja, hervida","Lentil, boiled",A0705 A0731 A0826 A1010 A1227 A1281 B1268 C0155 E0150 F0014 G0014 H0001 J0003 K0003 M0001 N0001 P0024 R0212 Z0154,BEDCA2,1.000000
2201,Nuez,Walnut,A0703 A0730 A0824 A1004 A1236 A1282 B1290 C0165 E0150 F0003 G0003 H0003 J0003 K0003 M0003 N0003 P0024 R0001,BEDCA2,1.000000
2202,"Nuez, cruda, con cáscara","Walnut, raw, in shell",A0260 A0455 A0629 A0652 A0703 A0730 A0823 B1213 C0133 E0150 F0003 G0003 H0003 J0001 K0001 M0001 N0001 P0024 R0212 R0497 Z0112 Z0205,BEDCA2,0.450000
2203,"Piñón, crudo, con cáscara","Pine nut, raw, in shell",A0260 A0730 A0824 B1596 C0133 E0150 F0003 G0003 H0003 J0001 K0001 M0001 N0001 P0024 Z0205 Z0215,BEDCA2,0.300000
2204,Pipa de calabaza,Pumpkin seeds,A0703 A0730 A0824 A0975 A1236 A1282 B1719 C0158 E0150 F0003 G0003 H0003 J0003 K0004 M0166 N0036 P0024 R0001 Z0215,BEDCA2,0.720000
2205,Pipa de girasol,Sunflower seeds,A0703 A0730 A0824 A0975 A1236 A1282 B1547 C0158 E0150 F0003 G0003 H0003 J0003 K0004 M0166 N0036 P0024 R0001 Z0215,BEDCA2,0.720000
2206,"Pipas de girasol, peladas, con sal","Sunflower seeds, peeled, with salt",A0306 A0730 A0823 B1547 C0134 E0151 F0001 G0003 H0138 H0173 J0116 J0174 K0001 M0001 N0001 P0024 Z0112 Z0205,BEDCA2,1.000000
2207,Pistacho,Pistachio nut,A0703 A0730 A0824 A0975 A1236 A1282 B1213 C0165 E0150 F0003 G0003 H0003 J0003 K0003 M0001 N0003 P0024 R0001,BEDCA2,0.530000
2208,"Soja, frita","Soya, fried",A0705 A0731 A0860 A1010 A1227 A1281 B1452 C0165 E0150 F0014 G0035 K0029 M0001 N0001 P0024 Z0112,BEDCA2,1.000000
2212,"Acelga, cruda","Chard, raw",A0705 A0826 A1010 A1281 B1175 C0137 E0150 F0003 G0003 H0003 J0003 K0003 N0036 Z0154,BEDCA2,0.900000
2213,Caqui,Persimmon,A0707 A0732 A0833 A0992 A1221 A1279 B2766 C0140 E0150 F0003 G0003 H0003 J0003 K0003 M0003 N0001 P0188 Z0204,BEDCA2,0.840000
2214,Aceituna,Olive,A0705 A0731 A0826 A1010 A1230 A1281 B1299 C0167 E0150 F0003 G0003 H0148 H0367 J0004 K0004 M0134 M0175 N0040 N0042 P0024 R0001 Z0112,BEDCA2,0.780000
2215,"Aceituna negra, con hueso","Olive, black, with bone",A0143 A0455 A0629 A0663 A0707 A0732 A0826 B1170 C0140 E0150 F0014 G0001 H0148 H0227 H0367 H0368 H0491 J0123 K0017 M0151 M0204 N0001 P0024 R0212 R0497 Z0112 Z0205,BEDCA2,0.800000
2216,Aguacate,Avocado,A0705 A0731 A0826 A0992 A1230 A1281 B1470 C0137 E0150 F0003 G0003 H0003 J0003 K0004 M0166 M0213 N0036 P0024 R0001 Z0215,BEDCA2,0.600000
2217,Aguacate congelado,"Avocado, frozen",A0152 A0455 A0629 A0650 A0705 A0731 A0826 B1470 C0140 E0150 F0003 G0003 H0001 J0136 K0001 M0003 N0001 P0024 R0212 R0497 Z0112 Z0205,BEDCA2,0.720000
2218,Albaricoque,Apricot,A0707 A0732 A0833 A0992 A1225 A1279 B1709 C0140 E0150 F0003 G0003 H0003 J0003 K0004 M0213 N0036 P0024 R0001 Z0215,BEDCA2,0.820000
2219,Avellana,Hazelnut,A0703 A0730 A0824 A0992 A1223 A1282 B1533 C0165 E0150 F0003 G0003 H0003 J0003 K0004 M0166 N0036 P0024 R0001 Z0215,BEDCA2,0.410000
2220,Cereza,Cherry,A0707 A0732 A0833 A0992 A1226 A1279 B1306 C0140 E0150 F0003 G0003 H0003 J0003 K0004 M0177 M0186 N0035 N0036 P0024 R0001 Z0215,BEDCA2,0.870000
2221,"Chayote, crudo","Chayote, raw",A0705 A0826 A1010 A1281 B1730 C0137 E0150 F0003 G0003 H0003 J0003 K0003 N0036 Z0154,BEDCA2,0.990000
2222,Chirimoya,Custard apple,A0707 A0732 A0833 A0992 A1224 A1279 B1687 C0140 E0150 F0003 G0003 H0003 J0003 K0004 M0213 N0036 P0024 R0001,BEDCA2,0.600000
2223,"Ciruela, sin piel",Skinned plum,A0707 A0732 A0833 A0992 A1225 A1279 B3328 E0150 F0003 G0003 H0003 J0003 K0004 M0213 N0036 P0024 R0001,BEDCA2,1.000000
2224,Dátil,Date,A0707 A0732 A0833 A0992 A1221 A1279 B1209 C0137 E0150 F0003 G0003 H0003 J0003 K0003 M0172 N0036 P0188 Z0153,BEDCA2,0.900000
2225,Fresa,Strawberry,A0707 A0732 A0833 A0992 A1226 A1279 B1393 C0140 E0150 F0003 G0003 H0003 J0003 K0004 M0172 M0177 N0035 N0036 P0024 R0001,BEDCA2,0.950000
2226,Granada,Pomegranate,A0707 A0732 A0833 A0992 A1221 A1279 B1162 C0136 E0150 F0003 G0003 H0003 J0003 K0003 M0001 N0003 P0188 Z0204,BEDCA2,0.560000
2227,Higos y brevas,Figs,A0707 A0732 A0833 A0992 A1267 A1279 B1302 C0140 E0150 F0003 G0003 H0003 J0001 K0004 M0213 N0036 P0024 R0001,BEDCA2,0.850000
2228,Kiwi,Kiwi,A0707 A0732 A0833 A0992 A1267 A1279 B1664 C0140 E0150 F0003 G0003 H0003 J0003 K0004 M0213 N0036 P0024 R0001,BEDCA2,0.850000
2229,Mandarina,Tangerine,A0707 A0732 A0833 A0992 A1222 A1279 B1429 C0140 E0150 F0003 G0003 H0003 J0003 K0004 M0213 N0036 P0024 R0001,BEDCA2,0.720000
2230,"Mandarina, congelada","Tangerine, frozen",A0143 A0455 A0629 A0668 A0707 A0732 A0833 B1429 C0229 E0150 F0003 G0003 H0003 J0136 K0003 M0001 N0001 P0024 R0212 R0497 Z0112,BEDCA2,0.730000
2231,Manzana,Apple,A0707 A0732 A0833 A0994 A1224 A1279 B1245 C0140 E0150 F0003 G0003 H0003 J0003 K0004 M0213 N0036 P0024 R0001,BEDCA2,0.840000
2232,Melocotón,Peach,A0707 A0732 A0833 A0994 A1225 A1279 B1350 C0140 E0150 F0003 G0003 H0003 J0003 K0004 M0184 M0213 N0036 P0024 R0001 Z0215,BEDCA2,0.880000
2233,Melocotón en almíbar,Syrup peach,A0707 A0732 A0833 A0992 A1221 A1279 B1350 C0140 E0150 F0003 G0042 H0003 H0105 H0148 J0003 K0003 M0182 N0042 P0188 Z0204,BEDCA2,1.000000
2234,Melón,Melon,A0707 A0732 A0833 A0994 A1267 A1279 B1283 C0140 E0150 F0003 G0003 H0003 J0003 K0004 M0213 N0036 P0024 R0001,BEDCA2,0.600000
2235,Naranja,Orange,A0707 A0732 A0833 A0994 A1222 A1279 B1339 C0140 E0150 F0003 G0003 H0003 J0003 K0004 M0213 N0036 P0024 R0001,BEDCA2,0.730000
2236,Nectarina,Nectarine,A0707 A0732 A0833 A0994 A1267 A1279 B1436 C0140 E0150 F0003 G0003 H0003 J0003 K0004 M0213 N0036 P0024 R0001 Z0215,BEDCA2,0.890000
2237,"Nispero, conserva en su jugo","Medlar, canned in juice",A0143 A0455 A0629 A0669 A0707 A0732 A0833 B2014 C0229 E0150 F0014 G0003 H0003 J0123 K0039 M0001 N0001 P0024 R0212 R0497 Z0112,BEDCA2,1.000000
2238,"Nispero, sin piel , congelado","Medlar, withouth skin, frozen",A0143 A0455 A0629 A0669 A0707 A0732 A0833 B2014 C0229 E0150 F0003 G0003 H0003 J0136 K0003 M0001 N0001 P0024 R0212 R0497 Z0112,BEDCA2,0.650000
2239,Paraguaya,Flat peach,A0143 A0707 A0732 A0833 A0992 A1221 A1279 B1539 C0140 E0150 F0003 G0003 H0003 J0003 K0003 M0172 N0036 P0024 Z0154,BEDCA2,0.620000
2240,Pasta de fruta,Fruit paste,A0455 A0707 A0732 A0834 A0988 A1267 A1279 B1024 C0138 E0119 F0014 G0014 H0147 H0158 J0003 K0003 M0001 N0001 P0024 R0212 Z0112,BEDCA2,1.000000
2241,Pera,Pear,A0707 A0732 A0833 A1012 A1224 A1279 B1344 C0140 E0150 F0003 G0003 H0003 J0003 K0004 M0213 N0036 P0024 R0001,BEDCA2,0.870000
2242,Piña,Pineapple,A0707 A0732 A0833 A0994 A1267 A1279 B1246 C0140 E0150 F0003 G0003 H0003 J0003 K0004 M0213 N0036 P0024 R0001,BEDCA2,0.570000
2243,Piña en almíbar,Syrup pineapple,A0707 A0732 A0836 A0992 A1221 A1279 B1246 C0140 E0150 F0003 G0042 H0136 H0148 J0003 K0003 M0182 N0042 P0188 Z0204,BEDCA2,1.000000
2244,Piñon,Pine nut,A0703 A0730 A0824 A0975 A1236 A1282 B1596 C0165 E0150 F0003 G0003 H0003 J0003 K0004 M0166 N0036 P0024 R0001 Z0215,BEDCA2,1.000000
2245,Plátano,Banana,A0707 A0732 A0833 A0994 A1267 A1279 B1266 C0140 E0150 F0003 G0003 H0003 J0003 K0004 M0213 N0036 P0024 R0001,BEDCA2,0.660000
2246,Pomelo,Grapefruit,A0455 A0707 A0732 A0833 A0992 A1224 A1279 B1507 C0140 E0150 F0003 G0003 H0003 J0003 K0003 M0001 N0001 P0024 Z0204,BEDCA2,0.660000
2247,Sandía,Watermelon,A0669 A0707 A0732 A0833 A1224 A1279 B1391 C0140 E0150 F0003 G0003 H0003 J0003 K0004 M0128 M0213 N0036 P0024 R0001,BEDCA2,0.520000
2248,"Zumo de tomate, fresco","Tomato, fresh juice",A0264 A0455 A0629 A0662 A0705 A0731 A0841 B1276 C0140 E0139 F0003 G0003 H0003 J0003 K0003 M0001 N0001 P0024 R0212 R0497 Z0112 Z0205,BEDCA2,1.000000
2249,Uva blanca,White grapes,A0707 A0732 A0834 A0991 A1267 A1279 B1329 C0140 E0150 F0003 G0003 H0003 J0003 K0004 M0213 N0036 P0024 R0001,BEDCA2,0.900000
2250,"Uva blanca, congelada","White grape, frozen",A0143 A0455 A0629 A0671 A0707 A0732 A0833 B2121 C0140 E0150 F0003 G0003 H0003 J0136 K0003 M0001 N0001 P0024 R0212 R0497 Z0112 Z0205,BEDCA2,1.000000
2251,Uva pasa,Raisin ,A0707 A0732 A0834 A0991 A1267 A1279 B1329 C0137 E0150 F0003 G0003 H0138 J0116 K0004 M0137 N0036 P0024 R0001 Z0215,BEDCA2,1.000000
2252,"Zumo de zanahoria, fresco","Carrot, fresh juice",A0264 A0455 A0629 A0705 A0731 A0841 B1227 C0238 E0114 F0003 G0003 H0001 J0003 K0003 M0001 N0001 P0024 R0212 R0497 Z0109 Z0205,BEDCA2,1.000000
2253,"Avestruz, solomillo, crudo","Ostrich, sirloin, raw",A0273 A0459 A0633 A0715 A0726 A0741 A0795 B2118 C0269 E0150 F0003 G0003 H0003 J0131 K0003 M0001 N0001 P0024 R0212 R0495 Z0027 Z0054 Z0112,BEDCA2,1.000000
2254,Butifarra,Butifarra sausage,A0221 A0714 A0726 A0793 A1257 A1277 B1136 C0125 E0119 F0001 G0003 H0229 H0367 J0131 K0003 M0212 N0056 P0188 R0212 Z0112,BEDCA2,1.000000
2256,Cecina,Couring beef,A0714 A0726 A0793 A1015 A1258 A1283 B1201 C0268 E0119 F0014 G0003 H0138 H0172 H0367 J0106 J0116 K0003 M0172 N0036 P0188 Z0112,BEDCA2,1.000000
2257,"Cerdo, chuleta, crudo","Pork, chop, raw",A0714 A0726 A0793 A1015 A1258 A1287 B1136 C0243 E0107 F0003 G0003 H0003 J0003 K0003 M0001 N0001 P0024 R0212 Z0154,BEDCA2,0.800000
2258,"Cerdo, costilla, crudo","Pork, rib, raw",A0714 A0726 A0793 A1015 A1258 A1287 B1136 C0243 E0107 F0003 G0003 H0003 J0003 K0003 M0001 N0001 P0024 R0212 Z0154 Z0215,BEDCA2,0.730000
2259,"Cerdo, lomo, crudo","Pork, loin, raw",A0714 A0726 A0793 A1015 A1258 A1280 B1136 C0270 E0107 F0003 G0003 J0003 M0172 N0036 P0024 R0212 Z0154,BEDCA2,1.000000
2260,"Cerdo, panceta, cruda","Bacon, raw",A0714 A0726 A0793 A1015 A1258 A1280 B1136 C0270 E0100 F0003 G0003 H0367 J0003 M0172 N0036 P0024 R0212 Z0154,BEDCA2,1.000000
2261,"Cerdo, parte sin especificar","Pork, not specified part",A0714 A0726 A0793 A1015 A1258 A1280 B1136 C0103 E0122 F0003 G0003 H0003 J0003 K0032 M0172 N0036 P0024 R0212 Z0154,BEDCA2,1.000000
2262,Chistorra,Chistorra sausage,A0714 A0726 A0798 A1015 A1258 A1277 B1136 C0268 E0119 F0003 G0001 J0001 K0003 M0172 M0212 N0036 N0056 P0024 R0212 Z0094 Z0112,BEDCA2,1.000000
2263,Choped pork,Pork luncheon meat,A0714 A0726 A0793 A1015 A1264 A1280 B2242 C0268 E0150 F0014 G0012 G0020 H0154 H0367 H0369 H0691 J0123 K0004 M0186 N0036 P0024 R0001,BEDCA2,1.000000
2264,Chorizo,Chorizo,A0714 A0726 A0798 A1015 A1264 A1280 B1134 C0103 E0151 F0014 G0003 H0003 J0003 K0004 M0199 N0036 N0039 P0024 P0026 R0001,BEDCA2,0.970000
2265,"Corazon de vaca, crudo","Beef (cow), heart, raw",A0716 A0726 A0796 A1015 A1264 B1134 C0201 F0003 G0003 H0003 J0131 K0003 M0003 N0003 P0024 R0001,BEDCA2,1.000000
2266,"Cordero, costilla, crudo","Lamb, rib, raw",A0714 A0726 A0793 A1015 A1258 A1287 B2396 C0243 E0107 F0003 G0003 H0003 J0003 K0003 M0001 N0001 P0024 R0212 Z0154,BEDCA2,0.670000
2267,"Cordero, parte sin especificar","Lamb, not specified part",A0714 A0726 A0793 A1015 A1258 A1287 B1669 C0266 E0151 F0003 G0003 H0003 J0131 K0001 M0166 M0173 N0036 N0039 P0024 R0001,BEDCA2,1.000000
2268,Croquetas de pollo,Chicken croquettes,A0722 A0735 A0861 A1015 A1264 A1275 B1457 C0103 E0135 F0014 G0024 H0117 H0184 H0186 H0272 H0317 H0349 H0367 H0411 H0430 H0431 H0447 H0456 H0491 H0539 H0555 H0681 H0704 H0759 J0136 K0001 M0166 N0036 P0024 R0001,BEDCA2,1.000000
2269,Foie gras,Foie gras,A0150 A0459 A0714 A0726 A1258 B1316 C0176 E0136 F0003 G0001 H0227 H0367 J0131 K0003 M0130 N0036 P0188 Z0112,BEDCA2,1.000000
2270,"Higado de pollo, crudo","Liver, chicken, raw",A0714 A0726 A0796 A1015 A1264 A1275 B1457 C0176 E0150 F0003 G0003 H0003 J0131 K0003 M0166 M0173 N0036 N0039 P0024 R0001,BEDCA2,1.000000
2271,Jamón asado,"Ham, roasted",A0714 A0726 A0793 A1015 A1258 A1280 B1136 C0265 E0150 F0003 G0005 H0138 H0367 J0116 K0003 M0001 N0001 P0188 Z0112,BEDCA2,1.000000
2272,"Jamón cocido, enlatado","Cooked ham, canned",A0150 A0459 A0633 A0714 A0726 A0737 A0793 B1136 C0125 E0145 F0014 G0012 H0227 H0253 J0108 K0003 M0287 N0042 P0024,BEDCA2,1.000000
2273,Jamón serrano,Cured ham,A0714 A0726 A0793 A1015 A1258 A1280 B1136 C0265 E0150 F0003 G0003 H0138 H0367 J0116 K0003 M0157 N0036 N0045 P0188 Z0112,BEDCA2,1.000000
2274,Lacón,"Shoulder cured ham, ""lacon""",A0714 A0726 A0797 A1015 A1258 A1280 B1136 C0218 E0131 F0003 G0003 H0367 J0141 K0004 M0157 M0172 N0036 N0045 P0024 R0001 Z0112,BEDCA2,1.000000
2275,"Lengua de cerdo, cruda","Pork, tongue, raw",A0150 A0459 A0633 A0716 A0726 A0739 A0796 B1136 C0189 E0150 F0003 G0003 H0003 J0131 K0003 M0001 N0001 P0024 R0212 R0497 Z0112,BEDCA2,1.000000
2276,"Lengua de cordero, cruda","Lamb, tongue, raw",A0150 A0459 A0633 A0716 A0726 A0739 A0796 B1669 C0189 E0150 F0003 G0003 H0003 J0131 K0003 M0001 N0001 P0024 R0212 R0497 Z0112,BEDCA2,1.000000
2277,Lomo embuchado,"Cured pork, loin",A0714 A0726 A0793 A1015 A1264 A1280 B2242 C0270 E0122 F0003 G0003 H0003 H0341 H0367 H0749 J0141 K0004 M0186 N0036 P0024 R0001,BEDCA2,0.970000
2278,Molleja de cordero,Lamb gizzard,A0714 A0726 A0793 A1015 A1258 A1287 B2396 C0109 E0107 F0003 G0003 H0003 J0003 K0003 M0001 N0001 P0024 R0212 Z0154,BEDCA2,1.000000
2280,Morcilla,Blood sausage,A0459 A0714 A0726 A0798 A1015 A1258 A1277 B1136 C0185 E0119 F0014 G0015 H0227 H0262 H0339 H0367 J0153 K0001 M0001 N0001 P0188 R0212 Z0112,BEDCA2,1.000000
2281,"Morcilla, frita","Blood sausage, fried",A0459 A0714 A0726 A0798 A1015 A1258 A1277 B1136 C0185 E0119 F0014 G0015 G0035 H0227 H0262 H0339 H0367 J0153 K0001 M0001 N0001 P0188 R0212 Z0112,BEDCA2,1.000000
2282,Mortadela,Bologna,A0714 A0726 A0793 A1018 A1264 A1275 B2242 C0268 E0150 F0003 G0003 H0319 H0367 H0487 H0493 H0511 H0669 H0691 H0749 J0003 K0004 M0186 N0036 P0024 R0001,BEDCA2,1.000000
2283,"Panceta, frita","Bacon, fried",A0714 A0726 A0793 A1015 A1258 A1280 B1136 C0270 E0100 F0014 G0035 H0367 J0003 M0172 N0036 P0024 R0212 Z0154,BEDCA2,1.000000
2284,"Pate de higado de cerdo, 30% de grasa","Pork liver pate, fat 30%",A0714 A0726 A0793 A1019 A1264 A1280 B2242 C0176 E0136 F0003 G0001 H0184 H0186 H0367 H0590 H0691 J0131 K0004 M0130 N0040 P0024 R0001 Z0112,BEDCA2,1.000000
2285,"Pavo, crudo","Turkey, raw",A0273 A0459 A0633 A0715 A0726 A0741 A0795 B1236 C0268 E0150 F0003 G0003 H0003 J0003 K0003 M0001 N0001 P0024 R0212 R0497 Z0003 Z0112,BEDCA2,1.000000
2286,"Pavo, fiambre",Turkey luncheon meat,A0714 A0726 A0797 A1015 A1264 A1288 B1236 C0103 E0151 F0014 G0020 H0148 H0157 H0487 H0609 H0669 H0691 J0131 K0004 M0137 N0036 P0024 R0001 Z0112 Z0183,BEDCA2,1.000000
2287,"Pavo, fiambre, bajo en grasa","Turkey luncheon meat, low fat",A0714 A0726 A0797 A1015 A1264 A1288 B1236 C0103 E0151 F0014 G0020 H0148 H0157 H0487 H0609 H0669 H0691 J0131 K0004 M0137 N0036 P0024 R0001 Z0112 Z0181,BEDCA2,1.000000
2288,"Pavo, pechuga, con piel, crudo","turkey, breast, with skin, raw",A0273 A0459 A0633 A0715 A0726 A0741 A0795 B1236 C0267 E0150 F0003 G0003 H0003 J0003 K0003 M0001 N0001 P0024 R0212 R0497 Z0003 Z0112 Z0158,BEDCA2,1.000000
2289,"Perdiz, cruda","Partridge, raw",A0459 A0715 A0726 A0795 A1020 A1258 A1275 B1382 C0173 E0150 F0003 G0003 H0003 J0003 K0003 M0001 N0001 P0024 R0212 Z0215,BEDCA2,1.000000
2290,"Pollo empanado, frito","Breaded chicken, fried",A0714 A0726 A0793 A1015 A1258 A1275 B1457 C0127 E0001 F0003 G0001 H0001 J0003 M0001 N0001 P0024 R0212 Z0109 Z0154,BEDCA2,1.000000
2291,"Pollo, ala, con piel, cruda","Chicken, wing, with skin, raw",A0273 A0459 A0633 A0715 A0726 A0741 A0795 B1457 C0267 E0150 F0003 G0003 H0003 J0003 K0003 M0001 N0001 P0024 R0212 R0497 Z0112 Z0157,BEDCA2,1.000000
2292,"Pollo, entero, con piel, crudo","chicken, whole, with skin, raw",A0273 A0459 A0633 A0715 A0726 A0741 A0795 B1457 C0267 E0150 F0003 G0003 H0003 J0003 K0003 M0001 N0001 P0024 R0212 R0497 Z0112,BEDCA2,1.000000
2293,"Pollo, fiambre",Chicken luncheon meat,A0714 A0726 A0797 A1015 A1264 A1275 B1457 C0103 E0151 F0014 G0020 H0157 H0254 H0487 H0609 H0669 H0691 J0131 K0027 M0128 N0036 P0024 R0001 Z0112 Z0183,BEDCA2,1.000000
2294,"Pollo, fiambre, bajo en grasa","Chicken luncheon meat, low fat",A0714 A0726 A0797 A1015 A1264 A1275 B1457 C0103 E0151 F0014 G0020 H0157 H0254 H0487 H0609 H0669 H0691 J0131 K0027 M0128 N0036 P0024 R0001 Z0112 Z0181,BEDCA2,1.000000
2295,"Pollo, frito","Chicken, fried",A0714 A0726 A0793 A1015 A1258 A1275 B1457 C0127 E0001 F0014 G0029 H0001 J0003 M0001 N0001 P0024 R0212 Z0109,BEDCA2,1.000000
2296,"Pollo, parte sin especificar","Chiken, part not specified",A0714 A0726 A0793 A1015 A1258 A1275 B1457 C0127 E0001 F0003 G0001 H0003 J0003 M0001 N0001 P0024 R0212 Z0154,BEDCA2,1.000000
2297,"Pollo, pechuga, plancha","Chiken, breast, grilled",A0714 A0726 A0793 A1015 A1258 A1275 B1457 C0103 E0122 F0014 G0006 H0001 J0003 K0032 M0172 N0036 P0024 R0212 Z0154,BEDCA2,1.000000
2298,"Pulmón, de cerdo, crudo","Pork lung, raw",A0150 A0459 A0633 A0716 A0726 A0739 A0796 B1136 C0187 E0150 F0003 G0001 H0003 J0001 K0003 M0001 N0001 P0024 R0212 R0497 Z0112,BEDCA2,1.000000
2299,"Pulmón, de cordero, crudo","Lamb lung, raw",A0150 A0459 A0633 A0716 A0726 A0739 A0796 B1669 C0187 E0151 F0003 G0003 H0003 J0001 K0003 M0001 N0001 P0024 R0212 R0497 Z0112,BEDCA2,1.000000
2300,"Pulmón, de ternera, crudo","Veal lung, raw",A0150 A0459 A0633 A0716 A0726 A0739 A0796 B1349 C0187 E0151 F0003 G0003 H0003 J0001 K0003 M0001 N0001 P0024 R0212 R0497 Z0112,BEDCA2,1.000000
2301,Rabo de toro,Oxtail,A0714 A0726 A0793 A1015 A1258 A1283 B1201 C0234 E0150 F0003 G0003 H0003 J0003 K0032 M0172 N0036 P0024 R0212 Z0154,BEDCA2,1.000000
2302,"Bacalao, crudo","Cod, raw",A0717 A0727 A0747 A0802 A1265 A1285 B1423 C0243 E0150 F0003 G0003 H0003 J0142 K0003 M0172 N0036 P0024 R0212 Z0153,BEDCA2,0.860000
2303,Salami,Salami,A0221 A0714 A0726 A0793 A1257 A1277 B1136 C0125 E0119 F0001 G0001 H0367 J0104 J0145 J0153 K0003 M0199 N0057 P0188 R0212 Z0094,BEDCA2,1.000000
2304,"Bacalao, frito","Codfish, fried",A0717 A0727 A0747 A0802 A1265 A1285 B1423 C0243 E0150 F0014 G0035 H0001 K0003 M0001 N0001 P0024 R0212 Z0109,BEDCA2,1.000000
2305,"Salchicha, fresca","Sausage, fresh",A0221 A0714 A0726 A0793 A1257 A1277 B1136 C0125 E0119 F0001 G0001 H0367 J0131 J0153 K0003 M0199 N0057 P0188 R0212 Z0094,BEDCA2,1.000000
2306,Berberechos,Cockles,A0717 A0727 A0803 A1152 A1265 A1285 B1317 C0173 E0150 F0003 G0003 H0003 J0142 K0004 M0128 M0166 M0173 M0213 N0036 N0039 N0046 P0024 R0001 Z0215,BEDCA2,0.800000
2307,Berberechos en conserva,"Cockles, canned ",A0717 A0727 A0801 A1148 A1265 A1285 B1317 C0125 E0150 F0014 G0013 H0148 H0367 J0123 K0017 M0175 M0182 N0042 P0024 R0001 Z0112,BEDCA2,1.000000
2308,Salchicha de pollo fresca,Fresh chicken sausage,A0667 A0714 A0726 A0797 A1018 A1275 B1457 C0218 E0152 F0003 G0001 H0003 J0131 K0004 M0186 N0036 P0024 R0001,BEDCA2,1.000000
2309,"Salchicha, tipo ""frankfurt""",Frankfurt sausage,A0714 A0726 A0798 A1015 A1258 A1277 B1136 C0268 E0119 F0014 G0001 H0172 J0106 J0120 J0174 K0027 M0172 N0036 P0024 Z0112,BEDCA2,1.000000
2310,Salchichón,Salchichon,A0667 A0714 A0726 A0798 A1019 A1280 B1136 C0127 E0151 F0003 G0003 H0229 H0262 H0367 J0172 K0004 M0173 M0391 N0036 N0039 P0024 R0001,BEDCA2,0.970000
2311,Sobrasada,Sobrasada,A0221 A0714 A0726 A0793 A1257 A1277 B1136 C0125 E0119 F0001 G0001 H0367 J0145 J0153 K0003 M0211 N0001 P0188 R0212 Z0112 Z0154,BEDCA2,1.000000
2312,Besugo,Sea bream,A0717 A0727 A0802 A1144 A1265 A1285 B2388 C0275 E0150 F0003 G0003 H0003 J0142 K0003 M0166 M0173 N0036 N0039 P0024 R0001 Z0215,BEDCA2,0.550000
2313,Bogavante,Clawed lobster,A0717 A0727 A0802 A1152 A1265 A1285 B1505 C0173 E0150 F0003 G0003 H0003 J0003 K0003 M0003 N0003 P0188 R0001,BEDCA2,0.380000
2314,Bonito en aceite vegetal,Albacore in vegetable oil,A0717 A0727 A0747 A0802 A1265 A1285 B1264 C0243 E0107 F0014 G0013 H0001 J0110 K0003 M0182 N0042 R0212 Z0058 Z0112 Z0153,BEDCA2,1.000000
2315,"Ternera, parte sin especificar, cruda, con grasa separable","Veal, not specified part, raw, with separable fat",A0150 A0459 A0633 A0714 A0726 A0737 A0794 B1349 C0269 E0150 F0003 G0003 H0001 J0001 K0003 M0001 N0001 P0024 R0212 R0497 Z0018 Z0112,BEDCA2,1.000000
2316,Boquerón,Anchovy,A0717 A0727 A0802 A1144 A1265 A1285 B1554 C0173 E0150 F0003 G0003 H0003 J0142 K0003 M0003 N0003 P0024 R0001,BEDCA2,0.700000
2317,Tocino,Bacon,A0714 A0726 A0738 A0797 A1022 A1280 B1105 C0193 E0104 F0003 G0003 H0367 J0131 K0004 M0128 M0137 M0173 N0036 N0039 P0024 R0001 Z0215,BEDCA2,1.000000
2318,"Boquerón, frito","Anchovy, fried",A0717 A0727 A0747 A0802 A1265 A1285 B1854 C0173 E0150 F0014 G0035 H0001 J0003 K0003 M0001 N0001 P0024 R0212 Z0109 Z0153,BEDCA2,1.000000
2319,"Caballa, cruda","Mackarel, raw",A0717 A0727 A0747 A0802 A1265 A1285 B1043 C0243 E0150 F0003 G0003 H0003 J0142 K0003 M0001 N0001 R0212 Z0058 Z0153,BEDCA2,1.000000
2320,"Calamar, asado","Squid, roasted",A0717 A0727 A0802 A1124 A1265 A1285 B1205 C0173 E0150 F0014 G0029 H0001 J0003 K0003 M0003 N0003 P0024 Z0153,BEDCA2,1.000000
2321,Camarón,Shrimp or common prawn,A0460 A0717 A0803 A1152 A1265 A1285 B2320 C0173 E0150 F0003 G0003 H0003 J0001 K0003 M0001 N0001 P0024 R0212 Z0153,BEDCA2,0.400000
2322,Longaniza,Sausage,A0714 A0726 A0798 A1015 A1258 A1277 B1136 C0268 E0119 F0001 G0001 J0001 K0003 M0172 M0212 N0036 N0056 P0024 R0212 Z0094 Z0112,BEDCA2,1.000000
2323,Calamares en aceite vegetal,Squid in vegetable oil,A0717 A0727 A0801 A1133 A1265 A1285 B1205 C0173 E0152 F0014 G0013 H0347 H0367 J0123 K0021 M0175 M0182 N0042 P0024 R0001 Z0112,BEDCA2,0.010000
2324,Cangrejo,Crab,A0717 A0727 A0802 A1152 A1265 A1285 B1335 C0173 E0150 F0003 G0003 H0003 J0142 K0001 M0003 N0003 P0188 R0001,BEDCA2,0.440000
2325,Cangrejo de río crudo,Crayfish raw,A0717 A0727 A0801 A1152 A1265 A1285 B2686 C0275 E0150 F0003 G0003 H0003 J0131 K0001 M0001 N0001 P0024 R0001,BEDCA2,0.230000
2326,Caracol,Snail,A1129 A1263 B2114 C0173 E0150 F0003 G0003 H0003 J0003 K0003 M0001 N0001 P0024 P0188 R0212 Z0153,BEDCA2,1.000000
2327,"Cardo, tallo, en conserva","Cardoon, stalk, canned",A0152 A0455 A0629 A0682 A0705 A0731 A0826 B1727 C0101 E0152 F0014 G0014 H0148 H0158 H0367 H0430 J0123 K0017 M0194 N0040 P0024 R0212 R0497 Z0112 Z0205,BEDCA2,1.000000
2328,"Centollo, crudo","Crab, raw",A0267 A0460 A0634 A0717 A0727 A0750 A0801 B2222 C0243 E0150 F0003 G0003 H0001 J0001 K0003 M0001 N0001 P0024 Z0062 Z0112,BEDCA2,1.000000
2329,Chipiron,Baby squid,A0717 A0727 A0802 A1124 A1265 A1285 C0173 E0150 F0003 G0003 H0003 J0003 K0003 M0003 N0003 P0024 Z0153,BEDCA2,0.700000
2330,Chirla,Baby clam,A0717 A0727 A0803 A1152 A1265 A1285 B2590 C0173 E0150 F0003 G0003 H0003 J0142 K0004 M0128 M0166 M0173 M0213 N0036 N0039 N0046 P0024 R0001 Z0215,BEDCA2,0.560000
2331,Cigala,Scampi,A0717 A0727 A0801 A1152 A1265 A1285 B1998 C0173 E0150 F0003 G0003 H0003 J0142 K0003 M0003 N0003 P0188 R0001,BEDCA2,0.470000
2332,Congrio,Conger,A0717 A0727 A0802 A1144 A1265 A1285 B2299 C0275 E0150 F0003 G0003 H0003 J0142 K0003 M0166 M0173 N0036 N0039 P0024 R0001 Z0215,BEDCA2,0.750000
2333,"Dorada, plancha","Gilt-head bream, griddle",A0717 A0727 A0747 A0802 A1265 A1285 B2858 C0243 E0150 F0014 G0008 H0001 J0142 K0003 M0172 N0036 P0026 R0212 Z0153,BEDCA2,1.000000
2334,"Faneca, cruda","Pout, raw",A0717 A0727 A0747 A0802 A1265 A1285 B3362 C0243 E0150 F0003 G0003 H0003 J0142 K0003 M0172 N0036 P0026 R0212 Z0153,BEDCA2,0.600000
2335,"Fletan, crudo","Halibut, raw",A0717 A0727 A0747 A0802 A1265 A1285 B3362 C0243 E0150 F0003 G0003 H0003 J0142 K0003 M0172 N0036 P0024 R0212 Z0153,BEDCA2,0.800000
2336,Gallo,Fourspotted megrim,A0717 A0727 A0802 A1144 A1285 B2710 C0275 E0150 F0003 G0003 H0003 J0142 K0003 M0166 M0173 N0036 N0039 P0024 R0001 Z0215,BEDCA2,0.560000
2337,"Gamba, hervida","Shrimp, boiled",A0717 A0727 A0802 A1124 A1265 A1285 B2486 C0173 E0150 F0014 G0014 H0001 J0003 K0003 M0003 N0003 P0024 Z0109 Z0153,BEDCA2,1.000000
2338,Caviar,Caviar,A0717 A0727 A0748 A0802 A1265 A1285 B2251 C0202 E0150 F0003 G0003 H0003 J0142 K0003 M0001 N0001 R0212 Z0153,BEDCA2,1.000000
2339,Langosta,Lobster,A0717 A0727 A0802 A1152 A1265 A1285 B1505 C0173 E0150 F0003 G0003 H0003 J0142 K0003 M0003 N0003 P0188 R0001,BEDCA2,0.380000
2340,Langostino,"Prawn, raw",A0717 A0727 A0803 A1148 A1265 A1285 B2486 C0173 E0150 F0003 G0003 H0003 J0003 K0004 M0213 N0036 N0046 P0024 R0001 Z0215,BEDCA2,0.470000
2341,Lenguado,Sole,A0717 A0727 A0802 A1144 A1265 A1285 B1511 C0275 E0150 F0003 G0003 H0003 J0142 K0003 M0166 M0173 N0036 N0039 P0024 R0001 Z0215,BEDCA2,0.550000
2342,"Lenguado, frito","Sole, fried",A0717 A0727 A0747 A0802 A1265 A1285 B1881 C0243 E0150 F0014 G0035 H0001 J0142 K0003 M0172 N0036 P0026 R0212 Z0153,BEDCA2,1.000000
2343,"Lenguado, plancha","Sole, griddle",A0717 A0727 A0747 A0802 A1265 A1285 B1881 C0243 E0150 F0014 G0008 H0001 J0142 K0003 M0172 N0036 P0026 R0212 Z0153,BEDCA2,1.000000
2344,Lubina,Seabass,A0717 A0727 A0802 A1144 A1265 A1285 B1524 C0275 E0150 F0003 G0003 H0003 J0142 M0166 M0173 N0036 N0039 P0024 R0001 Z0215,BEDCA2,0.670000
2345,Mejillon,Mussel,A0717 A0727 A0803 A1129 A1265 A1285 B1331 C0173 E0150 F0003 G0003 H0003 J0142 K0004 M0128 M0166 M0173 M0213 N0036 N0039 N0046 P0024 R0001 Z0215,BEDCA2,0.250000
2346,"Mejillón, en escabeche","Mussel, pickled",A0717 A0727 A0802 A1124 A1265 A1285 B1223 C0173 E0150 F0014 G0013 H0001 J0123 J0149 K0003 M0182 N0042 P0024 Z0112 Z0153,BEDCA2,1.000000
2347,Merluza fresca,"Hake, raw",A0717 A0727 A0747 A0802 A1146 A1285 B1291 C0103 E0104 F0003 G0003 H0001 J0142 K0003 M0003 N0039 P0024 R0001 Z0056,BEDCA2,0.800000
2348,"Merluza, rebozada, frita","Hake, coat in batter, deep fried",A0717 A0727 A0747 A0802 A1265 A1285 B1291 C0243 E0150 F0014 G0035 H0152 H0186 J0142 K0003 M0159 N0039 P0024 R0212 Z0109 Z0153,BEDCA2,1.000000
2349,"Mero, plancha","Grouper, griddle",A0717 A0727 A0747 A0802 A1265 A1285 B1496 C0243 E0150 F0014 G0008 H0001 J0142 K0003 M0172 N0036 P0026 R0212 Z0153,BEDCA2,1.000000
2350,Nécora,Velvet crab,A0717 A0727 A0803 A1154 A1265 A1285 B2351 C0173 E0150 F0003 G0003 H0003 J0142 K0004 M0166 M0172 M0173 M0213 N0036 N0039 N0046 P0024 R0001 Z0215,BEDCA2,0.440000
2351,"Panga, cruda","Iridescent shark, raw",A0717 A0727 A0747 A0802 A1265 A1285 B3361 C0243 E0150 F0003 G0003 H0003 J0142 K0003 M0172 N0036 P0024 R0212 Z0153,BEDCA2,1.000000
2352,Percebe, goose barnacle ,A0717 A0727 A0803 A1154 A1265 A1285 B2127 C0173 E0150 F0003 G0003 H0003 J0142 K0004 M0128 M0166 M0173 M0213 N0036 N0039 N0046 P0024 R0001 Z0215,BEDCA2,0.150000
2354,"Pescado, genérico",Fish,A0717 A0727 A0747 A0802 A1265 A1285 B1021 C0243 E0150 F0003 G0003 H0003 J0142 K0003 M0001 N0001 R0212 Z0058 Z0153,BEDCA2,1.000000
2356,"Pez espada, emperador, plancha","Swordfish, griddle",A0717 A0727 A0747 A0802 A1265 A1285 B2859 C0243 E0150 F0014 G0008 H0001 J0142 K0003 M0172 N0036 P0026 R0212 Z0153,BEDCA2,1.000000
2357,"Pijota, cruda","Young hake, raw",A0717 A0727 A0747 A0802 A1265 A1285 B3362 C0243 E0150 F0003 G0003 H0003 J0142 K0003 M0001 N0001 R0212 Z0153,BEDCA2,0.640000
2359,"Acelga, en conserva","Swiss chard, canned",A0152 A0455 A0629 A0678 A0705 A0731 A0826 B1175 C0200 E0152 F0014 G0001 H0148 H0367 H0430 H0491 J0123 K0017 M0194 N0001 P0024 R0212 R0497 Z0112 Z0205,BEDCA2,1.000000
2360,"Acelgas, hervidas","Chard, boiled",A0705 A0826 A1010 A1281 B1175 C0137 E0150 F0014 G0014 H0001 J0003 K0003 N0036 Z0154,BEDCA2,1.000000
2361,Ajo,Garlic,A0825 A0987 A1281 B3486 C0290 E0107 F0003 G0003 H0003 J0003 K0003 M0157 N0045 Z0204,BEDCA2,0.010000
2362,"Ajo, frito","Garlic, fried",A0825 A0987 A1281 B1233 C0290 E0107 F0014 G0035 H0003 J0003 K0003 M0157 N0045 Z0204,BEDCA2,1.000000
2363,Alcachofas en conserva,"Artichoke, canned",A0705 A0731 A0825 A1006 A1227 A1281 B1466 C0237 E0150 F0014 G0014 H0148 H0367 H0491 J0110 K0017 M0175 M0204 N0042 P0024 R0001 Z0112,BEDCA2,1.000000
2364,Alcaparra,Caper,A0705 A0731 A0860 A1006 A1227 A1281 B1247 C0140 E0150 F0003 G0003 H0003 J0003 K0003 M0130 N0040 P0024 Z0204,BEDCA2,0.800000
2365,Zumo de uva,Grape juice,A0708 A0732 A0834 A0992 A1221 A1279 B1329 C0137 E0123 F0018 G0003 H0136 J0135 K0003 M0172 N0036 P0026 Z0154,BEDCA2,1.000000
2366,"Apio, crudo","Celery, raw",A0705 A0826 A1010 A1281 B1282 C0137 E0150 F0003 G0003 H0003 J0003 K0003 N0036 Z0154,BEDCA2,0.860000
2368,Arandano,Bilberry,A0707 A0732 A0833 A0992 A1221 A1279 B2013 C0155 E0150 F0003 G0003 H0003 J0003 K0003 M0001 N0003 P0188 Z0204,BEDCA2,0.990000
2369,"Bambú, crudo","Bamboo, raw",A0455 A0705 A0731 A0826 A1010 A1228 A1281 B1271 C0101 E0150 F0003 G0003 H0003 J0003 K0003 M0001 N0001 P0024 R0345 Z0204,BEDCA2,0.710000
2370,Berenjena,Aubergine,A0705 A0826 A1010 A1281 B1458 C0137 E0150 F0003 G0003 H0003 J0003 K0003 N0036 Z0154,BEDCA2,0.700000
2371,Borraja,Borage,A0705 A0731 A0826 A1010 A1232 A1281 B3358 C0200 E0150 F0003 H0003 J0003 K0003 M0003 N0003 P0024 R0212 Z0204,BEDCA2,0.800000
2372,"Brécol, hervido","Broccoli, boiled",A0152 A0705 A0731 A0825 A1010 A1227 B1443 C0150 E0150 F0014 G0014 H0001 J0003 K0003 M0001 N0001 P0024 Z0154,BEDCA2,1.000000
2374,"Pulpo, hervido","Octopus, boiled",A0717 A0727 A0802 A1124 A1265 A1285 B1514 C0173 E0150 F0014 G0014 H0001 J0003 K0003 M0003 N0003 P0024 Z0153,BEDCA2,1.000000
2376,Calabacín,Courgette,A0705 A0826 A1010 A1281 B1006 C0137 E0150 F0003 G0003 H0003 J0003 K0003 N0036 Z0204,BEDCA2,1.000000
2377,"Calabacín, asado","Courgette, roasted",A0705 A0826 A1010 A1281 B1462 C0137 E0150 F0014 G0005 H0001 J0003 K0003 M0001 N0001 Z0204,BEDCA2,1.000000
2378,"Calabaza, cruda","Pumpkin, raw",A0705 A0826 A1010 A1281 B1719 C0137 E0150 F0003 G0003 H0003 J0003 K0003 N0036 Z0154,BEDCA2,0.700000
2379,Canonigos,Lamb's lettuce,A0705 A0731 A0825 A0987 A1227 A1281 B1754 C0150 E0150 F0003 G0003 H0003 J0003 K0003 M0172 N0036 P0188 R0212 Z0154,BEDCA2,0.570000
2380,Cardo,Cardoon,A0705 A0731 A0825 A1010 A1228 A1281 B1727 C0148 E0150 F0003 G0003 H0398 J0003 K0003 M0166 M0213 N0036 P0024 Z0215,BEDCA2,0.800000
2381,Cebolla,Onion,A0705 A0825 A0987 A1281 B1300 C0290 E0150 F0003 G0003 H0003 J0003 K0003 M0157 N0045 P0026 Z0204,BEDCA2,1.000000
2382,"Cebolla, asada","Onion, roasted",A0705 A0825 A0987 A1281 B1300 C0290 E0150 F0014 G0046 H0001 J0003 K0003 M0157 N0045 P0024 Z0204,BEDCA2,1.000000
2383,"Cebolla, hervida","Onion, boiled",A0705 A0825 A0987 A1281 B1300 C0290 E0150 F0014 G0014 H0003 J0003 K0003 M0001 N0001 P0024 Z0109 Z0204,BEDCA2,1.000000
2384,Champiñon,Mushroom (champignon),A0705 A0731 A0825 A1010 A1235 A1281 B2937 C0296 E0150 F0003 G0003 H0003 J0131 K0004 M0128 M0177 M0391 N0035 N0036 P0024 R0001 Z0215,BEDCA2,0.800000
2385,Champiñones en conserva,"Mushrooms, canned",A0705 A0731 A0825 A1006 A1235 A1281 B2937 C0296 E0150 F0014 G0003 H0148 H0367 H0430 H0491 J0004 K0017 M0175 M0204 N0042 P0024 R0001 Z0112,BEDCA2,1.000000
2386,"Col blanca, cruda","Cabbage, white, raw",A0152 A0455 A0629 A0675 A0705 A0731 A0826 B1406 C0151 E0150 F0003 G0003 H0003 J0001 K0001 M0001 N0001 P0024 R0212 R0497 Z0112 Z0205,BEDCA2,1.000000
2387,"Coliflor, hervida","Cauliflower, boiled",A0152 A0705 A0731 A0825 A1010 A1227 B1094 C0150 E0150 F0014 G0014 H0003 J0003 K0003 M0001 N0001 P0024 Z0154,BEDCA2,1.000000
2388,Endibia,Endive,A0705 A0731 A0825 A1010 A1227 A1281 B1314 C0150 E0150 F0003 G0003 H0003 J0003 M0003 N0003 P0188 Z0204,BEDCA2,0.830000
2389,Ensalada,Salad,A0731 A0826 A0987 A1281 B1006 C0165 E0108 F0003 G0003 H0001 J0003 K0003 M0001 N0001 R0212 Z0109,BEDCA2,1.000000
2390,Escarola,Escarole,A0705 A0731 A0825 A1012 A1232 A1281 B1446 C0150 E0150 F0003 G0003 H0003 J0003 K0003 M0172 N0036 P0026 R0212 Z0154,BEDCA2,0.640000
2393,Esparragos blancos en conserva,"Asparagus, white, canned",A0705 A0731 A0825 A1006 A1234 A1281 B1603 C0101 E0150 F0003 G0003 H0148 H0367 H0492 J0120 K0017 M0134 N0040 P0024 R0001 Z0112,BEDCA2,1.000000
2394,"Espinaca, en conserva","Spinach, canned",A0152 A0455 A0629 A0678 A0705 A0731 A0826 B1420 C0200 E0111 F0014 G0014 H0148 H0367 J0123 K0017 M0001 N0001 P0024 R0212 R0497 Z0112 Z0205,BEDCA2,1.000000
2395,"Espinaca, hervida","Spinach, boiled",A0731 A0825 A0987 A1281 B1420 C0150 E0150 F0014 G0014 H0001 J0003 K0032 M0186 N0036 Z0109 Z0204,BEDCA2,1.000000
2396,Grelo,Turnip greens,A0705 A0731 A0827 A1010 A1234 A1281 B1238 C0101 E0150 F0003 G0003 H0003 J0003 K0004 M0166 N0036 P0024 R0001 Z0215,BEDCA2,0.810000
2397,"Judia verde, hervida","Green bean, boiled",A0705 A0731 A0826 A1010 A1227 A1281 B1371 C0155 E0150 F0014 G0014 H0001 J0003 K0003 M0001 N0001 P0024 R0212 Z0154,BEDCA2,1.000000
2398,Judias verdes en conserva,"Green bean, canned",A0705 A0731 A0825 A1006 A1227 A1281 B1371 C0262 E0150 F0014 G0003 H0148 H0367 J0123 K0017 M0134 M0175 N0040 N0042 P0024 R0001 Z0112,BEDCA2,1.000000
2399,Lechuga,Lettuce,A0731 A0825 A0987 A1281 B3358 C0148 E0150 F0003 G0003 H0003 J0003 K0032 M0186 N0036 Z0204,BEDCA2,1.000000
2400,Lombarda,Lombard,A0705 A0731 A0827 A1010 A1231 A1281 B2072 C0200 E0150 F0003 G0003 H0003 J0131 K0004 M0166 N0036 P0024 R0001 Z0215,BEDCA2,0.810000
2401,"Menestra de verduras, congelada","Vegetables, stewed, frozen",A0152 A0455 A0629 A0650 A0705 A0731 A0825 B1613 C0240 E0100 F0001 G0003 H0166 H0212 J0136 K0003 M0001 N0001 P0024 R0212 R0497 Z0112 Z0205,BEDCA2,1.000000
2402,"Patata, asada","Potato, roast",A0706 A0735 A0852 A1009 A1293 B1218 C0308 E0150 F0014 G0005 H0367 M0001 N0001 P0024 P0188 R0212 Z0109 Z0112,BEDCA2,1.000000
2403,"Patata, cruda","Potato, raw",A0706 A0731 A0829 A1010 A1228 A1281 B1218 C0308 E0150 F0003 G0001 H0003 J0003 K0003 M0001 N0003 P0024 R0212 Z0154,BEDCA2,0.810000
2404,"Patata, hervida","Potato, boiled",A0706 A0731 A0829 A1010 A1228 A1281 B1218 C0308 E0150 F0014 G0014 H0003 J0003 K0003 M0001 N0003 P0024 R0212 Z0154,BEDCA2,1.000000
2405,"Patata, prefrita, congelada","Potato, prefried, frozen",A0152 A0731 A0829 B1218 C0240 E0115 F0018 G0001 H0263 J0136 K0003 M0001 N0001 P0024 Z0112 Z0205,BEDCA2,1.000000
2406,Pepinillos en vinagre,Pickled gherkin,A0731 A0826 A0987 A1281 B1404 C0137 E0150 F0014 G0003 H0101 J0104 K0003 M0210 N0040 R0212 Z0112 Z0204,BEDCA2,1.000000
2407,Pepino,Cucumber,A0731 A0826 A0987 A1281 B1404 C0137 E0150 F0003 G0003 H0003 J0003 K0003 M0186 N0036 Z0204,BEDCA2,1.000000
2408,"Pimiento morrón, en conserva","Sweet pepper, whole, canned",A0152 A0731 A0826 B1250 C0229 E0107 F0014 G0001 H0148 H0367 J0123 K0017 M0151 M0204 N0001 P0024 Z0112 Z0205,BEDCA2,1.000000
2409,"Pimiento rojo, crudo","Red pepper, raw",A0705 A0731 A0826 A1010 A1227 A1281 B1356 C0140 E0150 F0003 G0003 H0003 J0003 K0003 M0001 N0001 P0024 R0212 Z0154,BEDCA2,0.830000
2410,"Pimiento, frito","Pepper, fried",A0705 A0731 A0826 A1010 A1227 A1281 B1356 C0140 E0150 F0014 G0035 H0001 J0003 K0003 M0001 N0001 P0024 R0212 Z0154,BEDCA2,1.000000
2411,"Puerro, crudo y congelado","Leek, raw, frozen",A0152 A0455 A0629 A0650 A0705 A0731 A0826 B1308 C0100 E0150 F0003 G0003 H0003 J0136 K0001 M0001 N0001 P0024 R0212 R0497 Z0112 Z0205,BEDCA2,0.350000
2412,"Puerro, en conserva","Leek, canned",A0152 A0731 A0826 B1308 C0239 E0152 F0014 G0014 H0148 H0367 J0123 K0017 M0130 M0214 N0040 P0024 Z0112 Z0205,BEDCA2,1.000000
2413,"Puré de patata, en copos","mashed potato, flakes",A0152 A0731 A0829 B1218 C0240 E0122 F0001 G0003 H0138 H0227 J0116 K0001 M0001 N0036 P0024 Z0109 Z0112 Z0205,BEDCA2,1.000000
2414,"Puré de patatas y champiñones, en copos","Mashed potatoes and mushrooms, flakes",A0152 A0467 A0641 A0663 A0722 A0735 A0829 B1218 C0240 E0139 F0001 G0034 H0148 H0166 H0184 H0227 H0259 H0367 J0001 K0003 M0001 N0001 P0024 R0212 R0497 Z0109 Z0112 Z0205,BEDCA2,1.000000
2415,Rábano,Radish,A0705 A0731 A0826 A1010 A1227 A1281 B1315 C0305 E0150 F0003 G0003 H0003 J0003 K0003 M0001 N0001 P0024 R0212 Z0204,BEDCA2,0.810000
2416,"Remolacha, en conserva","beetroot, canned",A0152 A0731 A0826 B1309 C0240 E0151 F0014 G0014 H0148 H0367 J0123 K0010 M0194 M0210 N0001 P0024 Z0112 Z0205,BEDCA2,1.000000
2417,Repollo,Cabbage,A0152 A0705 A0731 A0825 A1010 A1227 B1281 C0150 E0150 F0003 G0003 H0003 J0003 K0003 M0172 N0036 P0188 Z0154,BEDCA2,0.740000
2418,Rúcula,Arugula,A0705 A0731 A0825 A1006 A1227 A1281 B3372 C0150 E0150 F0003 G0003 H0003 J0003 K0003 M0172 N0036 P0188 R0358 Z0204,BEDCA2,1.000000
2419,Seta,Mushroom,A0650 A0705 A0731 A0826 A1012 A1281 B1467 C0296 E0150 F0003 G0003 H0003 J0131 K0004 M0128 M0177 M0391 N0035 N0036 P0024 R0001 Z0215,BEDCA2,0.800000
2420,"Seta, plancha","Mushroom, griddle",A0467 A0705 A0825 A1010 A1235 A1281 B1467 C0247 E0150 F0014 G0035 J0003 K0003 M0001 N0001 P0024 R0212 Z0109 Z0204,BEDCA2,1.000000
2421,Tomate,Tomato,A0705 A0731 A0826 A1006 A1227 A1281 B1276 C0140 E0150 F0003 G0003 H0003 J0003 K0003 M0003 N0003 P0024 R0212 Z0154,BEDCA2,0.950000
2422,"Tomate, asado","Tomato, roasted",A0705 A0731 A0826 A1006 A1227 A1281 B1276 C0140 E0150 F0014 G0005 H0001 J0003 K0003 M0003 N0003 P0024 R0212 Z0154,BEDCA2,1.000000
2423,"Tomate, maduro, pelado y triturado, enlatado","tomato, ripe, peeled and ground, canned",A0152 A0731 A0826 B1276 C0230 E0134 F0014 G0001 H0367 J0123 K0003 M0001 N0001 P0024 Z0052 Z0112,BEDCA2,1.000000
2424,"Zanahoria, cruda","Carrot, raw",A0705 A0731 A0826 A1006 A1227 A1281 B1227 C0305 E0150 F0003 G0003 H0003 J0003 K0003 M0001 N0001 P0024 R0212 Z0154,BEDCA2,1.000000
2425,Agua de la red,Tap water,A0709 A0734 A0844 B3323 C0005 E0123 F0003 G0003 H0001 J0001 K0001 M0003 N0003 P0026,BEDCA2,1.000000
2426,"Agua mineral, mineralización debil",Mineral water,A0709 A0734 A0844 A0923 B1217 C0005 E0123 F0003 G0003 H0001 J0001 K0001 M0172 N0036,BEDCA2,1.000000
2427,Aguardiente,Aguardiente,A0277 A0465 A0639 A0713 A0734 A0850 B1347 C0174 E0123 F0001 G0003 H0232 H0270 J0001 K0003 M0001 N0001 P0024 R0212 R0495 Z0170 Z0215,BEDCA2,1.000000
2428,Licor de crema 15-17% vol.,Cream liqueur 15-17% volume,A0465 A0712 A0734 A0849 A0886 A1284 B3324 C0005 E0109 F0014 G0001 H0270 K0003 M0130 N0040 P0188 R0212 Z0112,BEDCA2,1.000000
2429,Bebida energética,Energy drink,A0465 A0709 A0734 A0843 A0922 A1284 B1288 C0001 E0123 F0003 G0003 H0136 H0148 H0159 H0163 H0175 H0210 J0003 K0003 M0182 N0042 P0188 Z0112,BEDCA2,1.000000
2430,Bebida isotónica,Sport drink,A0709 A0734 A0843 A0912 A1284 B1217 C0005 E0123 F0014 G0001 H0196 H0400 H0430 H0491 H0532 H0589 H0643 H0671 H0749 J0123 K0004 M0172 M0175 N0036 N0042 P0024 R0001,BEDCA2,1.000000
2431,"Cacao, en polvo, azucarado, bajo en calorías","Soluble cocoa, with sugar, powder, light",A0272 A0467 A0662 A0710 A0733 A0839 B1012 C0108 E0106 F0001 G0003 H0138 H0158 H0227 H0231 H0247 J0116 K0003 M0001 N0001 P0024 P0034 R0212 R0497 Z0089 Z0112,BEDCA2,1.000000
2432,"Café, en polvo, soluble","Soluble coffee, powder",A0268 A0465 A0639 A0662 A0710 A0734 A0845 B1305 C0155 E0117 F0014 G0003 H0138 H0169 J0116 K0003 M0001 N0001 P0024 R0212 R0497 Z0112,BEDCA2,1.000000
2433,"Café, infusión","Coffee, brewed",A0710 A0734 A0845 A0891 A1243 A1284 B1324 C0158 E0123 F0014 G0003 H0003 J0003 K0003 M0003 N0003 P0188 R0212,BEDCA2,1.000000
2434,"Café, infusión, descafeinado","Coffee, brewed, decaffeinated",A0710 A0734 A0845 A0891 A1243 A1284 B1324 C0158 E0123 F0014 G0003 H0003 J0003 K0003 M0003 N0003 P0118 P0188 R0212,BEDCA2,1.000000
2435,"Café, sucedáneo, soluble","Coffee, substitute, instant",A0268 A0465 A0639 A0662 A0710 A0734 A0845 B1305 C0132 E0117 F0014 G0005 H0138 H0169 H0229 J0116 K0003 M0001 N0001 P0024 R0212 R0497 Z0089 Z0112,BEDCA2,1.000000
2436,Cava,"Sparkling wine, ""cava"" type",A0713 A0734 A0848 A0876 A1284 B1329 C0165 E0123 F0014 G0012 H0232 H0749 H0751 J0104 K0004 M0130 N0040 P0188 R0212 Z0112,BEDCA2,1.000000
2437,Cerveza con alcohol,Beer,A0711 A0734 A0847 A0882 A1284 B1230 C0203 E0123 F0003 G0003 H0232 H0430 H0640 H0754 J0121 K0004 M0175 M0210 N0040 N0042 P0188 R0001 Z0112,BEDCA2,1.000000
2438,Cerveza sin alcohol,Non-alcoholic beer,A0711 A0734 A0842 A0912 A1284 B1230 C0203 E0123 F0003 G0003 H0232 H0286 H0491 H0754 J0121 K0004 M0175 M0210 N0040 N0042 P0188 R0001 Z0112,BEDCA2,1.000000
2439,"Cerveza, baja en alcohol","Beer, low alcohol",A0195 A0465 A0639 A0662 A0711 A0734 A0847 B1230 C0102 E0123 F0001 G0003 H0229 H0232 H0246 H0287 J0001 K0003 M0001 N0001 P0024 R0212 R0497 Z0112,BEDCA2,1.000000
2440,Cubata,Ron with soft drink,A0713 A0734 A0843 A0875 A1284 B3324 C0005 E0123 F0003 G0003 H0100 H0109 H0136 H0200 K0001 M0130 N0001 P0026 Z0109,BEDCA2,1.000000
2441,Ginebra,Gin,A0713 A0734 A0846 A0876 A1284 B1230 C0165 E0123 F0014 G0003 H0148 H0232 H0270 J0104 K0001 M0134 N0040 P0188 R0001 Z0112,BEDCA2,1.000000
2442,Horchata,Tigger nut milk drink,A0465 A0709 A0734 A0842 A0912 A1284 B2159 C0165 E0139 F0014 H0148 H0158 J0123 K0003 M0172 N0036 P0188 R0212 Z0112,BEDCA2,1.000000
2443,Infusión,Infusion,A0734 A0845 A0891 A1241 A1284 B1013 C0148 E0123 F0014 G0003 H0138 J0116 K0003 M0415 N0045 P0188,BEDCA2,1.000000
2444,Licor apricot,Apricot liqueur,A0240 A0465 A0639 A0663 A0713 A0734 A0850 B1306 C0300 E0123 F0003 G0003 H0117 H0158 H0160 H0232 J0104 K0003 M0121 N0040 P0024 R0212 R0497 Z0112,BEDCA2,1.000000
2445,Licor benedictine,Benedictine liqueur,A0240 A0465 A0639 A0663 A0713 A0734 A0850 B1179 C0139 E0123 F0001 G0003 H0100 H0158 H0160 H0232 J0001 J0104 K0003 M0130 N0040 P0024 R0212 R0497 Z0112,BEDCA2,1.000000
2446,Licor curaçao,Curaçao liqueur,A0240 A0465 A0639 A0663 A0713 A0734 A0850 B1347 C0139 E0123 F0001 G0003 H0100 H0158 H0160 H0232 J0001 J0104 K0003 M0130 N0040 P0024 R0212 R0497 Z0112,BEDCA2,1.000000
2447,Licor de café,Coffee liqueur,A0240 A0465 A0639 A0663 A0713 A0734 A0850 B1347 C0001 E0123 F0001 G0003 H0100 H0158 H0160 H0232 J0104 K0003 M0130 N0040 P0024 R0212 R0497 Z0112,BEDCA2,1.000000
2448,Licores de frutas,Fruits liqueur,A0709 A0734 A0850 A0912 A1284 B1140 C0005 E0123 F0014 G0003 H0285 H0362 H0491 H0606 H0646 H0670 H0749 J0003 K0004 M0130 N0040 P0188 R0001 Z0112,BEDCA2,1.000000
2449,Limonada,Lemonade,A0708 A0732 A0834 A0918 A1222 A1279 B1275 C0230 E0123 F0014 G0003 H0136 J0123 K0003 M0172 N0036 P0024 Z0112,BEDCA2,1.000000
2450,"Refresco ""tipo gaseosa""","Soft drink, soda type",A0709 A0734 A0843 A1284 B1217 C0005 E0123 F0003 G0003 H0136 H0484 J0001 K0001 M0172 N0036 P0188,BEDCA2,1.000000
2451,"Refresco con gas, sabor cola, sin cafeina","Cola drink, carbonated, decaffeinated",A0241 A0465 A0639 A0709 A0734 A0843 B1217 C0005 E0123 F0003 G0003 H0109 H0136 H0140 H0150 H0200 H0227 J0001 K0003 M0194 N0001 P0024 R0212 R0497 Z0112,BEDCA2,1.000000
2452,"Refresco con gas, sabor cola, sin cafeina, bajo en calorías","Cola drink, light, carbonated, decaffeinated",A0241 A0465 A0639 A0709 A0734 A0843 B1217 C0005 E0123 F0003 G0003 H0108 H0109 H0140 H0150 H0200 H0227 J0001 K0003 M0194 N0001 P0024 P0033 P0132 R0212 R0497 Z0112,BEDCA2,1.000000
2453,Refresco de té,Tea soft drink,A0709 A0734 A0843 A1284 B1217 C0005 E0123 F0003 G0003 H0136 H0484 J0001 K0028 M0214 N0040 P0003 Z0091,BEDCA2,1.000000
2454,"Refresco de té, bajo en calorías",Tea soft drink light,A0709 A0734 A0843 A1284 B1217 C0005 E0123 F0003 G0003 H0136 H0266 H0484 J0001 K0028 M0214 N0040 P0003 Z0091,BEDCA2,1.000000
2455,"Refresco tipo ""tónica""","Soft drink, tonic water type",A0465 A0709 A0734 A0843 A0912 A1284 B1288 C0005 E0109 F0001 G0003 H0109 H0136 H0200 H0229 J0001 K0003 M0132 N0040 P0188 R0212 Z0112,BEDCA2,1.000000
2456,"Refresco, con gas, sabor naranja","Soft drink, carbonated, orange flavoured",A0709 A0734 A0843 A0875 A1284 B1217 C0005 E0123 F0003 G0003 H0100 H0109 H0136 H0200 K0001 M0182 N0042 P0026 Z0112,BEDCA2,1.000000
2457,"Refresco, sabor cola","Soft drink, cola flavoured",A0709 A0734 A0843 A0922 A1245 A1284 B1217 C0005 E0123 F0001 G0001 H0206 H0611 H0612 H0749 J0003 K0004 M0172 N0036 P0024 R0001 Z0112,BEDCA2,1.000000
2458,"Refresco, sabor cola, bajo en calorías","Soft drink, cola flavoured, light",A0709 A0734 A0843 A0922 A1245 A1284 B1217 C0005 E0123 F0001 G0001 H0202 H0206 H0433 H0458 H0491 H0611 H0612 H0670 J0003 K0004 M0172 N0036 P0024 R0001 Z0112,BEDCA2,1.000000
2459,Sangría,Sangria,A0712 A0734 A0849 A0887 A1284 B3324 C0001 E0123 F0014 G0001 H0136 H0147 H0175 J0003 K0003 M0172 N0036 P0188 R0212 Z0112,BEDCA2,1.000000
2460,Sidra,Sidra,A0663 A0713 A0734 A0848 A0890 A1284 B1245 C0167 E0123 F0014 G0013 H0148 J0104 K0004 M0130 N0040 P0188 R0001 Z0112,BEDCA2,1.000000
2461,Tequila,Tequila,A0465 A0712 A0734 A0850 A0884 A1284 B1535 C0174 E0123 F0014 G0022 H0232 H0270 J0001 K0003 M0214 N0040 P0188 R0212 Z0112,BEDCA2,1.000000
2462,Vino blanco,White wine,A0712 A0734 A0849 A0886 A1284 B1329 C0137 E0150 F0014 G0012 H0232 J0003 K0004 M0278 N0040 P0188 R0212 Z0112,BEDCA2,1.000000
2463,"Vino dulce, tipo oporto","Sweet wine, ""oporto"" type",A0224 A0465 A0639 A0712 A0734 A0849 B1329 C0140 E0123 F0003 G0003 H0232 H0332 J0003 K0003 M0130 N0040 P0024 R0212 R0497 Z0112 Z0205,BEDCA2,1.000000
2464,Vino rosado,"Wine, rose",A0299 A0465 A0639 A0712 A0734 A0849 B1329 C0140 E0123 F0003 G0003 H0232 J0104 K0003 M0001 N0001 P0024 R0212 R0497 Z0112 Z0205,BEDCA2,1.000000
2465,Vino tinto,Red wine,A0712 A0734 A0849 A0886 A1284 B3324 C0140 E0109 F0001 G0001 H0128 J0104 K0001 M0214 N0040 P0024 R0001 Z0082,BEDCA2,1.000000
2466,Whisky,Whisky,A0713 A0734 A0850 A0885 A1284 B1230 C0158 E0123 F0014 G0013 H0148 J0104 K0004 M0130 N0040 P0188 R0001 Z0112,BEDCA2,1.000000
2467,Zumo de manzana,Apple juice,A0708 A0732 A0834 A0992 A1222 A1279 B1245 E0123 F0018 G0003 H0136 J0135 K0003 M0172 N0036 P0026 Z0154,BEDCA2,1.000000
2468,Zumo de naranja,Orange juice,A0708 A0732 A0834 A0992 A1222 A1279 B1339 E0123 F0018 G0003 H0136 J0135 K0003 M0172 N0036 P0026 Z0154,BEDCA2,1.000000
2469,Zumo de piña,Pineapple juice,A0708 A0732 A0834 A0992 A1222 A1279 B1246 E0123 F0018 G0003 H0136 J0135 K0003 M0172 N0036 P0026 Z0154,BEDCA2,1.000000
2470,"Raya, cruda","Ray, raw",A0717 A0727 A0747 A0802 A1265 A1285 B1340 C0243 E0150 F0003 G0003 H0003 J0142 K0003 M0172 N0036 P0024 R0212 Z0153,BEDCA2,0.550000
2471,Pulpo,Octopus,A0717 A0727 A0802 A1131 A1265 A1285 B1514 C0173 E0150 F0003 G0003 H0003 J0003 K0003 M0003 N0003 P0024 R0001,BEDCA2,0.790000
2473,Albahaca,Basil,A0853 A1166 A1248 A1272 B1145 C0001 E0117 F0003 G0003 H0003 H0138 J0116 K0003 M0172 N0036 P0024 Z0204,BEDCA2,1.000000
2474,Albondigas en conserva,"Meatball, canned",A0459 A0722 A0735 A0799 A1061 A1258 B1134 C0270 E0107 F0014 G0014 H0191 H0212 J0123 K0003 M0182 N0042 P0024 R0212 Z0112,BEDCA2,1.000000
2475,Azafrán,Saffron,A0113 A0463 A0637 A0653 A0722 A0731 A0857 B1459 C0237 E0151 F0014 G0010 H0138 J0116 K0003 M0001 N0001 P0024 R0212 R0497 Z0112 Z0205,BEDCA2,1.000000
2476,Bocadillo,Sandwich,A0467 A0722 A0735 A0820 B0001 C0005 E0147 F0003 G0001 H0001 J0003 K0003 M0001 N0001 P0024 R0212 Z0109,BEDCA2,1.000000
2477,"Canela, en polvo","Cinnamon, powder",A0133 A0463 A0637 A0722 A0735 A0765 A0857 B1472 C0264 E0106 F0001 G0003 H0001 J0001 K0001 M0001 N0001 P0024 R0212 R0497 Z0112 Z0205,BEDCA2,1.000000
2478,Canelones,Canneloni,A0172 A0722 A0735 A0861 A1099 B1347 C0001 E0134 F0014 G0005 J0136 K0003 M0287 N0042 R0212 Z0112,BEDCA2,1.000000
2479,Arroz con leche,Rice with milk,A0164 A0699 A0724 A0781 A1046 B1322 C0165 E0119 F0014 G0039 H0158 H0184 H0321 J0123 K0003 M0172 N0036 P0024 R0212 Z0112,BEDCA2,1.000000
2480,Batido de chocolate,"Milk shake, chocolate",A0719 A0724 A0778 A1042 A1259 A1271 B1201 C0113 E0130 F0014 G0012 H0144 H0231 H0487 H0493 H0496 H0749 J0123 J0131 K0004 M0186 M0355 N0017 N0034 R0001 Z0112,BEDCA2,1.000000
2481,Batido de fresa,"Milk shake, strawberry",A0719 A0724 A0780 A1042 A1259 A1271 B1201 C0235 E0130 F0014 G0012 H0487 H0493 H0496 J0123 J0131 K0004 M0172 N0017 N0039 N0042 P0024 R0001 Z0112,BEDCA2,1.000000
2482,Batido de soja,Soya shake,A0719 A0724 A0778 A1042 A1284 B1452 C0155 E0102 F0014 G0001 H0148 H0162 H0252 H0257 J0123 K0003 M0159 N0039 P0024 R0212 Z0112,BEDCA2,1.000000
2483,Crema catalana,Catalan creme,A0452 A0721 A0724 A0789 A1034 A1259 B1201 C0235 E0119 F0014 G0014 H0158 H0186 H0320 J0003 K0003 M0001 N0001 P0024 R0212 Z0109,BEDCA2,1.000000
2484,Cremoso san millan,"""san millan"" creamy cheese",A0720 A0724 A0786 A1050 A1259 A1271 B1201 C0235 E0119 F0014 G0012 H0367 H0748 J0131 K0004 M0172 N0036 P0024 R0001 Z0112,BEDCA2,1.000000
2485,Cuajada,Curdled milk,A0721 A0724 A0781 A1046 A1259 A1271 B1201 C0245 E0119 F0014 G0012 H0101 H0122 H0184 H0296 H0408 J0104 J0131 K0001 M0172 N0036 P0024 R0001 Z0112,BEDCA2,1.000000
2486,Flan de huevo,Egg custard,A0452 A0724 A0778 A1046 A1259 A1271 B0001 C0235 E0119 F0014 G0001 H0136 H0184 H0186 H0748 J0123 K0003 M0172 N0036 P0024 R0212 Z0112,BEDCA2,1.000000
2487,Helado de chocolate,Chocolate ice cream,A0721 A0724 A0789 A1042 A1259 A1271 B1201 C0235 E0151 F0018 G0003 H0148 H0157 H0168 H0231 H0263 H0403 H0425 H0539 H0557 H0749 J0136 K0004 M0137 N0036 P0024 R0001 Z0112,BEDCA2,1.000000
2488,Helado de fresa,Strawberry ice cream,A0721 A0724 A0789 A1042 A1259 A1271 B1201 C0235 E0151 F0018 G0003 H0145 H0271 H0297 H0395 H0436 H0491 H0539 H0557 H0749 J0136 K0004 M0137 N0036 P0024 R0001 Z0112,BEDCA2,1.000000
2489,Helado de nata,Cream ice cream,A0721 A0724 A0789 A1042 A1259 A1271 B1201 C0235 E0151 F0018 G0003 H0165 H0263 H0297 H0487 H0492 H0539 H0557 H0749 J0136 K0004 M0137 N0036 P0024 R0001 Z0112,BEDCA2,1.000000
2490,Leche de almendra,Almond milk,A0719 A0724 A0778 A1042 A1284 B1272 C0155 E0102 F0014 G0001 H0148 H0162 J0123 K0003 M0159 N0039 P0024 R0212 Z0112,BEDCA2,1.000000
2491,Bebida de soja,Soya drink,A0719 A0724 A0778 A1042 A1284 B1452 C0155 E0102 F0014 G0001 H0148 H0162 H0257 J0123 K0003 M0159 N0039 P0024 R0212 Z0112,BEDCA2,1.000000
2492,"Leche de vaca, desnatada, condensada, con azúcar","Milk, skimmed, condensed, with sugar",A0148 A0452 A0626 A0719 A0724 A0740 A0779 B1201 C0235 E0139 F0018 G0003 H0136 H0138 H0248 J0135 K0003 M0001 N0001 P0024 R0212 R0497 Z0112,BEDCA2,1.000000
2493,"Leche de vaca, entera",Whole milk,A0719 A0724 A0778 A1042 A1259 A1271 B1201 C0235 E0123 F0014 G0003 H0001 J0147 K0004 M0130 M0156 N0017 N0039 N0040 P0024 R0001 Z0112,BEDCA2,1.000000
2494,Leche materna,human milk,A0148 A0452 A0626 A0719 A0724 A0740 A0780 B1087 C0235 E0123 F0003 G0003 H0003 J0001 K0003 M0001 N0001 P0024 R0212 R0497 Z0112,BEDCA2,1.000000
2495,Preparado lácteo con omega 3,Dairy product with omega 3,A0719 A0724 A0778 A1042 A1284 B1201 C0235 E0102 F0014 G0001 H0162 H0263 J0123 K0003 M0159 N0039 P0024 R0212 Z0112,BEDCA2,1.000000
2496,Mousse de chocolate,Chocolate mousse,A0158 A0699 A0724 A0781 A1046 B0001 C0158 E0119 F0014 G0001 H0186 H0231 H0355 J0123 K0003 M0172 N0036 P0024 R0212 Z0112,BEDCA2,1.000000
2497,Natillas sabor vainilla,"Custard, vainilla flavored",A0719 A0724 A0780 A1045 A1259 A1271 B1201 C0235 E0123 F0014 G0001 H0145 H0165 H0296 H0317 H0367 H0403 H0487 H0496 H0748 H0749 J0131 K0004 M0156 M0172 N0036 N0039 P0024 R0001 Z0112,BEDCA2,1.000000
2498,Queso azul,Blue cheese,A0138 A0720 A0724 A0784 A1030 A1259 B1201 C0245 E0119 F0014 G0003 H0200 H0208 H0298 H0329 H0367 J0131 K0003 M0172 N0036 P0024 Z0112,BEDCA2,0.950000
2499,Queso brie,Brie cheese,A0138 A0720 A0724 A0784 A1030 A1259 B1201 C0245 E0119 F0014 G0003 H0200 H0208 H0298 H0367 J0131 K0003 M0172 N0036 P0024 Z0112,BEDCA2,1.000000
2500,"Queso cabra, curado","Goat cheese, cured",A0138 A0720 A0724 A0784 A1030 A1259 B2245 C0245 E0147 F0014 G0003 H0200 H0208 H0253 H0298 H0367 J0131 K0003 M0172 N0036 P0024 Z0112,BEDCA2,1.000000
2501,Queso cabrales,Cabrales cheese,A0720 A0724 A0784 A1030 A1259 B1201 C0245 E0147 F0014 G0003 H0200 H0203 H0208 H0298 H0329 H0367 J0131 K0003 M0172 N0036 P0026,BEDCA2,0.950000
2502,"Queso curado, genérico",Cured cheese,A0168 A0720 A0724 A0784 A1030 A1259 B1201 C0245 E0147 F0014 G0003 H0200 H0208 H0253 H0293 H0298 H0367 J0131 K0003 M0172 N0036 P0024 Z0112,BEDCA2,1.000000
2503,Queso de bola,Cheese,A0720 A0724 A0784 A1030 A1259 B2974 C0235 E0147 F0014 G0003 H0102 H0200 H0298 H0367 J0131 K0003 M0172 N0036 P0024 R0212 Z0112,BEDCA2,1.000000
2504,Queso edam,"Cheese, edam type",A0138 A0720 A0724 A0784 A1030 A1259 B1201 C0245 E0147 F0014 G0003 H0200 H0208 H0298 H0367 J0131 K0003 M0172 N0036 P0026 Z0148,BEDCA2,0.950000
2505,Queso emmental,Emmental cheese,A0138 A0720 A0724 A0784 A1030 A1259 B1201 C0245 E0147 F0014 G0003 H0200 H0208 H0253 H0298 H0367 J0131 K0003 M0172 N0036 P0024 P0026 Z0112,BEDCA2,0.940000
2506,Queso en porciones,"Processed cheese, portions",A0720 A0724 A0776 A0786 A1050 A1271 B1201 C0235 E0115 F0014 G0012 H0184 H0271 H0472 H0557 H0646 H0693 H0746 H0748 J0131 K0004 M0156 M0190 N0039 N0042 P0024 R0001 Z0112,BEDCA2,1.000000
2507,Queso fresco de burgos,"Soft cheese, ""burgos"" type",A0720 A0724 A0784 A1030 A1259 B1201 C0245 E0147 F0014 G0003 H0200 H0208 H0298 H0367 J0131 K0003 M0172 N0036 P0026,BEDCA2,1.000000
2508,Queso manchego,"Cheese ""manchego"" type",A0168 A0720 A0724 A0784 A1030 A1259 B1201 C0245 E0147 F0014 G0003 H0200 H0208 H0253 H0293 H0298 H0367 J0131 K0003 M0172 N0036 P0024 R0212 Z0112,BEDCA2,0.950000
2509,Lactosa,Lactose,A0719 A0724 A0778 A1042 A1284 B1201 C0209 E0102 F0014 G0001 H0138 H0157 H0162 J0116 K0003 M0172 N0036 R0212 Z0112,BEDCA2,1.000000
2510,Queso mozzarella,Mozzarella cheese,A0720 A0724 A0784 A1030 A1259 B0001 C0245 E0136 F0014 G0003 H0200 H0208 H0298 H0367 J0131 K0003 M0172 N0036 P0026,BEDCA2,1.000000
2511,Queso para untar,Chesee spread,A0720 A0724 A0784 A1030 A1259 B1201 C0245 E0119 F0014 G0003 H0200 H0208 H0221 H0298 H0367 J0131 K0003 M0172 N0036 P0026,BEDCA2,1.000000
2512,Queso parmesano,Parmesan cheese,A0720 A0724 A0784 A1030 A1259 B2974 C0235 E0117 F0014 G0003 H0102 H0200 H0298 H0367 J0131 K0003 M0172 N0036 P0024 R0212 Z0112,BEDCA2,1.000000
2513,"Queso rallado, genérico",Grated cheese,A0290 A0312 A0720 A0724 A0784 A1030 A1259 B1201 C0245 E0106 F0014 G0003 H0200 H0208 H0253 H0298 H0367 J0131 K0003 M0172 N0036 P0024 Z0112,BEDCA2,1.000000
2514,Queso roquefort,Roquefort cheese,A0720 A0724 A0784 A1030 A1259 B1183 C0245 E0147 F0014 G0003 H0200 H0208 H0298 H0367 J0131 K0003 M0172 N0036 P0026,BEDCA2,1.000000
2515,"Queso semicurado, genérico",Semi-cured cheese,A0168 A0312 A0720 A0724 A0784 A1030 A1259 B1201 C0245 E0147 F0014 G0003 H0200 H0208 H0253 H0292 H0298 H0367 J0131 K0003 M0172 N0036 P0024 Z0112,BEDCA2,1.000000
2516,"Queso tierno, genérico",Fresh cheese,A0138 A0720 A0724 A0784 A1030 A1259 B1201 C0245 E0147 F0014 G0003 H0200 H0208 H0289 H0298 H0367 J0131 K0003 M0172 N0036 P0024 Z0112,BEDCA2,1.000000
2517,Requesón,Cottage cheese,A0720 A0724 A0776 A0787 A1032 A1271 B1201 C0235 E0147 F0022 G0012 H0130 J0104 K0001 M0128 N0036 P0026 R0001,BEDCA2,1.000000
2518,"Leche fermentada, bifidobacterium, entera, natural","Fermented milk, plain",A0719 A0724 A0783 A1046 A1259 B1201 C0235 E0119 F0014 G0003 H0152 H0208 H0298 H0748 J0131 K0003 M0172 N0036 P0026,BEDCA2,1.000000
2519,Batido fermentado de soja,Soy yogurt,A0719 A0724 A0783 A1046 A1259 B1201 C0235 E0119 F0014 G0003 H0152 H0208 H0298 H0338 H0748 J0131 K0003 M0172 N0036 P0026,BEDCA2,1.000000
2520,Yogur griego,Strained yogurt,A0101 A0724 A0778 B1201 C0235 E0134 F0018 G0003 H0296 H0748 J0135 K0003 M0188 N0036 N0042 P0024 Z0112,BEDCA2,1.000000
2521,"Yogur líquido, ""tipo actimel""","Yoghurt liquid, ""type actimel""",A0719 A0724 A0783 A1046 A1259 A1284 B1201 C0235 E0139 F0014 G0003 H0208 H0298 H0748 J0131 K0003 M0172 N0036 P0026,BEDCA2,1.000000
2524,"Yogur, desnatado, con cereales, manzana y ciruela","Yogurt, skimmed, with cereals, apple and plum",A0101 A0452 A0626 A0721 A0724 A0776 A0778 B1201 C0235 E0134 F0014 G0003 H0101 H0147 H0184 H0248 H0318 H0319 H0320 H0395 J0123 K0003 M0188 N0036 N0042 P0024 R0212 R0497 Z0112,BEDCA2,1.000000
2525,"Yogur, desnatado, con ciruela, albaricoque y fibra","Yogurt, skimmed, with plum, apricot and fiber",A0101 A0452 A0626 A0721 A0724 A0776 A0778 B1201 C0235 E0134 F0014 G0003 H0101 H0147 H0158 H0184 H0227 H0248 H0319 H0337 J0123 K0003 M0188 N0036 N0042 P0024 R0212 R0497 Z0112,BEDCA2,1.000000
2526,"Yogur, desnatado, con fresa, grosella y fibra","Yogurt, skimmed, with strawberry, redcurrant and fiber",A0101 A0452 A0626 A0721 A0724 A0776 A0778 B1201 C0235 E0134 F0014 G0003 H0101 H0145 H0147 H0158 H0168 H0184 H0227 H0248 H0319 H0322 H0337 J0123 K0003 M0187 N0036 N0042 P0024 R0212 R0497 Z0112,BEDCA2,1.000000
2527,"Yogur, desnatado, con frutas","Yogurt, skimmed, with fruits",A0101 A0724 A0778 B1201 C0235 E0134 F0014 G0003 H0101 H0147 H0168 H0184 H0227 H0248 J0123 K0003 M0187 N0036 N0042 P0024 Z0112,BEDCA2,1.000000
2528,"Yogur, desnatado, con melocotón, frambuesa y fibra","Yogurt, skimmed, with peach, raspberry and fiber",A0101 A0452 A0626 A0721 A0724 A0776 A0778 B1201 C0235 E0134 F0014 G0003 H0101 H0147 H0168 H0184 H0248 J0123 K0003 M0188 N0036 N0042 P0024 R0212 R0497 Z0112,BEDCA2,1.000000
2530,"Yogur, desnatado, sabor natural","Yogurt, skimmed, plain flavour",A0101 A0724 A0778 B1201 C0235 E0119 F0014 G0003 H0101 H0184 H0248 J0123 K0003 M0188 N0036 N0042 P0024 Z0112,BEDCA2,1.000000
2531,"Yogur, desnatado, sabor natural, azucarado","Yogurt, skimmed, plain flavour, sweetened",A0101 A0724 A0778 B1201 C0235 E0119 F0014 G0003 H0101 H0158 H0184 H0248 H0748 J0123 K0003 M0187 N0036 P0024 Z0112,BEDCA2,1.000000
2532,"Yogur, desnatado, aromatizado sabor s/e","Yogurt , skimmed, flavoured n/e",A0101 A0452 A0626 A0721 A0724 A0776 A0778 B1201 C0235 E0119 F0014 G0003 H0101 H0184 H0228 H0248 J0123 K0003 M0188 N0036 N0042 P0024 R0212 R0497 Z0112,BEDCA2,1.000000
2533,"Yogur, entero, con cereales y fresas","Yogurt, whole milk, with cereals and strawberry",A0101 A0452 A0626 A0721 A0724 A0776 A0778 B1201 C0235 E0134 F0014 G0003 H0101 H0147 H0184 H0227 H0247 H0318 H0319 H0320 H0748 J0123 K0003 M0188 N0036 N0042 P0024 R0212 R0497 Z0112,BEDCA2,1.000000
2534,"Yogur, entero, con frutas del bosque","Yogurt, whole milk, with fruits of the forest",A0101 A0452 A0626 A0721 A0724 A0776 A0778 B1201 C0235 E0134 F0014 G0003 H0101 H0147 H0184 H0227 H0247 H0748 J0123 K0003 M0188 N0036 N0042 P0024 R0212 R0497 Z0112,BEDCA2,1.000000
2535,"Yogur, líquido, entero, con fresas","Drinking yogurt, whole milk, with strawberry",A0101 A0452 A0626 A0721 A0724 A0776 A0778 B1201 C0235 E0114 F0014 G0003 H0117 H0147 H0242 H0247 J0123 J0131 K0003 M0187 N0036 P0024 R0212 R0497 Z0112,BEDCA2,1.000000
2536,"Yogur, líquido, entero, con frutas","Drinking yogurt, whole milk, with fruits",A0101 A0724 A0778 B1201 C0235 E0121 F0014 G0003 H0101 H0136 H0147 H0158 H0184 H0247 H0362 J0123 K0003 M0187 N0036 P0024,BEDCA2,1.000000
2537,"Yogur, líquido, entero, sabor fresa","Drinking yogurt, whole milk, strawberry flavoured",A0101 A0452 A0626 A0721 A0724 A0776 A0778 B1201 C0235 E0102 F0014 G0003 H0101 H0158 H0184 H0247 H0395 J0123 K0003 M0187 N0036 N0042 P0024 R0212 R0497 Z0112,BEDCA2,1.000000
2538,"Yogur, líquido, entero, sabor fresa y plátano","Drinking yogurt, whole milk, strawberry and banana flavoured",A0101 A0452 A0626 A0721 A0724 A0776 A0778 B1201 C0235 E0139 F0014 G0003 H0101 H0158 H0247 H0362 H0395 J0123 K0003 M0187 N0036 P0024 R0212 R0497 Z0112,BEDCA2,1.000000
2539,"Yogur, líquido, entero, sabor frutas del bosque","Drinking yogurt, whole milk, fruits of the forest flavoured",A0101 A0452 A0626 A0721 A0724 A0776 A0778 B1201 C0235 E0102 F0014 G0003 H0101 H0158 H0184 H0247 H0362 H0395 J0123 K0003 M0187 N0036 P0024 R0212 R0497 Z0112,BEDCA2,1.000000
2540,"Yogur, líquido, entero, sabor piña y coco","Drinking yogurt, whole milk, pineapple and coconut flavoured",A0101 A0452 A0626 A0721 A0724 A0776 A0778 B1201 C0235 E0102 F0014 G0003 H0101 H0157 H0158 H0184 H0247 H0395 J0123 K0003 M0187 N0036 N0042 P0024 R0212 R0497 Z0112,BEDCA2,1.000000
2541,Aceite de girasol,Sunflower oil,A0453 A0700 A0728 A0806 A1059 A1239 A1274 B1547 C0134 E0139 F0003 G0001 H0197 H0206 J0121 K0003 M0172 N0036 P0024 R0212 Z0112,BEDCA2,1.000000
2542,Aceite de lino,Flaxseed oil,A0453 A0700 A0728 A0806 A1059 A1239 A1274 B1700 C0134 E0139 F0014 G0001 H0197 H0206 J0121 K0003 M0172 N0036 P0024 R0212 Z0112,BEDCA2,1.000000
2543,Aceite de oliva,Olive oil,A0806 A0700 A1274 A0627 B1140 C0297 E0139 F0003 G0003 H0003 J0003 M0172 N0036 R0355,BEDCA2,1.000000
2544,Aceite de oliva virgen extra,Extra virgin olive oil,A0453 A0700 A0728 A0806 A1059 A1239 A1274 B1299 C0140 E0139 F0003 G0003 H0003 J0003 K0003 M0292 N0042 P0188 R0212 Z0154,BEDCA2,1.000000
2545,"Aceite de oliva virgen extra, producción ecologica","Extra virgin olive oil, organic ",A0453 A0700 A0728 A0806 A1059 A1239 A1274 B1299 C0140 E0139 F0003 G0003 H0003 J0003 K0003 M0292 N0042 P0188 R0212 Z0154 Z0210,BEDCA2,1.000000
2546,Aceite de soja,"Soye, oil",A0453 A0700 A0728 A0806 A1059 A1239 A1274 B1452 C0134 E0139 F0014 G0001 H0197 H0206 J0121 K0003 M0172 N0036 P0024 R0212 Z0112,BEDCA2,1.000000
2547,Grasa de pollo,Chiken fat,A0714 A0726 A0793 A1015 A1258 A1275 B1457 C0253 E0001 F0003 G0001 H0003 J0003 K0032 M0172 N0036 P0024 R0212 Z0154,BEDCA2,1.000000
2548,Lecitina de soja,Soy lecithin,A0722 A0735 A0852 B1452 C0001 E0001 F0003 G0003 H0003 J0003 K0003 M0001 N0001 P0003 Z0112,BEDCA2,1.000000
2549,Manteca,Pork lard,A0702 A0728 A0809 A1028 A1264 A1274 B1136 C0253 E0151 F0003 G0003 H0367 J0131 K0004 M0137 N0036 P0024 R0001 Z0112,BEDCA2,1.000000
2550,"Mantequilla, baja en calorías","Butter, light",A0453 A0702 A0728 A0808 A1026 A1238 A1274 B1201 C0179 E0119 F0018 H0208 H0324 H0367 J0135 K0003 M0172 N0036 P0024 R0212 Z0112,BEDCA2,1.000000
2551,Margarina de maíz,Corn margarine,A0231 A0453 A0627 A0663 A0701 A0728 B1379 C0190 E0119 F0014 G0003 H0174 H0306 J0100 K0003 M0001 N0001 P0024 R0212 R0497 Z0112,BEDCA2,1.000000
2552,"Margarina, baja en calorías","Margarine, light",A0453 A0702 A0728 A0807 A1026 A1238 A1274 B1347 C0179 E0119 F0018 H0208 H0324 H0367 J0135 K0003 M0172 N0036 P0024 R0212 Z0112,BEDCA2,1.000000
2553,Mayonesa con aceite de girasol,Mayonnaise sunflower oil,A0700 A0728 A0806 A1055 A1238 A1274 B1547 C0165 E0135 F0003 G0001 H0185 H0367 H0491 H0749 J0131 K0004 M0130 M0184 N0036 N0040 P0024 R0001 Z0112,BEDCA2,1.000000
2554,"Mayonesa, baja en calorías",Mayonnaise light,A0453 A0700 A0728 A0806 A1056 A1238 A1274 B1547 C0165 E0135 F0003 G0001 H0186 H0200 H0221 H0247 H0367 J0001 K0003 M0130 N0040 P0024 R0212 Z0112,BEDCA2,1.000000
2555,Nata montada,Whipped cream,A0453 A0721 A0728 A0810 A1034 A1259 A1274 B1201 C0001 E0139 F0014 G0003 H0202 J0123 K0003 M0001 N0001 P0024 R0212 Z0112,BEDCA2,1.000000
2556,Vinagre de manzana,Apple vinegar,A0302 A0722 A0735 A0852 A1200 B1245 C0167 E0123 F0014 G0014 H0148 J0104 K0004 M0102 M0130 N0036 N0040 P0024 R0001 Z0112,BEDCA2,1.000000
2557,Vinagre balsámico,Balsamic vinegar,A0302 A0722 A0735 A0852 A1200 B1329 C0005 E0109 F0014 G0013 H0719 J0104 K0004 M0130 N0040 P0024 R0001 Z0112,BEDCA2,1.000000
2558,Vainilla,Vanilla,A0300 A0735 A0855 B1355 C0167 E0150 F0001 G0001 H0001 J0001 K0001 M0001 N0001 P0024 Z0205 Z0215,BEDCA2,1.000000
2559,"Tomillo, seco","Thyme, dried",A0853 A1166 A1248 A1272 B2134 C0001 E0117 F0003 G0003 H0003 H0138 J0116 K0003 M0172 N0036 P0024 Z0204,BEDCA2,1.000000
2560,Tomate frito,"Tomato, fried",A0663 A0705 A0731 A0825 A1009 A1281 B1276 C0165 E0144 F0003 G0003 H0212 H0221 H0367 J0003 K0004 M0156 N0042 P0024 R0001 Z0112,BEDCA2,1.000000
2561,Tabasco,"Tabasco, sauce",A0853 A1166 A1248 A1272 B2061 C0001 E0109 F0003 G0003 H0003 H0138 J0116 K0003 M0172 N0036 P0024 Z0204,BEDCA2,1.000000
2562,Surimi,Surimi,A0717 A0727 A0801 A1124 A1265 A1285 B1222 C0236 E0119 F0014 G0003 H0209 H0257 H0367 H0370 J0142 K0003 M0172 N0036 P0188 Z0112,BEDCA2,1.000000
2563,Suplemento proteico,Protein supplement,A0467 A0722 A0735 A0852 B1049 C0236 E0001 F0014 G0003 H0138 H0164 J0116 K0003 M0001 N0001 P0188 R0212 Z0112,BEDCA2,1.000000
2564,"Sopa de sobre, sin reconstituir","Instant soup, dried",A0467 A0722 A0735 A0865 A1061 B1217 C0001 E0149 F0014 G0014 H0138 H0152 H0171 H0212 J0116 K0001 M0172 N0036 P0024 R0212 Z0112,BEDCA2,1.000000
2565,Sopa de sobre maravilla,"Instant soup with pasta, ""maravilla"" type",A0722 A0735 A0768 A0865 A1104 A1276 B1312 C0203 E0144 F0001 G0001 H0191 H0212 H0348 H0349 H0367 H0590 H0753 J0116 K0004 M0186 M0197 N0036 N0042 P0024 R0001 Z0112,BEDCA2,1.000000
2567,Pasta de sésamo,Tahini,A0853 A1166 A1248 A1272 B1179 C0001 E0101 F0003 G0003 H0003 H0138 J0116 K0003 M0172 N0036 P0024 Z0153 Z0204,BEDCA2,1.000000
2568,Seitán,Seitan,A0467 A0722 A0735 A0861 A1240 B1312 C0005 E0147 F0003 G0001 H0001 J0003 K0003 M0001 N0001 P0024 R0345,BEDCA2,1.000000
2569,"San jacobo, congelado","Breadcrumbed fried loin, ham and cheese",A0467 A0722 A0735 A0861 B0001 C0005 E0147 F0014 G0001 H0143 H0186 H0191 H0367 J0142 K0003 M0159 N0039 P0024 R0212 Z0112,BEDCA2,1.000000
2571,Comino,Cumin,A0853 A1166 A1248 A1272 B1274 C0001 E0117 F0003 G0003 H0003 H0138 J0116 K0003 M0172 N0036 P0024 Z0204,BEDCA2,1.000000
2572,Complejo vitaminico,Vitamin complex,A0722 A0735 A0852 B1041 C0001 E0001 F0003 G0003 H0003 J0003 K0003 M0001 N0001 P0003 Z0112,BEDCA2,1.000000
2573,"Ajo, en polvo","Garlic, powder",A0853 A1166 A1248 A1272 B1179 C0001 E0117 F0003 G0003 H0003 H0138 J0116 K0003 M0172 N0036 P0024 Z0204,BEDCA2,1.000000
2574,Corteza de trigo,Wheat crusts,A0722 A0735 A0852 A1009 A1293 B1232 C0155 E0147 F0014 G0029 H0138 H0263 H0367 J0173 K0031 M0172 N0036 P0188 R0212 Z0112,BEDCA2,1.000000
2575,Salsa de soja,"Soya, sauce",A0722 A0735 A0859 A1276 B1452 C0005 E0139 F0001 G0003 H0338 J0110 K0001 M0187 N0036 P0024 R0001,BEDCA2,1.000000
2577,Salsa de queso,cheese sauce,A0286 A0735 A0862 B1201 C0235 E0119 F0014 G0001 H0143 H0148 H0227 H0263 H0367 J0123 K0001 M0001 N0001 P0024 Z0109,BEDCA2,1.000000
2579,Salsa boloñesa,Bolognese sauce,A0286 A0735 A0862 B1276 C0167 E0119 F0014 G0025 H0158 H0191 H0212 H0227 H0367 J0123 K0003 M0001 N0001 P0024 Z0109,BEDCA2,1.000000
2580,Salsa bechamel,bechamel sauce,A0286 A0735 A0862 B1201 C0235 E0119 F0014 G0014 H0146 H0184 H0227 H0367 J0123 K0003 M0001 N0001 P0024 Z0109,BEDCA2,1.000000
2581,Salsa barbacoa,barbecue sauce,A0286 A0735 A0862 B1276 C0159 E0119 F0014 G0001 H0148 H0158 H0166 H0200 H0212 H0227 H0367 J0123 K0001 M0001 N0001 P0024 Z0109,BEDCA2,1.000000
2583,Salsa al curry,Curry sauce,A0286 A0735 A0862 B1347 C0159 E0119 F0014 G0001 H0117 H0148 H0227 H0263 H0367 J0123 K0001 M0001 N0001 P0024 Z0109,BEDCA2,1.000000
2584,Salsa agridulce,Sweet and sour sauce,A0722 A0735 A0859 A1276 B0001 C0005 E0139 F0001 G0003 H0136 H0200 H0338 H0350 J0110 K0001 M0187 N0036 P0024 R0001,BEDCA2,1.000000
2585,Sal yodada,Iodized salt,A0134 A0463 A0722 A0852 A1165 B1655 C0005 E0143 F0003 G0001 H0189 H0368 J0003 K0003 M0001 N0001 P0024 R0212 Z0112,BEDCA2,1.000000
2586,Romero,Rosemary,A0853 A1166 A1248 A1272 B1495 C0001 E0117 F0003 G0003 H0003 H0138 J0116 K0003 M0172 N0036 P0024 Z0204,BEDCA2,1.000000
2587,Rollito de primavera,Chinese spring roll,A0467 A0722 A0735 A0861 B0001 C0005 E0147 F0014 G0001 H0152 H0191 H0212 H0367 J0142 K0003 M0159 N0039 P0024 R0345 Z0112,BEDCA2,1.000000
2588,Pudding de pasas,Raisin pudding,A0285 A0735 A0864 B1312 C0208 E0134 F0014 G0014 H0147 H0158 H0184 H0186 H0229 H0271 H0319 J0120 J0131 K0003 M0116 N0001 P0024 Z0109,BEDCA2,1.000000
2589,"Pizza, precocinada","Pizza, precooked",A0466 A0722 A0735 A0822 A1061 B1312 C0155 E0140 F0014 G0005 H0180 H0753 J0116 K0001 M0172 N0036 P0024 Z0112,BEDCA2,1.000000
2590,"Pimienta, negra",Black pepper,A0133 A0735 A0853 B1191 C0137 E0131 F0001 G0003 H0001 J0001 K0003 M0001 N0001 P0024 Z0051 Z0215,BEDCA2,1.000000
2591,"Pimienta, blanca",white pepper,A0133 A0735 A0853 B1141 C0138 E0131 F0001 G0003 H0138 J0116 K0003 M0001 N0001 P0024 Z0052 Z0215,BEDCA2,1.000000
2592,"Pimentón, en polvo","paprika, powder",A0113 A0735 A0858 B1353 C0139 E0106 F0001 G0003 H0138 J0116 K0003 M0001 N0001 P0024 Z0205 Z0215,BEDCA2,1.000000
2593,"Perejil, fresco","parsley, fresh",A0113 A0731 A0826 B1550 C0144 E0150 F0003 G0003 H0003 J0001 K0003 M0001 N0001 P0024 Z0109 Z0205,BEDCA2,1.000000
2594,"Patatas, fritas, chips",Chips,A0706 A0735 A0852 A1009 A1293 B1218 C0308 E0150 F0014 G0029 H0138 H0367 J0116 J0173 K0031 M0172 N0036 P0188 R0212 Z0112,BEDCA2,1.000000
2596,Paella marinera,Seafood paella,A0722 A0735 A0803 A1061 A1265 A1285 B1223 C0105 E0150 F0023 G0001 H0148 H0150 H0153 H0157 H0212 H0257 H0262 H0347 H0350 H0367 H0590 H0748 H0749 J0136 K0001 M0128 N0036 P0024 R0001 Z0112,BEDCA2,1.000000
2597,Paella,Paella,A0722 A0735 A0814 A1093 A1240 A1290 B1322 C0291 E0150 F0014 G0013 H0148 H0212 H0279 H0347 H0349 H0350 H0367 H0753 J0136 K0001 M0186 N0036 P0024 R0001,BEDCA2,1.000000
2598,"Orégano, seco","oregano, dried",A0113 A0463 A0637 A0653 A0705 A0731 A0857 B1542 C0200 E0136 F0001 G0001 H0138 J0116 K0003 M0001 N0001 P0024 R0212 R0497 Z0112 Z0205,BEDCA2,1.000000
2599,Nuez moscada,Nutmeg,A0113 A0455 A0703 A0730 A0824 B1214 C0101 E0150 F0003 G0003 H0001 J0001 K0001 M0001 N0001 P0024 R0212 R0497 Z0112 Z0205,BEDCA2,1.000000
2600,Mostaza,Mustard,A0179 A0722 A0735 A0853 A1165 B2069 C0155 E0102 F0018 G0003 H0100 H0200 H0367 J0131 J0135 K0003 M0172 N0036 P0188 Z0112,BEDCA2,1.000000
2601,Mojo picon,"Sauce, ""mojo picón"" type",A0722 A0735 A0859 A1276 B1017 C0302 E0139 F0001 G0003 H0200 H0212 H0367 K0001 M0187 P0024 R0001 R0212 Z0109,BEDCA2,1.000000
2602,Fritos de maíz,Corn chips,A0703 A0730 A0823 A0975 A1240 A1290 B1380 C0165 E0131 F0022 G0025 H0263 H0367 H0590 J0003 K0004 M0172 M0197 N0036 P0024 R0001 Z0112,BEDCA2,1.000000
2603,"Laurel, hoja","bay, leaf",A0133 A0455 A0629 A0678 A0705 A0731 A0826 B1197 C0200 E0131 F0001 G0001 H0001 J0001 K0003 M0001 N0001 P0024 R0212 R0497 Z0205 Z0215,BEDCA2,1.000000
2604,Lasaña,Lasagne,A0172 A0722 A0735 A0861 A1099 B1347 C0001 E0119 F0014 G0005 J0136 K0003 M0287 N0042 R0212 Z0112,BEDCA2,1.000000
2605,Ketchup,Ketchup,A0722 A0735 A0859 A1276 B1276 C0138 E0139 F0014 G0003 H0136 H0200 H0367 J0110 K0001 M0187 N0036 P0024 R0001,BEDCA2,1.000000
2606,Jengibre,Ginger,A0853 A1166 A1248 A1272 B1265 C0001 E0117 F0003 G0003 H0003 H0138 J0116 K0003 M0172 N0036 P0024 Z0204,BEDCA2,1.000000
2607,Hojaldre,Puff pastry,A0691 A0729 A0820 A1240 A1290 B1312 C0155 E0147 F0014 H0148 H0262 H0319 H0367 H0751 J0003 K0003 M0001 N0001 P0024 R0212 Z0112,BEDCA2,1.000000
2608,Hinojo,Fennel,A0853 A1166 A1248 A1272 B1262 C0001 E0117 F0003 G0003 H0003 H0138 J0116 K0003 M0172 N0036 P0024 Z0204,BEDCA2,1.000000
2609,Gusanito,"Snack, ""gusanito"" type",A0467 A0722 A0735 A0868 A1109 A1293 B1232 C0155 E0147 F0014 G0005 H0334 H0367 J0003 K0031 M0172 N0036 P0024 R0212 Z0112,BEDCA2,1.000000
2610,"Guindilla, picante",Chili or hot pepper,A0152 A0455 A0629 A0650 A0705 A0731 A0826 B1643 C0169 E0150 F0003 G0003 H0003 J0001 K0003 M0001 N0001 P0024 R0212 R0497 Z0112 Z0205,BEDCA2,1.000000
2611,"Guindilla, en polvo","Chili or hotpepper, powder",A0152 A0455 A0629 A0650 A0705 A0731 A0826 B1643 C0169 E0106 F0001 G0003 H0138 J0116 K0001 M0134 N0001 P0024 R0212 R0497 Z0112 Z0205,BEDCA2,1.000000
2612,Gomasio,Gomasio,A0134 A0463 A0722 A0852 A1165 B1226 C0005 E0143 F0003 G0001 H0367 H0368 J0003 K0003 M0001 N0001 P0024 R0212 Z0112,BEDCA2,1.000000
2613,Gelatina,Jelly,A0209 A0722 A0735 A0864 B1134 C0219 E0119 F0014 G0013 H0122 H0145 H0150 H0158 H0165 J0131 K0003 M0172 N0036 P0024 R0212 Z0112,BEDCA2,1.000000
2614,Gazpacho,"Cold vegetal soup, gazpacho",A0705 A0731 A0826 A1006 A1227 A1281 B1140 C0005 E0139 F0003 G0003 H0003 H0212 H0221 H0367 J0131 K0027 M0172 N0036 P0024 R0212 Z0112 Z0154,BEDCA2,1.000000
2615,Flamenquín,"Pork loin, cheese and ham roll, breaded, fried, ""flamenquin"" type",A0467 A0722 A0735 A0861 B0001 C0005 E0147 F0014 G0001 H0143 H0152 H0186 H0191 H0367 J0142 K0003 M0159 N0039 P0024 R0212 Z0112,BEDCA2,1.000000
2616,Fabada,"Bean, stew ""fabada"" type",A0467 A0722 A0735 A0832 A1286 B1397 C0005 E0108 F0014 G0019 H0191 H0212 J0123 K0003 M0182 N0042 P0024 R0212 Z0112,BEDCA2,1.000000
2617,Ensaladilla rusa,Russian salad,A0467 A0722 A0735 A0861 A1117 A1281 B1579 C0005 E0108 F0014 G0014 H0186 H0233 J0003 K0003 M0001 N0001 P0024 R0212 Z0112,BEDCA2,1.000000
2618,"Eneldo, seco","Dill, dried",A0853 A1166 A1248 A1272 B1277 C0001 E0117 F0003 G0003 H0003 H0138 J0116 K0003 M0172 N0036 P0024 Z0204,BEDCA2,1.000000
2619,Empanadilla,"Pasty, frozen, n/e",A0467 A0722 A0735 A0861 B0001 C0005 E0147 F0014 G0001 H0186 H0212 H0367 J0142 K0003 M0159 N0039 P0024 R0212 Z0112,BEDCA2,1.000000
2620,Empanada de carne,Meat pasty,A0467 A0722 A0735 A0861 B1134 C0005 E0147 F0014 G0001 H0186 H0191 H0212 H0367 J0142 K0003 M0159 N0039 P0024 R0212 Z0112,BEDCA2,1.000000
2621,Curry,Curry,A0853 A1166 A1248 A1272 B3424 C0001 E0117 F0003 G0003 H0003 H0138 J0116 K0003 M0172 N0036 P0024 Z0204,BEDCA2,1.000000
2622,Cubito de caldo,Stock powder,A0467 A0722 A0735 A0855 A1202 B1457 C0270 E0140 F0014 G0003 H0100 H0138 H0164 H0229 H0367 J0116 K0003 M0213 N0039 P0188 R0212 Z0112,BEDCA2,1.000000
2623,"Rape, crudo","Monkfish, raw",A0717 A0727 A0747 A0802 A1265 A1285 B1248 C0243 E0150 F0003 G0003 H0003 J0142 K0003 M0172 N0036 P0024 R0212 Z0153,BEDCA2,0.730000
2624,"Rape, plancha","Monkfish, griddle",A0717 A0727 A0747 A0802 A1265 A1285 B1248 C0243 E0150 F0014 G0008 H0003 J0142 K0003 M0172 N0036 P0024 R0212 Z0153,BEDCA2,1.000000
2625,Rodaballo,Turbot,A0717 A0727 A0747 A0802 A1146 A1285 B2708 C0275 E0150 F0003 G0003 H0003 J0142 K0003 M0166 M0173 N0036 N0039 P0024 R0001 Z0215,BEDCA2,0.550000
2626,Salmón,Salmon,A0717 A0727 A0747 A0802 A1154 A1285 B2250 C0127 E0150 F0003 G0003 H0003 J0142 K0003 M0003 N0003 P0024 R0001,BEDCA2,0.670000
2627,Salmón ahumado,Smoked salmon,A0717 A0727 A0747 A0802 A1143 A1285 B2250 C0173 E0122 F0014 G0004 H0172 H0211 H0367 J0004 K0004 M0137 N0036 P0024 R0001 Z0112,BEDCA2,1.000000
2628,"Salmón, plancha","Salmon, griddle",A0717 A0727 A0747 A0802 A1265 A1285 B2250 C0125 E0150 F0014 G0008 H0001 J0003 K0003 M0001 N0001 P0024 R0212 Z0109 Z0153,BEDCA2,1.000000
2629,Salmonete,Mullet,A0717 A0727 A0747 A0802 A1146 A1285 B2567 C0275 E0150 F0003 G0003 H0003 J0142 K0003 M0166 M0173 N0036 N0039 P0024 R0001 Z0215,BEDCA2,0.740000
2630,Sardina,Sardine,A0717 A0727 A0747 A0802 A1146 A1285 B1558 C0173 E0150 F0003 G0003 H0003 J0142 K0003 M0003 N0003 P0188 R0001,BEDCA2,0.520000
2631,"Sardina, asada","Sardine, roasted",A0717 A0727 A0747 A0802 A1265 A1285 B1392 C0173 E0150 F0014 G0008 H0001 J0003 K0003 M0001 N0001 P0024 R0212 Z0109 Z0153,BEDCA2,0.520000
2632,"Sardina, enlatada, en aceite, escurrida","sardine, canned in oil, drained",A0267 A0727 A0802 B2003 C0265 E0147 F0014 G0001 H0263 H0367 J0123 K0021 M0175 M0204 N0042 P0024 Z0061 Z0112 Z0219,BEDCA2,1.000000
2633,"Sardina, enlatada, en escabeche","Sardine, canned, pickled",A0267 A0727 A0802 B2003 C0265 E0147 F0014 G0001 H0200 H0227 H0263 H0367 J0123 K0040 M0175 M0204 N0042 P0024 Z0061 Z0112,BEDCA2,1.000000
2634,"Sargo, crudo","Annular seabream, raw",A0267 A0727 A0802 B1763 C0275 E0150 F0003 G0003 H0003 J0001 K0003 M0001 N0001 P0024 Z0061 Z0215,BEDCA2,0.550000
2635,Sepia,Cuttlefish,A0717 A0727 A0802 A1152 A1265 A1285 B1644 C0173 E0150 F0003 G0003 H0003 J0003 K0003 M0001 N0001 P0024 R0510,BEDCA2,0.800000
2636,Trucha,Trout,A0717 A0727 A0745 A0802 A1146 A1265 B1258 C0127 E0150 F0003 G0003 H0003 J0142 K0003 M0003 N0003 P0188 R0001,BEDCA2,0.520000
2637,Vieira,Scallop,A0717 A0727 A0801 A1154 A1265 A1285 B1489 C0173 E0150 F0003 G0003 H0003 J0142 K0004 M0128 M0166 M0173 M0213 N0036 N0039 N0046 P0024 R0001 Z0215,BEDCA2,0.250000
2639,Zamburiñas,Variegated scallop,A0667 A0717 A0727 A0803 A1265 A1285 B1331 C0173 E0150 F0003,BEDCA2,0.250000
2640,Almeja,Clams,A0717 A0727 A0803 A1152 A1265 A1285 B1331 C0243 E0150 F0003 G0003 H0003 J0142 K0004 M0128 M0166 M0173 M0213 N0036 N0039 N0046 P0024 R0001 Z0215,BEDCA2,0.560000
2641,Almejas en conserva,Canned clams,A0717 A0727 A0801 A1148 A1265 A1285 B1331 C0125 E0150 F0014 G0013 H0148 H0367 J0123 K0017 M0173 M0175 N0042 P0024 R0001 Z0112,BEDCA2,1.000000
2642,Azúcar blanca,"Sugar, white",A0462 A0697 A0733 A0836 A0982 A1256 A1289 B1012 C0210 E0143 F0014 G0001 H0138 J0116 K0003 M0159 N0039 P0024 R0212 Z0112,BEDCA2,1.000000
2643,Miel,Honey,A0462 A0697 A0733 A0836 A0982 A1256 A1289 B3010 C0188 E0139 F0003 G0001 K0003 M0172 N0036 P0024 R0212 Z0112,BEDCA2,1.000000
2644,Harina de maíz,Corn flour,A0693 A0729 A0813 A0969 A1240 A1290 B1232 C0165 E0150 F0001 G0003 H0138 J0116 M0159 N0039 P0024 Z0154,BEDCA2,1.000000
2645,Caramelo,Candy,A0228 A0698 A0735 A0835 A0982 C0108 E0143 F0014 H0106 H0136 H0138 H0228 J0116 K0003 M0172 N0036 P0188 Z0112,BEDCA2,1.000000
2647,Bombón,Chocolate,A0158 A0699 A0733 A0839 A0982 B1318 C0158 E0147 F0014 G0001 H0184 H0231 H0355 J0123 K0003 M0172 N0036 P0024 R0212 Z0112,BEDCA2,1.000000
2648,"Cacao en polvo, azucarado","Soluble cocoa, with sugar, powder",A0272 A0467 A0662 A0710 A0733 A0839 B1012 C0108 E0106 F0003 H0138 H0158 H0227 H0231 H0247 J0116 K0003 M0003 N0001 P0024 R0212 Z0112,BEDCA2,1.000000
2649,"Chicle, sin azúcar",Chewing gum,A0176 A0467 A0733 A0838 A0986 A1289 B1347 C0298 E0119 F0014 G0001 H0150 H0202 J0004 K0003 M0172 N0036 P0188 P0181 R0212 Z0112,BEDCA2,1.000000
2650,Chocolate blanco,White chocolate,A0158 A0699 A0733 A0839 A0982 B0001 C0158 E0147 F0014 G0001 H0184 H0231 H0355 J0123 K0003 M0172 N0036 P0024 R0212 Z0112,BEDCA2,1.000000
2651,Chocolate con leche,Milk chocolate,A0158 A0699 A0733 A0839 A0982 B0001 C0158 E0147 F0014 G0001 H0136 H0184 H0231 H0355 J0123 K0003 M0172 N0036 P0024 R0212 Z0112,BEDCA2,1.000000
2652,"Gominola, genérica",Jelly,A0228 A0698 A0735 A0835 A0982 C0108 E0119 F0014 H0106 H0136 H0138 H0228 J0116 K0003 M0172 N0036 P0188 Z0112,BEDCA2,1.000000
2653,Jalea real,Royal jelly,A0462 A0697 A0733 A0837 A0982 A1256 A1289 B3010 C0188 E0139 F0003 G0001 H0131 K0003 M0172 N0036 P0024 R0212 Z0112,BEDCA2,1.000000
2654,"Mermelada de albaricoque y melocotón, baja en calorías","Marmalade, apricot and peach, light",A0251 A0467 A0629 A0663 A0722 A0732 A0837 B1529 C0137 E0134 F0014 G0003 H0147 H0303 J0001 K0003 M0001 N0001 P0024 P0034 R0212 R0497 Z0112,BEDCA2,1.000000
2655,Mermelada de frambuesa,"marmalade, raspberry",A0251 A0467 A0629 A0663 A0722 A0732 A0837 B1494 C0137 E0134 F0014 G0003 H0136 J0001 K0003 M0001 N0001 P0024 R0212 R0497 Z0112,BEDCA2,1.000000
2656,Mermelada de fresa,"Marmalade, strawberry",A0251 A0467 A0629 A0663 A0722 A0732 A0837 B1393 C0137 E0134 F0014 G0003 H0136 J0001 K0003 M0001 N0001 P0024 R0212 R0497 Z0112,BEDCA2,1.000000
2657,"Mermelada de fresa, baja en calorías","marmalade, strawberry, light",A0251 A0467 A0629 A0663 A0722 A0732 A0837 B1393 C0137 E0134 F0014 G0003 H0303 J0001 K0003 M0001 N0001 P0024 P0034 R0212 R0497 Z0112,BEDCA2,1.000000
2658,Pastel,Cake,A0458 A0695 A0729 A0821 A0952 A1240 A1288 B1047 C0001 E0105 F0014 G0005 H0136 H0152 H0221 J0001 K0003 M0001 N0001 P0024 R0212 Z0112,BEDCA2,1.000000
2659,Regaliz,Liquorice,A0462 A0733 A0838 A0977 A1256 A1289 B2048 C0306 E0147 F0014 G0022 H0158 J0003 K0003 M0001 N0001 P0024 R0212 Z0112,BEDCA2,1.000000
2660,Arroz,Rice,A0696 A0730 A0814 A0960 A1240 A1290 B1322 C0155 E0131 F0003 G0003 H0003 H0398 J0003 K0004 M0128 N0036 P0024 R0001 Z0112,BEDCA2,1.000000
2661,"Arroz, hervido","Rice, boiled",A0457 A0696 A0729 A0814 A0965 A1240 B1322 C0155 E0150 F0014 G0014 H0001 J0003 K0003 M0003 N0001 P0024 R0212 Z0112,BEDCA2,1.000000
2662,Barrita cereales con chocolate,"Cereal bar, with chocolate",A0106 A0457 A0631 A0696 A0729 A0759 A0812 B1347 C0001 E0140 F0014 G0004 H0136 H0138 H0152 H0221 H0227 H0231 J0116 K0003 M0118 N0042 P0024 R0212 R0497 Z0112 Z0205,BEDCA2,1.000000
2663,Barrita cereales con frutas,"Cereal bar, with fruit",A0106 A0457 A0631 A0696 A0729 A0759 A0812 B1347 C0001 E0140 F0014 G0004 H0136 H0138 H0152 H0221 H0227 H0364 J0116 K0003 M0118 N0042 P0024 R0212 R0497 Z0112 Z0205,BEDCA2,1.000000
2664,Bizcocho,Sponge cake,A0456 A0695 A0729 A0821 A0951 A1240 A1290 B1324 C0155 E0147 F0003 G0005 H0186 H0221 H0749 H0753 J0003 K0003 M0001 N0001 P0024 R0212 Z0109 Z0112,BEDCA2,1.000000
2665,"Bollería, genérico",Bakery,A0456 A0695 A0733 A0821 A0951 A1240 A1290 B1324 C0155 E0147 F0003 G0005 H0158 H0186 H0221 H0753 J0003 K0003 M0001 N0001 P0024 R0212 Z0112,BEDCA2,1.000000
2666,Cereales base trigo y chocolate,"Breakfast cereals, wheat and chocolate",A0258 A0457 A0631 A0692 A0729 A0768 A0816 B1312 C0155 E0153 F0014 G0003 H0100 H0138 H0158 H0181 H0215 H0216 H0231 H0274 H0309 J0116 K0003 M0155 N0001 P0024 R0212 R0497 Z0112,BEDCA2,1.000000
2667,"Cereales, en polvo, solubles (eko)","Soluble cereals, powder",A0457 A0692 A0729 A0816 A0970 A1240 A1290 B1313 C0155 E0130 F0014 G0003 H0138 H0152 J0116 K0027 M0130 N0040 P0024 R0212 Z0112,BEDCA2,1.000000
2668,Churro,Cruller,A0693 A0729 A0813 A0960 A1240 A1290 B1312 C0155 E0104 F0014 G0029 H0136 H0367 H0753 J0003 K0003 M0003 N0003 P0024 R0212 Z0109,BEDCA2,1.000000
2669,Croissant,Croissant,A0456 A0695 A0729 A0821 A0951 A1240 A1290 B1324 C0155 E0147 F0003 G0005 H0158 H0186 H0221 H0753 J0003 K0003 M0001 N0001 P0024 R0212 Z0112,BEDCA2,1.000000
2670,Donut,Doughnut,A0248 A0456 A0695 A0733 A0821 A0951 A1240 A1290 B1312 C0155 E0147 F0014 G0005 H0158 H0184 H0186 H0221 J0003 K0003 M0001 N0001 P0024 R0212 Z0112,BEDCA2,1.000000
2671,Ensaimada,Ensaimada,A0456 A0695 A0729 A0821 A0951 A1240 A1290 B1324 C0155 E0147 F0003 G0005 H0158 H0186 H0221 H0356 H0753 J0003 K0003 M0001 N0001 P0024 R0212 Z0112,BEDCA2,1.000000
2672,Galleta salada,"Cookie, salted",A0457 A0695 A0729 A0821 A0936 A1240 A1290 B1324 C0155 E0147 F0014 G0005 H0221 H0367 H0753 J0003 K0003 M0001 N0001 P0024 R0212 Z0112,BEDCA2,1.000000
2673,"Galleta, genérico",Cookie,A0457 A0695 A0729 A0821 A0936 A1240 A1290 B1324 C0155 E0147 F0014 G0005 H0158 H0221 H0753 J0003 K0003 M0001 N0001 P0024 R0212 Z0112,BEDCA2,1.000000
2674,Galletas integrales,Crackers,A0695 A0729 A0821 A0969 A1240 A1290 B1219 C0165 E0106 F0014 G0005 H0138 H0347 H0367 H0422 H0672 H0753 H0754 H0758 J0116 K0004 M0155 M0166 N0036 P0024 R0001 Z0112,BEDCA2,1.000000
2675,Galletas tipo maria,Maria crackers,A0695 A0729 A0821 A0969 A1240 A1290 B1219 C0158 E0122 F0014 G0005 H0138 H0260 H0263 H0280 H0367 H0688 H0749 J0116 K0004 M0128 M0156 N0036 N0039 P0024 R0001 Z0112,BEDCA2,1.000000
2676,Gofio,Gofio,A0693 A0729 A0813 A0969 A1240 A1290 B1047 C0165 E0106 F0001 G0010 H0138 H0212 J0116 M0001 N0001 P0024 R0212 Z0112 Z0154,BEDCA2,1.000000
2677,Harina de trigo,Wheat flour,A0693 A0729 A0813 A0969 A1240 A1290 B1312 C0165 E0150 F0001 G0003 H0138 J0116 M0159 N0039 P0024 Z0154,BEDCA2,1.000000
2678,Magdalena,Muffin,A0733 A0838 A0976 A1289 B1312 C0001 E0131 F0014 G0005 H0263 H0354 H0753 J0001 K0003 M0172 N0036,BEDCA2,1.000000
2680,Carne picada,Mincemeat,A0714 A0726 A0793 A1015 A1258 A1280 B1134 C0270 E0117 F0003 G0003 J0003 M0172 N0036 P0024 R0212 Z0154,BEDCA,1.000000
2685,"Cabrito lechal, costillar, crudo","Kid, ribs, raw",A0794 B2702 C0285 E0150 F0003 G0003 H0003 J0003 K0003 M0003 N0036 N0044 P0003 R0212 R0366 R0367 R0500 Z0019 Z0215 Z0258,BEDCA2,0.667000
2686,"Cabrito lechal, espalda, cruda","Kid, back, raw",A0794 B2702 C0285 E0150 F0003 G0003 H0003 J0003 K0003 M0003 N0036 N0044 P0003 R0212 R0366 R0367 R0500 Z0019 Z0215 Z0258,BEDCA2,0.737000
2687,"Cabrito lechal, pierna, cruda","Kid, leg, raw",A0794 B2702 C0285 E0150 F0003 G0003 H0003 J0003 K0003 M0003 N0036 N0044 P0003 R0212 R0366 R0367 R0500 Z0019 Z0215 Z0258,BEDCA2,0.727000
2688,"Cordero lechal, costillar, crudo","Suckling lamb, ribs, raw",A0794 B2396 C0285 E0150 F0003 G0003 H0003 J0003 K0003 M0003 N0036 N0044 P0003 R0212 R0366 R0367 R0500 Z0019 Z0215 Z0258,BEDCA2,0.605000
2689,"Cordero lechal, espalda, cruda","Suckling lamb, back, raw",A0794 B2396 C0285 E0150 F0003 G0003 H0003 J0003 K0003 M0003 N0036 N0044 P0003 R0212 R0366 R0367 R0500 Z0019 Z0215 Z0258,BEDCA2,0.673000
2690,"Cordero lechal, pierna, cruda","Suckling lamb, leg, raw",A0794 B2396 C0285 E0150 F0003 G0003 H0003 J0003 K0003 M0003 N0036 N0044 P0003 R0212 R0366 R0367 R0500 Z0019 Z0215 Z0258,BEDCA2,0.649000
2691,"Cordero ligero, costillar, crudo","Light lamb, ribs, raw",A0794 B2396 C0285 E0150 F0003 G0003 H0003 J0003 K0003 M0003 N0036 N0044 P0003 R0212 R0366 R0367 R0500 Z0019 Z0215 Z0258,BEDCA2,0.713000
2692,"Cordero ligero, espalda, cruda","Light lamb, back, raw",A0794 B2396 C0285 E0150 F0003 G0003 H0003 J0003 K0003 M0003 N0036 N0044 P0003 R0212 R0366 R0367 R0500 Z0019 Z0215 Z0258,BEDCA2,0.759000
2693,"Cordero ligero, pierna, cruda","Light lamb, leg, raw",A0794 B2396 C0285 E0150 F0003 G0003 H0003 J0003 K0003 M0003 N0036 N0044 P0003 R0212 R0366 R0367 R0500 Z0019 Z0215 Z0258,BEDCA2,0.757000
2694,"Carne de cerdo de capa blanca, lomo, partes grasa y magra, crudo","Pork meat, loin, separable lean and fat, raw",A0794 B1136 C0269 E0152 F0003 H0003 J0003 K0001 N0041 P0003 R0212 Z0031,BEDCA2,1.000000
2695,"Carne de cerdo de capa blanca, lomo, parte magra, crudo","Pork meat, loin, lean, raw",A0794 B1136 C0270 E0152 F0003 H0003 J0003 K0001 N0041 P0003 R0212 Z0031,BEDCA2,1.000000
2696,"Carne de cerdo de capa blanca, chuleta, partes grasa y magra, cruda","Pork meat, chop, separable lean and fat, raw",A0794 B1136 C0269 E0152 F0003 H0003 J0003 K0001 N0041 P0003 R0212 Z0023,BEDCA2,0.776000
2697,"Carne de cerdo de capa blanca, chuleta, parte magra, cruda","Pork meat, chop, lean, raw",A0794 B1136 C0270 E0152 F0003 H0003 J0003 K0001 N0041 P0003 R0212 Z0023,BEDCA2,0.776000
2698,"Carne de cerdo de capa blanca, jamón, partes grasa y magra, crudo","Pork meat, ham, separable lean and fat, raw",A0794 B1136 C0285 E0152 F0003 H0003 J0003 K0001 N0041 P0003 R0212 Z0024,BEDCA2,1.000000
2699,"Carne de cerdo de capa blanca, jamón, parte magra, crudo","Pork meat, ham, lean, raw",A0794 B1136 C0286 E0152 F0003 H0003 J0003 K0001 N0041 P0003 R0212 Z0024,BEDCA2,1.000000
2700,"Carne de cerdo de capa blanca, cabezada, partes grasa y magra, crudo","Pork meat, head end of loin, separable lean and fat, raw",A0794 B1136 C0285 E0152 F0003 H0003 J0003 K0001 N0041 P0003 R0212 Z0031,BEDCA2,1.000000
2701,"Carne de cerdo de capa blanca, cabezada, parte magra, cruda","Pork meat, head end of loin, lean, raw",A0794 B1136 C0286 E0152 F0003 H0003 J0003 K0001 N0041 P0003 R0212 Z0031,BEDCA2,1.000000
2702,"Carne de vacuno, lomo, partes magra y grasa, crudo","Veal, loin, separable lean and fat, raw",A0794 B1201 C0269 E0150 F0003 G0003 J0003 K0003 M0003 N0041 P0003 R0212 Z0031,BEDCA2,1.000000
2703,"Carne de vacuno, solomillo, partes magra y grasa, crudo","Veal, sirloin, separable lean and fat, raw",A0794 B1201 C0269 E0150 F0003 G0003 J0003 K0003 M0003 N0041 P0003 R0212 Z0027,BEDCA2,1.000000
2704,"Carne de vacuno, costillar, partes magra y grasa, crudo","Veal, ribs, separable lean and fat, raw",A0794 B1201 C0269 E0150 F0003 G0003 J0003 K0003 M0003 N0041 P0003 R0212 Z0023,BEDCA2,1.000000
2705,"Carne de vacuno, redondo, partes magra y grasa, crudo","Veal, round, separable lean and fat, raw",A0794 B1201 C0269 E0150 F0003 G0003 J0003 K0003 M0003 N0041 P0003 R0212 Z0024,BEDCA2,1.000000
2706,"Carne de vacuno, cadera, partes magra y grasa, crudo","Veal, hip, separable lean and fat, raw",A0794 B1201 C0269 E0150 F0003 G0003 J0003 K0003 M0003 N0041 P0003 R0212 Z0145,BEDCA2,1.000000
2707,"Vacuno, mollejas, crudas","Veal, offals, gizzard, raw",A0796 B1201 C0124 E0150 F0003 G0003 J0003 K0003 M0003 N0041 P0003 R0212,BEDCA2,1.000000
2708,"Carne de vacuno, rabo, partes magra y grasa, crudo","Veal, tail, separable lean and fat, raw",A0794 B1201 C0269 E0150 F0003 G0003 J0003 K0003 M0003 N0041 P0003 R0212 Z0155,BEDCA2,1.000000
2709,"Vacuno, hígado, crudo","Veal, offals, liver, raw",A0796 B1201 C0176 E0150 F0003 G0003 J0003 K0003 M0003 N0041 P0003 R0212,BEDCA2,1.000000
2710,"Carne de vacuno, carrillera, partes magra y grasa, crudo","Veal, cheeks, separable lean and fat, raw",A0794 B1201 C0269 E0150 F0003 G0003 J0003 K0003 M0003 N0041 P0003 R0212 Z0048,BEDCA2,1.000000
2711,"Cabrito lechal, costillar, asado","Kid, ribs, roasted",A0794 B2702 C0285 E0150 F0014 G0005 H0003 J0003 K0003 M0003 N0036 N0044 P0003 R0212 R0366 R0367 R0500 Z0019 Z0215 Z0258,BEDCA2,1.000000
2712,"Cordero lechal, costillar, asado","Suckling lamb, ribs, roasted",A0794 B2396 C0285 E0150 F0014 G0005 H0003 J0003 K0003 M0003 N0036 N0044 P0003 R0212 R0366 R0367 R0500 Z0019 Z0215 Z0258,BEDCA2,1.000000
2713,"Cordero ligero, costillar, asado","Light lamb, ribs, roasted",A0794 B2396 C0285 E0150 F0014 G0005 H0003 J0003 K0003 M0003 N0036 N0044 P0003 R0212 R0366 R0367 R0500 Z0019 Z0215 Z0258,BEDCA2,1.000000
2714,Pistacho deshidratado suave,Mild dehydrated pistachio,A0824 B1416 C0227 E0150 F0014 G0005 H0138 J0143 K0027 M0166 N0017 P0024 R0212,BEDCA,0.530000
