internal_id,food_name,food_name_original,food_name_es,food_name_en,food_name_normalized,sci_name,langual_codes,source,source_id,country,language,food_type,category,subcategory,state,preparation,edible_portion,reference_basis,kcal_100g,kj_100g,energy_calculated,protein_g_100g,carbohydrates_g_100g,sugars_g_100g,starch_g_100g,fat_g_100g,saturated_fat_g_100g,monounsaturated_fat_g_100g,polyunsaturated_fat_g_100g,trans_fat_g_100g,omega3_g_100g,omega6_g_100g,fiber_g_100g,sodium_mg_100g,salt_g_100g,salt_calculated,cholesterol_mg_100g,water_g_100g,alcohol_g_100g,calcium_mg_100g,iron_mg_100g,magnesium_mg_100g,phosphorus_mg_100g,potassium_mg_100g,zinc_mg_100g,copper_mg_100g,iodine_ug_100g,selenium_ug_100g,vitamin_a_ug_100g,vitamin_c_mg_100g,vitamin_d_ug_100g,vitamin_e_mg_100g,vitamin_b6_mg_100g,vitamin_b12_ug_100g,folate_ug_100g,thiamine_mg_100g,riboflavin_mg_100g,niacin_mg_100g,pantothenic_acid_mg_100g,biotin_ug_100g,lauric_acid_g_100g,myristic_acid_g_100g,palmitic_acid_g_100g,stearic_acid_g_100g,oleic_acid_g_100g,linoleic_acid_g_100g,alpha_linolenic_acid_g_100g,arachidonic_acid_g_100g,epa_g_100g,dha_g_100g,brand,barcode,package_size_g,package_price,price_per_kg,price_per_100g,cost_per_20g_protein,cost_per_30g_protein,protein_per_euro,search_name,search_tokens,aliases,data_quality_score,preferred_record,duplicate_group_id,validation_status,validation_notes,notes,created_at,updated_at
BEDCA-680,"Bacón, ahumado, a la parrilla","Bacón, ahumado, a la parrilla","Bacón, ahumado, a la parrilla","Bacon, smoked, grilled",bacon ahumado a la parrilla,,A0279 A0459 A0633 A0666 A0714 A0726 A0799 B1136 C0269 E0150 F0014 G0006 H0172 H0173 H0253 J0106 K0003 M0001 N0001 P0024,BEDCA,680,ES,es,generic,,,,,1.0,100g,290.51,1215.5,False,23.4,0.0,0.0,0.0,22.1,8.3,9.3,2.9,,,,0.0,1760.0,4.4,True,80.0,50.5,0.0,7.0,0.7,21.0,190.0,330.0,2.2,0.06,7.0,12.0,0.0,,0.6,0.07,0.46,1.0,2.0,0.9,0.16,7.0,1.22,5.0,,,,,,,,,,,,,,,,,,,,"Bacón, ahumado, a la parrilla",bacon ahumado la parrilla smoked grilled,"Bacon, smoked, grilled",98,True,GRP-00092,OK,,,2026-09-20T03:50:39.818564+00:00,2026-09-20T03:50:39.818564+00:00
BEDCA-681,"Café, con leche","Café, con leche","Café, con leche","Coffee infusion, with milk",cafe con leche,,A0268 A0465 A0639 A0663 A0710 A0845 B1305 C0155 E0123 F0014 G0012 H0148 H0184 J0003 K0003 M0001 N0001 P0024 R0212 R0497 Z0109,BEDCA,681,ES,es,generic,,,,,1.0,100g,37.78,158.07,False,1.7,2.45,2.3,0.15,2.36538,1.2032,0.6235,0.0656,,,,0.0,23.0,0.0575,True,8.0,94.0,0.0,55.0,0.05,8.0,42.0,90.0,0.18,,17.4,2.8,15.8333,0.5,0.01,0.04,0.01,0.1,1.66,0.02,0.08,0.7,,,,,,,,,,,,,,,,,,,,,,"Café, con leche",cafe con leche coffee infusion with milk,"Coffee infusion, with milk",98,True,GRP-00150,OK,,,2026-09-20T03:50:39.818564+00:00,2026-09-20T03:50:39.818564+00:00
BEDCA-682,"Bacon, crudo, con grasa separable","Bacon, crudo, con grasa separable","Bacon, crudo, con grasa separable","Bacon, raw, with separable fat",bacon crudo con grasa separable,,A0279 A0459 A0633 A0666 A0714 A0726 A0797 B1136 C0269 E0150 F0003 G0003 H0173 H0253 J0103 K0003 M0001 N0001 P0024 R0212 R0495 Z0112,BEDCA,682,ES,es,generic,,,crudo,,1.0,100g,544.2,2276.93,False,8.7,0.09,,,57.5,21.26,26.33,6.75,,,,0.0,680.0,1.7,True,100.0,33.7,0.0,13.0,1.2,12.0,108.0,160.0,1.8,0.06,1.2,25.0,0.01,0.0,0.01,0.23,0.3,0.8,2.0,0.36,0.11,1.8,0.35,,,,,,,,,,,,,,,,,,,,,"Bacon, crudo, con grasa separable",bacon crudo con grasa separable raw with fat,"Bacon, raw, with separable fat",93,True,GRP-00093,OK,,,2026-09-20T03:50:39.818564+00:00,2026-09-20T03:50:39.818564+00:00
BEDCA-683,"Batido lácteo de cacao, bajo en calorías","Batido lácteo de cacao, bajo en calorías","Batido lácteo de cacao, bajo en calorías","Milk shake, cacao, light",batido lacteo de cacao bajo en calorias,,A0148 A0452 A0626 A0721 A0724 A0774 A0780 B1201 C0235 E0123 F0018 G0003 H0231 H0247 J0123 K0003 M0001 N0001 P0024 P0034 R0212 R0497 Z0112,BEDCA,683,ES,es,generic,,,,,1.0,100g,48.09,201.2,False,3.1,4.6,,,1.9,0.3,0.0,0.1,,,,0.0,88.3,0.2208,True,0.0,90.4,0.0,110.0,1.1,24.6,95.0,180.7,0.9,,10.6,3.7,70.3,4.2,0.3,0.7,0.15,0.36,21.1,0.1,0.18,1.3,,,,,,,,,,,,,,,,,,,,,,"Batido lácteo de cacao, bajo en calorías",batido lacteo de cacao bajo en calorias milk shake light,"Milk shake, cacao, light",93,True,GRP-00106,OK,,,2026-09-20T03:50:39.818564+00:00,2026-09-20T03:50:39.818564+00:00
BEDCA-685,"Batido lácteo, de fresa, bajo en calorías","Batido lácteo, de fresa, bajo en calorías","Batido lácteo, de fresa, bajo en calorías","Milk shake, strawberry, light",batido lacteo de fresa bajo en calorias,,A0148 A0452 A0626 A0721 A0724 A0774 A0780 B1201 C0235 E0123 F0014 G0003 H0247 H0395 J0123 K0003 M0001 N0001 P0024 P0034 R0212 R0497 Z0112,BEDCA,685,ES,es,generic,,,,,1.0,100g,111.49,466.48,False,3.8,22.9,,,0.34,0.3,0.0,0.1,,,,1.6,88.3,0.2208,True,3.4,72.9,0.0,111.6,1.1,24.6,52.8,180.7,0.9,,10.6,3.7,70.3,4.2,0.3,0.7,0.15,0.2,21.1,0.1,0.13,1.3,,,,,,,,,,,,,,,,,,,,,,"Batido lácteo, de fresa, bajo en calorías",batido lacteo de fresa bajo en calorias milk shake strawberry light,"Milk shake, strawberry, light",93,True,GRP-00107,OK,,,2026-09-20T03:50:39.818564+00:00,2026-09-20T03:50:39.818564+00:00
BEDCA-686,"Cabrito, parte s/e, crudo, con grasa separable","Cabrito, parte s/e, crudo, con grasa separable","Cabrito, parte s/e, crudo, con grasa separable","Kid, part n/e, raw, with separable fat",cabrito parte s e crudo con grasa separable,,A0150 A0459 A0633 A0714 A0726 A0737 A0794 B2702 C0269 E0152 F0003 G0003 H0003 J0001 K0003 M0001 N0001 P0024 R0212 R0497 Z0018 Z0112,BEDCA,686,ES,es,generic,,,crudo,,0.7,100g,113.79,476.1,False,19.3,,,,4.0,1.5,2.2,0.3,,,,0.0,82.0,0.205,True,56.0,76.7,0.0,9.0,0.9,22.0,220.0,385.0,2.0,,5.0,1.0,0.0,0.0,0.4,0.09,0.3,2.0,5.0,0.32,0.1,6.0,,,,,,,,,,,,,,,,,,,,,,"Cabrito, parte s/e, crudo, con grasa separable",cabrito parte crudo con grasa separable kid part raw with fat,"Kid, part n/e, raw, with separable fat",87,True,GRP-00144,OK,,,2026-09-20T03:50:39.818564+00:00,2026-09-20T03:50:39.818564+00:00
BEDCA-687,Callos de ternera,Callos de ternera,Callos de ternera,"Tripe, veal, raw",callos de ternera,,A0150 A0459 A0633 A0716 A0726 A0739 A0796 B1201 C0212 E0150 F0003 G0003 H0003 J0001 K0003 M0001 N0001 P0024 R0212 R0497 Z0112,BEDCA,687,ES,es,generic,,,,,1.0,100g,94.69,396.2,False,14.56,0.0,,,3.95,2.03,1.31,0.07,0.1872,0.025,0.083,0.0,46.0,0.115,True,95.0,80.0,0.0,9.0,1.95,8.0,79.0,270.0,2.47,0.09,,45.6,0.0,,,0.08,0.04,1.54,2.0,0.01,0.17,0.06,0.56,,0.007,0.121,0.861,0.839,0.919,0.06,0.018,0.023,0.006,0.001,,,,,,,,,,Callos de ternera,callos de ternera tripe veal raw,"Tripe, veal, raw",93,True,GRP-00166,OK,,,2026-09-20T03:50:39.818564+00:00,2026-09-20T03:50:39.818564+00:00
BEDCA-688,"Cerdo, lomo, asado","Cerdo, lomo, asado","Cerdo, lomo, asado","Pork, loin, roasted",cerdo lomo asado,,A0150 A0459 A0633 A0714 A0726 A0737 A0799 B1136 C0269 E0150 F0014 G0005 H0001 J0001 K0003 M0001 N0001 P0024 R0212 R0497 Z0031 Z0112,BEDCA,688,ES,es,generic,,,asado,,1.0,100g,235.9,987.02,False,27.0,0.0,0.0,0.0,14.2707,5.5,6.5,1.6,,,,0.0,60.0,0.15,True,75.0,56.1,0.0,12.0,1.1,20.0,170.0,290.0,2.4,,3.0,20.0,,,,0.1,0.36,0.8,4.0,0.52,0.3,4.2,,,,,,,,,,,,,,,,,,,,,,"Cerdo, lomo, asado",cerdo lomo asado pork loin roasted,"Pork, loin, roasted",98,True,GRP-00204,OK,,,2026-09-20T03:50:39.818564+00:00,2026-09-20T03:50:39.818564+00:00
BEDCA-689,"Cerdo, pierna, cruda, con grasa separable","Cerdo, pierna, cruda, con grasa separable","Cerdo, pierna, cruda, con grasa separable","Pork, leg, raw, with separable fat",cerdo pierna cruda con grasa separable,,A0150 A0459 A0633 A0714 A0726 A0737 A0794 B1136 C0269 E0150 F0003 G0001 H0001 J0001 K0003 M0001 N0001 P0024 R0212 R0497 Z0024 Z0112,BEDCA,689,ES,es,generic,,,crudo,,0.75,100g,211.62,885.4,False,19.0,0.0,,,15.2,5.1,6.4,2.5,,,,0.0,80.0,0.2,True,63.0,65.8,0.0,8.0,1.5,22.0,230.0,370.0,2.5,0.02,5.0,12.0,0.1,0.0,0.01,0.0,0.45,1.0,5.0,0.89,0.2,8.7,1.32,3.0,,,,,,,,,,,,,,,,,,,,"Cerdo, pierna, cruda, con grasa separable",cerdo pierna cruda con grasa separable pork leg raw with fat,"Pork, leg, raw, with separable fat",93,True,GRP-00208,OK,,,2026-09-20T03:50:39.818564+00:00,2026-09-20T03:50:39.818564+00:00
BEDCA-691,Queso afuega'l pitu,Queso afuega'l pitu,Queso afuega'l pitu,"Cheese, ""afuega'l pitu"" type",queso afuega l pitu,,A0313 A0452 A0626 A0720 A0724 A0776 B1201 C0245 E0146 F0018 G0003 H0107 H0289 H0298 J0131 K0003 M0001 N0001 P0024 R0212 R0497 Z0073 Z0112,BEDCA,691,ES,es,generic,,,,,1.0,100g,467.49,1955.98,False,26.78,,,,40.56,,,,,,,0.0,5882.5,14.7063,True,100.0,27.8,0.0,1311.66,1.5,122.75,3001.93,1410.24,4.91,650.0,,,239.08,0.0,0.25,0.6,0.09,1.55,16.0,0.04,0.3,3.05,,,,,,,,,,,,,,,,,,,,,,Queso afuega'l pitu,queso afuega pitu cheese type,"Cheese, ""afuega'l pitu"" type",82,True,GRP-00699,OK,,,2026-09-20T03:50:39.818564+00:00,2026-09-20T03:50:39.818564+00:00
BEDCA-692,Queso ahumado de aliva,Queso ahumado de aliva,Queso ahumado de aliva,"Cheese, ""ahumado de aliva"" type",queso ahumado de aliva,,A0313 A0452 A0626 A0720 A0724 A0776 B2247 C0245 E0146 F0018 G0003 H0107 H0291 H0298 J0106 K0003 M0001 N0001 P0024 R0212 R0497 Z0073 Z0112,BEDCA,692,ES,es,generic,,,,,1.0,100g,406.12,1699.2,False,25.67,,,,34.13,,,,,,,0.0,3002.43,7.5061,True,100.0,35.04,0.0,7820.18,3.27,329.34,5101.87,1219.04,30.52,820.0,,,239.08,0.0,0.25,0.6,0.09,1.55,16.0,0.04,0.3,3.05,,,,,,,,,,,,,,,,,,,,,,Queso ahumado de aliva,queso ahumado de aliva cheese type,"Cheese, ""ahumado de aliva"" type",82,True,GRP-00700,OK,,,2026-09-20T03:50:39.818564+00:00,2026-09-20T03:50:39.818564+00:00
BEDCA-693,Queso cantabria,Queso cantabria,Queso cantabria,"Cheese, ""cantabria"" type",queso cantabria,,A0313 A0452 A0626 A0720 A0724 A0776 B1201 C0245 E0146 F0018 G0003 H0107 H0288 H0298 J0003 K0003 M0001 N0001 P0024 R0212 R0497 Z0112,BEDCA,693,ES,es,generic,,,,,1.0,100g,354.46,1483.04,False,21.53,,,,30.19,,,,,,,0.0,5551.33,13.8783,True,100.0,42.84,0.0,7803.58,3.42,289.23,4929.73,978.05,30.59,570.0,,,239.08,0.0,0.25,0.6,0.09,1.55,16.0,0.04,0.3,3.05,,,,,,,,,,,,,,,,,,,,,,Queso cantabria,queso cantabria cheese type,"Cheese, ""cantabria"" type",82,True,GRP-00707,OK,,,2026-09-20T03:50:39.818564+00:00,2026-09-20T03:50:39.818564+00:00
BEDCA-694,Queso casín,Queso casín,Queso casín,"Cheese, ""casin"" type",queso casin,,A0311 A0452 A0626 A0720 A0724 A0776 B1201 C0245 E0146 F0018 G0003 H0107 H0293 H0298 J0131 K0003 M0001 N0001 P0024 R0212 R0497 Z0112,BEDCA,694,ES,es,generic,,,,,1.0,100g,366.15,1531.99,False,23.06,,,,30.81,,,,,,,0.0,7589.61,18.974,True,100.0,40.35,0.0,6915.54,9.86,290.83,4995.91,1759.12,33.93,650.0,,,239.08,0.0,0.25,0.6,0.09,1.55,16.0,0.04,0.3,3.05,,,,,,,,,,,,,,,,,,,,,,Queso casín,queso casin cheese type,"Cheese, ""casin"" type",82,True,GRP-00708,OK,,,2026-09-20T03:50:39.818564+00:00,2026-09-20T03:50:39.818564+00:00
BEDCA-695,"Queso de murcia, al vino","Queso de murcia, al vino","Queso de murcia, al vino","Cheese, ""murcia with wine"" type",queso de murcia al vino,,A0313 A0452 A0626 A0720 A0724 A0776 B1328 C0245 E0146 F0018 G0003 H0107 H0289 J0003 K0003 M0001 N0001 P0024 R0212 R0497 Z0112,BEDCA,695,ES,es,generic,,,,,1.0,100g,437.97,1832.45,False,23.17,,,,38.88,,,,,,,0.0,5373.88,13.4347,True,100.0,32.63,0.0,8139.35,3.47,385.5,5277.04,1063.69,26.53,1230.0,,,437.0,0.0,0.5,0.31,0.08,0.2,53.0,0.14,1.19,3.6,,,,,,,,,,,,,,,,,,,,,,"Queso de murcia, al vino",queso de murcia al vino cheese with wine type,"Cheese, ""murcia with wine"" type",82,True,GRP-00720,OK,,,2026-09-20T03:50:39.818564+00:00,2026-09-20T03:50:39.818564+00:00
BEDCA-696,Queso de cádiz,Queso de cádiz,Queso de cádiz,"Cheese, ""cádiz"" type",queso de cadiz,,A0185 A0452 A0626 A0720 A0724 A0776 A0786 B1328 C0245 E0146 F0003 G0003 H0107 J0131 K0003 M0001 N0001 P0024 R0212 R0497 Z0112,BEDCA,696,ES,es,generic,,,,,1.0,100g,306.49,1282.37,False,16.93,,,,26.88,,,,,,,0.0,3644.62,9.1115,True,100.0,52.8,0.0,6234.56,2.44,292.84,3964.95,984.17,25.01,750.0,,,437.0,0.0,0.5,0.31,0.08,0.2,53.0,0.14,1.19,3.6,,,,,,,,,,,,,,,,,,,,,,Queso de cádiz,queso de cadiz cheese type,"Cheese, ""cádiz"" type",82,True,GRP-00716,OK,,,2026-09-20T03:50:39.818564+00:00,2026-09-20T03:50:39.818564+00:00
BEDCA-697,Queso Tetilla,Queso Tetilla,Queso Tetilla,"Cheese, ""tetilla"" type",queso tetilla,,A0313 A0452 A0626 A0720 A0724 A0776 A0785 B1201 C0245 E0146 F0018 G0003 H0107 H0289 H0298 J0103 K0003 M0001 N0001 P0024 R0212 R0497 Z0112,BEDCA,697,ES,es,generic,,,,,1.0,100g,372.51,1558.57,False,21.62,,,0.0,32.19,21.45,10.06,1.07,1.77,,0.459,0.0,5399.95,13.4999,True,90.0,41.46,0.0,8090.14,2.82,314.68,5127.16,1020.3,32.98,810.0,2.0,1.6,388.333,,0.25,0.62,0.1,1.5,20.0,0.03,0.3,0.1,,,0.849,2.998,7.971,3.434,5.677,0.439,0.16,0.02,0.009,,,,,,,,,,,Queso Tetilla,queso tetilla cheese type,"Cheese, ""tetilla"" type",87,True,GRP-00761,OK,,,2026-09-20T03:50:39.818564+00:00,2026-09-20T03:50:39.818564+00:00
BEDCA-698,Queso gaztazarra,Queso gaztazarra,Queso gaztazarra,"Cheese, ""gaztazarra"" type",queso gaztazarra,,A0314 A0452 A0626 A0720 A0724 A0776 B1183 C0245 E0119 F0003 G0003 H0107 H0291 H0298 H0332 J0003 K0003 M0001 N0001 P0024 R0212 R0497 Z0112,BEDCA,698,ES,es,generic,,,,,1.0,100g,326.96,1367.98,False,18.44,,,,28.5,,,,,,,0.0,6479.92,16.1998,True,90.0,46.44,0.0,6085.13,2.94,312.09,4366.45,1505.39,21.82,570.0,,,374.0,0.0,0.25,0.62,0.1,1.5,20.65,0.04,0.3,5.1,,,,,,,,,,,,,,,,,,,,,,Queso gaztazarra,queso gaztazarra cheese type,"Cheese, ""gaztazarra"" type",82,True,GRP-00732,OK,,,2026-09-20T03:50:39.818564+00:00,2026-09-20T03:50:39.818564+00:00
BEDCA-699,Queso herreño,Queso herreño,Queso herreño,"Cheese, ""herreño"" type",queso herreno,,A0313 A0452 A0626 A0720 A0724 A0776 B1161 C0245 E0146 F0018 G0003 H0107 H0172 H0289 H0298 J0003 K0003 M0001 N0001 P0024 R0212 R0497 Z0112,BEDCA,699,ES,es,generic,,,,,1.0,100g,365.35,1528.61,False,24.08,,,,30.25,,,,,,,0.0,8926.86,22.3172,True,100.0,39.23,0.0,6508.51,3.43,352.61,4696.87,1146.69,24.91,1050.0,,,437.0,0.0,0.5,0.31,0.08,0.2,53.0,0.14,1.19,3.6,,,,,,,,,,,,,,,,,,,,,,Queso herreño,queso herreno cheese type,"Cheese, ""herreño"" type",82,True,GRP-00736,OK,,,2026-09-20T03:50:39.818564+00:00,2026-09-20T03:50:39.818564+00:00
BEDCA-700,Queso cebreiro,Queso cebreiro,Queso cebreiro,"Cheese, ""cebreiro"" type",queso cebreiro,,A0313 A0452 A0626 A0720 A0724 A0776 B1328 C0245 E0146 F0018 G0003 H0107 H0290 H0298 J0103 K0003 M0001 N0001 P0024 R0212 R0497 Z0073 Z0112,BEDCA,700,ES,es,generic,,,,,1.0,100g,257.14,1075.87,False,14.86,,,,22.25,,,,1.77,,0.459,0.0,4222.83,10.5571,True,85.0,59.36,0.0,971.3,1.05,102.29,2026.32,1134.68,4.73,480.0,2.0,1.6,239.08,1.0,0.25,0.6,0.08,0.8,15.0,0.03,0.2,4.7,,,0.849,2.998,7.971,3.434,5.677,0.439,0.16,0.02,0.009,,,,,,,,,,,Queso cebreiro,queso cebreiro cheese type,"Cheese, ""cebreiro"" type",82,True,GRP-00710,OK,,,2026-09-20T03:50:39.818564+00:00,2026-09-20T03:50:39.818564+00:00
BEDCA-701,Queso pedroches,Queso pedroches,Queso pedroches,"Cheese, ""pedroches"" type",queso pedroches,,A0312 A0452 A0626 A0720 A0724 A0776 B1183 C0245 E0146 F0003 G0003 H0107 H0291 H0298 J0003 K0003 M0001 N0001 P0024 R0212 R0497 Z0112,BEDCA,701,ES,es,generic,,,,,1.0,100g,337.26,1411.08,False,24.24,,,,27.0,,,,,,,0.0,5962.56,14.9064,True,90.0,42.28,0.0,9339.39,14.48,554.78,6128.75,1295.9,26.28,740.0,,,374.0,0.0,0.25,0.62,0.1,1.5,20.65,0.04,0.3,5.1,,,,,,,,,,,,,,,,,,,,,,Queso pedroches,queso pedroches cheese type,"Cheese, ""pedroches"" type",82,True,GRP-00750,OK,,,2026-09-20T03:50:39.818564+00:00,2026-09-20T03:50:39.818564+00:00
BEDCA-702,Queso tupí,Queso tupí,Queso tupí,"Cheese, ""tupí"" type",queso tupi,,A0185 A0452 A0626 A0720 A0724 A0776 A0786 B1183 C0245 E0146 F0003 G0003 H0107 J0131 K0003 M0001 N0001 P0024 R0212 R0497 Z0112,BEDCA,702,ES,es,generic,,,,,1.0,100g,606.92,2539.37,False,19.2,,,,59.81,,,,,,,0.0,4210.3,10.5258,True,90.0,19.16,0.0,6716.06,1.95,267.96,4213.64,1173.17,26.78,4290.0,,,374.0,0.0,0.25,0.62,0.1,1.5,20.65,0.04,0.3,5.1,,,,,,,,,,,,,,,,,,,,,,Queso tupí,queso tupi cheese type,"Cheese, ""tupí"" type",82,True,GRP-00764,OK,,,2026-09-20T03:50:39.818564+00:00,2026-09-20T03:50:39.818564+00:00
BEDCA-703,Queso flor de guía,Queso flor de guía,Queso flor de guía,"Cheese, ""flor de guía"" type",queso flor de guia,,A0312 A0452 A0626 A0720 A0724 A0776 B2244 C0245 E0146 F0018 G0003 H0107 H0289 H0298 J0003 K0003 M0001 N0001 P0024 R0212 R0497 Z0112,BEDCA,703,ES,es,generic,,,,,1.0,100g,385.23,1611.79,False,27.21,,,,31.06,,,,,,,0.0,6132.48,15.3312,True,90.0,35.35,0.0,8019.42,3.35,448.88,6009.33,1182.36,38.39,880.0,,,388.0,,0.25,0.6,0.1,1.5,20.0,0.03,0.3,0.1,,,,,,,,,,,,,,,,,,,,,,Queso flor de guía,queso flor de guia cheese type,"Cheese, ""flor de guía"" type",82,True,GRP-00726,OK,,,2026-09-20T03:50:39.818564+00:00,2026-09-20T03:50:39.818564+00:00
BEDCA-704,Queso gata-hurdes,Queso gata-hurdes,Queso gata-hurdes,"Cheese, ""gata-hurdes"" type",queso gata hurdes,,A0313 A0452 A0626 A0720 A0724 A0776 B1328 C0245 E0146 F0018 G0003 H0107 H0291 H0298 J0153 K0021 M0001 N0001 P0024 R0212 R0497 Z0112,BEDCA,704,ES,es,generic,,,,,1.0,100g,383.37,1604.03,False,21.16,,,,33.63,,,,,,,0.0,6389.6,15.974,True,100.0,41.55,0.0,4547.53,3.07,251.26,3183.42,1052.84,18.09,1060.0,,,437.0,0.0,0.5,0.31,0.08,0.2,53.0,0.14,1.19,3.6,,,,,,,,,,,,,,,,,,,,,,Queso gata-hurdes,queso gata hurdes cheese type,"Cheese, ""gata-hurdes"" type",82,True,GRP-00731,OK,,,2026-09-20T03:50:39.818564+00:00,2026-09-20T03:50:39.818564+00:00
BEDCA-705,Queso de aracena,Queso de aracena,Queso de aracena,"Cheese, ""aracena"" type",queso de aracena,,A0313 A0452 A0626 A0720 A0724 A0776 B1328 C0245 E0146 F0018 G0003 H0107 H0290 H0298 J0003 K0003 M0001 N0001 P0024 R0212 R0497 Z0112,BEDCA,705,ES,es,generic,,,,,1.0,100g,388.43,1625.18,False,21.86,,,,33.88,,,,,,,0.0,6454.38,16.136,True,100.0,40.32,0.0,5985.51,3.86,310.09,4270.65,1033.98,23.97,1590.0,,,437.0,0.0,0.5,0.31,0.08,0.2,53.0,0.14,1.19,3.6,,,,,,,,,,,,,,,,,,,,,,Queso de aracena,queso de aracena cheese type,"Cheese, ""aracena"" type",82,True,GRP-00713,OK,,,2026-09-20T03:50:39.818564+00:00,2026-09-20T03:50:39.818564+00:00
BEDCA-706,Queso de tenerife,Queso de tenerife,Queso de tenerife,"Cheese, ""tenerife"" type",queso de tenerife,,A0185 A0452 A0626 A0720 A0724 A0776 A0786 B2101 C0245 E0146 F0003 G0003 H0107 J0131 K0003 M0001 N0001 P0024 R0212 R0497 Z0112,BEDCA,706,ES,es,generic,,,,,1.0,100g,340.97,1426.63,False,19.3,,,,29.69,,,,,,,0.0,3245.91,8.1148,True,100.0,47.26,0.0,6533.42,2.39,434.44,4543.65,1001.47,22.57,1450.0,,,437.0,0.0,0.5,0.31,0.08,0.2,53.0,0.14,1.19,3.6,,,,,,,,,,,,,,,,,,,,,,Queso de tenerife,queso de tenerife cheese type,"Cheese, ""tenerife"" type",82,True,GRP-00721,OK,,,2026-09-20T03:50:39.818564+00:00,2026-09-20T03:50:39.818564+00:00
BEDCA-707,Queso de tiétar,Queso de tiétar,Queso de tiétar,"Cheese, ""tiétar"" type",queso de tietar,,A0312 A0452 A0626 A0720 A0724 A0776 B1328 C0245 E0146 F0018 G0003 H0107 H0289 H0298 J0003 K0003 M0001 N0001 P0024 R0212 R0497 Z0112,BEDCA,707,ES,es,generic,,,,,1.0,100g,396.79,1660.16,False,21.48,,,,35.0,,,,,,,0.0,5248.43,13.1211,True,100.0,38.01,0.0,8426.2,3.27,427.22,5214.58,1215.06,27.28,1120.0,,,437.0,0.0,0.5,0.31,0.08,0.2,53.0,0.14,1.19,3.6,,,,,,,,,,,,,,,,,,,,,,Queso de tiétar,queso de tietar cheese type,"Cheese, ""tiétar"" type",82,True,GRP-00722,OK,,,2026-09-20T03:50:39.818564+00:00,2026-09-20T03:50:39.818564+00:00
BEDCA-708,Queso pasiego,Queso pasiego,Queso pasiego,"Cheese, ""pasiego"" type",queso pasiego,,A0314 A0452 A0626 A0720 A0724 A0776 B1328 C0245 E0146 F0003 G0003 H0107 H0288 H0298 J0003 K0003 M0001 N0001 P0024 R0212 R0497 Z0112,BEDCA,708,ES,es,generic,,,,,1.0,100g,294.48,1232.09,False,14.93,,,,26.44,,,,,,,0.0,4974.07,12.4352,True,100.0,56.74,0.0,4856.48,2.41,192.95,3058.45,1283.29,22.0,440.0,,,239.08,0.0,0.25,0.6,0.09,1.55,16.0,0.04,0.3,3.05,,,,,,,,,,,,,,,,,,,,,,Queso pasiego,queso pasiego cheese type,"Cheese, ""pasiego"" type",82,True,GRP-00749,OK,,,2026-09-20T03:50:39.818564+00:00,2026-09-20T03:50:39.818564+00:00
BEDCA-709,Queso peñamellera,Queso peñamellera,Queso peñamellera,"Cheese, ""peñamellera"" type",queso penamellera,,A0313 A0452 A0626 A0720 A0724 A0776 B2247 C0245 E0146 F0018 G0003 H0107 H0289 H0298 J0003 K0003 M0001 N0001 P0024 R0212 R0497 Z0073 Z0112,BEDCA,709,ES,es,generic,,,,,1.0,100g,363.16,1519.48,False,23.26,,,,30.38,,,,,,,0.0,8309.04,20.7726,True,,40.76,0.0,8708.46,2.91,316.9,5362.51,1223.12,32.31,560.0,,,388.0,,0.25,0.6,0.1,1.5,20.0,0.03,0.3,0.1,,,,,,,,,,,,,,,,,,,,,,Queso peñamellera,queso penamellera cheese type,"Cheese, ""peñamellera"" type",82,True,GRP-00751,OK,,,2026-09-20T03:50:39.818564+00:00,2026-09-20T03:50:39.818564+00:00
BEDCA-710,Queso servilleta,Queso servilleta,Queso servilleta,"Cheese, ""servilleta"" type",queso servilleta,,A0185 A0452 A0626 A0720 A0724 A0776 A0786 B2101 C0245 E0146 F0003 G0003 H0107 H0298 J0131 K0003 M0001 N0001 P0024 R0212 R0497 Z0112,BEDCA,710,ES,es,generic,,,,,1.0,100g,322.74,1350.36,False,22.17,,,,26.31,,,,,,,0.0,6361.63,15.9041,True,90.0,46.05,0.0,7620.94,4.04,330.14,4653.51,1122.85,30.2,890.0,,,374.0,0.0,0.25,0.62,0.1,1.5,20.65,0.04,0.3,5.1,,,,,,,,,,,,,,,,,,,,,,Queso servilleta,queso servilleta cheese type,"Cheese, ""servilleta"" type",82,True,GRP-00760,OK,,,2026-09-20T03:50:39.818564+00:00,2026-09-20T03:50:39.818564+00:00
BEDCA-711,Queso grazalema,Queso grazalema,Queso grazalema,"Cheese, ""grazalema"" type",queso grazalema,,A0312 A0452 A0626 A0720 A0724 A0776 B2101 C0245 E0146 F0003 G0003 H0107 H0290 H0298 J0003 K0003 M0001 N0001 P0024 R0212 R0497 Z0112,BEDCA,711,ES,es,generic,,,,,1.0,100g,374.67,1567.6,False,21.89,,,,32.31,,,,,,,0.0,4523.67,11.3092,True,90.0,40.19,0.0,7853.39,3.11,522.75,5012.86,989.84,23.32,1090.0,,,374.0,0.0,0.25,0.62,0.1,1.5,20.65,0.04,0.3,5.1,,,,,,,,,,,,,,,,,,,,,,Queso grazalema,queso grazalema cheese type,"Cheese, ""grazalema"" type",82,True,GRP-00734,OK,,,2026-09-20T03:50:39.818564+00:00,2026-09-20T03:50:39.818564+00:00
BEDCA-712,Queso porrúa,Queso porrúa,Queso porrúa,"Cheese, ""porrúa"" type",queso porrua,,A0313 A0452 A0626 A0720 A0724 A0776 B2245 C0245 E0146 F0003 G0003 H0107 H0290 H0298 J0131 K0003 M0001 N0001 P0024 R0212 Z0112,BEDCA,712,ES,es,generic,,,,,1.0,100g,379.64,1588.43,False,23.79,,,,32.0,,,,,,,0.0,4383.53,10.9588,True,90.0,39.41,0.0,8476.01,3.29,331.14,5783.76,1462.18,33.97,520.0,,,388.0,,0.25,0.6,0.1,1.5,20.0,0.03,0.3,0.1,,,,,,,,,,,,,,,,,,,,,,Queso porrúa,queso porrua cheese type,"Cheese, ""porrúa"" type",82,True,GRP-00753,OK,,,2026-09-20T03:50:39.818564+00:00,2026-09-20T03:50:39.818564+00:00
BEDCA-713,Queso picón,Queso picón,Queso picón,"Cheese, ""picón"" type",queso picon,,A0185 A0452 A0626 A0720 A0724 A0776 A0786 B2247 C0245 E0146 F0003 G0003 H0107 H0288 H0298 J0131 K0003 M0001 N0001 P0024 R0212 R0497 Z0073 Z0112,BEDCA,713,ES,es,generic,,,,,1.0,100g,384.1,1607.07,False,22.71,,,,33.0,,,,,,,0.0,13511.0,33.7775,True,90.0,39.31,0.0,4728.49,5.94,218.46,4853.88,1336.4,34.11,810.0,,,388.0,,0.25,0.6,0.1,1.5,20.0,0.03,0.3,0.1,,,,,,,,,,,,,,,,,,,,,,Queso picón,queso picon cheese type,"Cheese, ""picón"" type",82,True,GRP-00752,OK,,,2026-09-20T03:50:39.818564+00:00,2026-09-20T03:50:39.818564+00:00
BEDCA-714,Queso serrat,Queso serrat,Queso serrat,"Cheese, ""serrat"" type",queso serrat,,A0311 A0452 A0626 A0720 A0724 A0776 B1183 C0245 E0146 F0018 G0003 H0107 H0291 H0298 J0003 K0003 M0001 N0001 P0024 R0212 R0497 Z0112,BEDCA,714,ES,es,generic,,,,,1.0,100g,409.06,1711.52,False,23.13,,,,35.63,,,,,,,0.0,3982.94,9.9573,True,90.0,35.74,0.0,8293.37,1.71,306.47,5349.12,1205.97,32.73,560.0,,,374.0,0.0,0.25,0.62,0.1,1.5,20.65,0.04,0.3,5.1,,,,,,,,,,,,,,,,,,,,,,Queso serrat,queso serrat cheese type,"Cheese, ""serrat"" type",82,True,GRP-00759,OK,,,2026-09-20T03:50:39.818564+00:00,2026-09-20T03:50:39.818564+00:00
BEDCA-715,Queso Castellano,Queso Castellano,Queso Castellano,"Cheese, ""castellano"" type",queso castellano,,A0312 A0452 A0626 A0720 A0724 A0776 B1183 C0245 E0146 F0018 G0003 H0107 H0291 H0298 J0003 K0003 M0001 N0001 P0024 R0212 R0497 Z0112 Z0147,BEDCA,715,ES,es,generic,,,,,0.7,100g,457.32,1913.43,False,26.04,,,0.0,39.75,26.45,9.59,1.08,,,,0.0,7932.78,19.8319,True,100.0,27.68,0.0,8384.69,5.95,455.7,5856.26,1055.34,27.03,820.0,,,436.667,,0.25,0.6,0.1,1.5,20.0,0.03,0.3,0.1,,,,,,,,,,,,,,,,,,,,,,Queso Castellano,queso castellano cheese type,"Cheese, ""castellano"" type",87,True,GRP-00709,OK,,,2026-09-20T03:50:39.818564+00:00,2026-09-20T03:50:39.818564+00:00
BEDCA-716,Queso de arzúa,Queso de arzúa,Queso de arzúa,"Cheese, ""arzúa"" type",queso de arzua,,A0313 A0452 A0626 A0720 A0724 A0776 B1201 C0245 E0146 F0018 G0003 H0107 H0289 H0298 J0131 K0003 M0001 N0001 P0024 R0212 R0497 Z0112,BEDCA,716,ES,es,generic,Milk and dairy products,Cheese,,,1.0,100g,395.33,1654.07,False,22.21,2.0,,0.0,34.5,17.98,8.46,1.01,1.77,,0.459,0.0,4202.22,10.5056,True,90.0,39.43,0.0,7638.45,2.68,274.44,4776.55,924.6,33.47,610.0,2.0,1.6,340.0,,0.25,0.6,0.1,1.5,20.0,0.03,0.3,0.1,,,0.849,2.998,7.971,3.434,5.677,0.439,0.16,0.02,0.009,,,,,,,,,,,Queso de arzúa,queso de arzua cheese type,"Cheese, ""arzúa"" type",93,True,GRP-00714,OK,,,2026-09-20T03:50:39.818564+00:00,2026-09-20T03:50:39.818564+00:00
BEDCA-717,Queso Ibores,Queso Ibores,Queso Ibores,"Cheese, ""ibores"" type",queso ibores,,A0311 A0452 A0626 A0720 A0724 A0776 B1328 C0245 E0146 F0018 G0003 H0107 H0291 H0298 J0003 K0003 M0001 N0001 P0024 R0212 R0497 Z0112,BEDCA,717,ES,es,generic,,,,,0.75,100g,400.72,1676.62,False,23.95,,,0.0,34.31,25.31,8.72,0.92,,,,0.0,7515.3,18.7883,True,90.0,35.48,0.0,8974.11,9.46,463.72,5808.35,1103.47,34.9,1390.0,,,388.333,,0.25,0.62,0.1,1.5,20.0,0.03,0.3,0.1,,,,,,,,,,,,,,,,,,,,,,Queso Ibores,queso ibores cheese type,"Cheese, ""ibores"" type",87,True,GRP-00737,OK,,,2026-09-20T03:50:39.818564+00:00,2026-09-20T03:50:39.818564+00:00
BEDCA-718,Queso Mahón,Queso Mahón,Queso Mahón,"Cheese, ""mahón"" type",queso mahon,,A0312 A0452 A0626 A0720 A0724 A0776 B1201 C0245 E0146 F0003 G0003 H0107 H0291 H0298 J0003 K0003 M0001 N0001 P0024 R0212 R0497 Z0112,BEDCA,718,ES,es,generic,,,,,0.19,100g,404.58,1692.77,False,24.9,,,0.0,34.31,20.02,10.3,1.5,,,,0.0,8760.1,21.9002,True,90.0,35.29,0.0,7147.74,4.16,304.53,5034.58,1254.51,30.89,620.0,,,388.333,,0.25,0.62,0.1,1.5,20.0,0.03,0.3,0.1,,,,,,,,,,,,,,,,,,,,,,Queso Mahón,queso mahon cheese type,"Cheese, ""mahón"" type",87,True,GRP-00738,OK,,,2026-09-20T03:50:39.818564+00:00,2026-09-20T03:50:39.818564+00:00
BEDCA-719,Queso Zamorano,Queso Zamorano,Queso Zamorano,"Cheese, ""zamorano"" type",queso zamorano,,A0312 A0452 A0626 A0720 A0724 A0776 B1183 C0245 E0146 F0003 G0003 H0107 H0293 H0298 J0003 K0003 M0001 N0001 P0024 R0212 R0497 Z0112,BEDCA,719,ES,es,generic,,,,,0.36,100g,481.9,2016.29,False,26.78,,,0.0,42.19,25.85,9.0,0.54,,,,0.0,8683.98,21.7099,True,90.0,24.8,0.0,9995.22,10.64,492.27,6403.55,1158.28,33.88,1320.0,,,388.333,,0.25,0.62,0.1,1.5,20.0,0.03,0.3,0.1,,,,,,,,,,,,,,,,,,,,,,Queso Zamorano,queso zamorano cheese type,"Cheese, ""zamorano"" type",87,True,GRP-00765,OK,,,2026-09-20T03:50:39.818564+00:00,2026-09-20T03:50:39.818564+00:00
BEDCA-720,Queso torta del casar,Queso torta del casar,Queso torta del casar,"Cheese, ""torta del casar"" type",queso torta del casar,,A0313 A0452 A0626 A0720 A0724 A0776 A0786 B1183 C0245 E0146 F0018 G0003 H0107 H0291 H0298 J0003 K0003 M0001 N0001 P0024 R0212 R0497 Z0073 Z0112,BEDCA,720,ES,es,generic,,,,,0.65,100g,360.49,1508.31,False,18.25,,,0.0,32.38,21.8,7.53,1.5,,,,0.0,5381.88,13.4547,True,90.0,46.64,0.0,5255.92,5.28,331.35,3885.58,1122.19,19.71,820.0,2.0,1.6,340.0,,0.25,0.62,0.1,1.5,50.0,0.03,0.3,0.1,,,,,,,,,,,,,,,,,,,,,,Queso torta del casar,queso torta del casar cheese type,"Cheese, ""torta del casar"" type",87,True,GRP-00763,OK,,,2026-09-20T03:50:39.818564+00:00,2026-09-20T03:50:39.818564+00:00
BEDCA-721,Queso San Simón,Queso San Simón,Queso San Simón,"Cheese, ""san simón"" type",queso san simon,,A0312 A0313 A0452 A0626 A0720 A0724 A0776 B1201 C0245 E0146 F0003 G0003 H0107 H0291 H0298 J0106 K0003 M0001 N0001 P0024 R0212 R0497 Z0112,BEDCA,721,ES,es,generic,,,,,0.48,100g,441.23,1846.11,False,26.15,,,0.0,37.88,20.58,9.63,1.22,1.77,,0.459,0.0,5520.04,13.8001,True,90.0,30.13,0.0,9546.93,2.98,355.82,5942.52,1232.9,33.44,1020.0,2.0,1.6,340.0,,0.25,0.62,0.1,1.5,20.0,0.03,0.3,0.1,,,0.849,2.998,7.971,3.434,5.677,0.439,0.16,0.02,0.009,,,,,,,,,,,Queso San Simón,queso san simon cheese type,"Cheese, ""san simón"" type",87,True,GRP-00757,OK,,,2026-09-20T03:50:39.818564+00:00,2026-09-20T03:50:39.818564+00:00
BEDCA-722,Queso majorero,Queso majorero,Queso majorero,"Cheese, ""majorero"" type",queso majorero,,A0312 A0452 A0626 A0720 A0724 A0776 B1328 C0245 E0146 F0003 G0003 H0107 H0289 H0298 J0003 K0003 M0001 N0001 P0024 R0212 R0497 Z0112,BEDCA,722,ES,es,generic,,,,,0.6,100g,358.5,1499.97,False,25.66,,,0.0,28.75,16.94,5.24,0.82,,,,0.0,8001.86,20.0046,True,80.0,38.4,0.0,7795.27,3.54,441.66,5745.52,1141.98,30.45,1320.0,,,290.833,,0.25,0.62,0.1,1.5,50.0,0.03,0.3,0.1,,,,,,,,,,,,,,,,,,,,,,Queso majorero,queso majorero cheese type,"Cheese, ""majorero"" type",87,True,GRP-00739,OK,,,2026-09-20T03:50:39.818564+00:00,2026-09-20T03:50:39.818564+00:00
BEDCA-723,Queso Raclette,Queso Raclette,Queso Raclette,Raclette cheese,queso raclette,,A0312 A0313 A0452 A0626 A0720 A0724 A0776 B1201 C0245 E0105 F0018 G0003 H0107 H0253 H0298 J0131 K0003 M0001 N0001 P0024 R0212 R0497 Z0112 Z0147,BEDCA,723,ES,es,generic,Milk and dairy products,Cheese,,,0.6,100g,354.81,1484.51,False,25.6,,,0.0,28.3598,17.4,7.9,1.5,,,,0.0,760.0,1.9,True,90.0,42.9,0.0,550.0,0.2,14.0,450.0,112.0,2.3,,,,216.667,0.0,0.2,0.5,0.07,1.5,51.0,0.02,0.2,0.1,,,,,,,,,,,,,,,,,,,,,,Queso Raclette,queso raclette cheese,Raclette cheese,87,True,GRP-00754,OK,,,2026-09-20T03:50:39.818564+00:00,2026-09-20T03:50:39.818564+00:00
BEDCA-730,"Berenjena, frita, en aceite de girasol","Berenjena, frita, en aceite de girasol","Berenjena, frita, en aceite de girasol","Aubergine, fried, in sunflowerseed oil",berenjena frita en aceite de girasol,,A0152 A0455 A0629 A0677 A0705 A0731 A0828 B1458 C0138 E0141 F0023 G0029 H0319 H0347 H0367 J0003 K0003 N0001 P0024 R0212 R0497 Z0110 Z0205,BEDCA,730,ES,es,generic,,,frito,,1.0,100g,298.0,1246.84,False,1.2,2.70609,2.52427,0.181818,31.9038,3.7,7.2,19.6,,,,2.9,2.0,0.005,True,0.0,59.5,0.0,8.0,0.5,8.0,25.0,170.0,0.1,,4.4,0.3,20.8333,1.0,0.0,5.5,0.07,0.0,5.0,0.0,,,,,,,,,,,,,,,,,,,,,,,,"Berenjena, frita, en aceite de girasol",berenjena frita en aceite de girasol aubergine fried in sunflowerseed oil,"Aubergine, fried, in sunflowerseed oil",98,True,GRP-00113,OK,,,2026-09-20T03:50:39.818564+00:00,2026-09-20T03:50:39.818564+00:00
BEDCA-731,"Boniato, crudo","Boniato, crudo","Boniato, crudo","Sweet potato, raw",boniato crudo,,A0152 A0455 A0629 A0681 A0706 A0731 A0829 B1106 C0239 E0150 F0003 G0003 H0001 J0001 K0001 M0001 N0001 P0024 R0212 R0497 Z0205 Z0215,BEDCA,731,ES,es,generic,,,crudo,,0.79,100g,100.98,422.5,False,1.2,23.0,10.7,12.3,0.3,,,0.13,,,,2.9,19.0,0.0475,True,0.0,71.5,0.0,22.0,0.7,13.0,44.0,300.0,0.3,0.14,0.0,1.0,666.667,25.0,0.0,4.0,0.13,0.0,52.0,0.1,0.06,0.8,0.19,,,,,,,,,,,,,,,,,,,,,"Boniato, crudo",boniato crudo sweet potato raw,"Sweet potato, raw",93,True,GRP-00124,OK,,,2026-09-20T03:50:39.818564+00:00,2026-09-20T03:50:39.818564+00:00
BEDCA-732,"Berro, crudo","Berro, crudo","Berro, crudo","Watercress, raw",berro crudo,,A0152 A0455 A0629 A0650 A0705 A0731 A0826 B1492 C0200 E0150 F0003 G0003 H0001 J0001 K0001 M0001 N0001 P0024 R0212 R0497 Z0205 Z0215,BEDCA,732,ES,es,generic,,,crudo,,0.67,100g,11.93,49.9,False,2.2,0.3,0.3,,0.2,,,0.08,,,,2.6,60.0,0.15,True,0.0,93.5,0.0,157.0,1.3,20.0,53.0,304.0,0.2,0.01,0.0,0.9,483.33,60.0,0.0,1.2,0.13,0.0,127.9,0.1,0.12,0.8,0.1,,,,,,,,,,,,,,,,,,,,,"Berro, crudo",berro crudo watercress raw,"Watercress, raw",93,True,GRP-00115,OK,,,2026-09-20T03:50:39.818564+00:00,2026-09-20T03:50:39.818564+00:00
BEDCA-733,"Achicoria, cruda","Achicoria, cruda","Achicoria, cruda","Chicory, raw",achicoria cruda,,A0152 A0455 A0629 A0678 A0705 A0731 A0826 B1552 C0200 E0150 F0003 G0003 H0003 J0001 K0001 M0001 N0001 P0024 R0212 R0497 Z0112 Z0205,BEDCA,733,ES,es,generic,,,crudo,,1.0,100g,18.71,78.3,False,0.5,2.8,,,0.6,0.2,,0.3,,,,0.9,1.0,0.0025,True,0.0,95.2,0.0,21.0,0.4,6.0,27.0,170.0,0.2,0.05,0.4,1.0,266.7,5.0,0.0,0.1,0.01,0.0,14.0,0.14,0.09,0.3,,,,,,,,,,,,,,,,,,,,,,"Achicoria, cruda",achicoria cruda chicory raw,"Chicory, raw",93,True,GRP-00022,OK,,,2026-09-20T03:50:39.818564+00:00,2026-09-20T03:50:39.818564+00:00
BEDCA-735,"Anguila, al horno","Anguila, al horno","Anguila, al horno","European eel, baked",anguila al horno,"Anguilla anguilla, l.",A0267 A0460 A0634 A0717 A0727 A0747 A0804 B2706 C0173 E0150 F0014 G0005 H0151 H0341 H0349 H0367 J0003 K0003 M0182 N0042 P0024 R0212 R0497 Z0062 Z0109,BEDCA,735,ES,es,generic,,,asado,,0.75,100g,222.07,929.12,False,23.7,0.0,0.0,0.0,14.2222,3.6,7.1,2.1,,,,0.0,65.0,0.1625,True,160.0,59.3,0.0,25.0,0.6,20.0,270.0,340.0,3.0,,25.0,8.3,980.0,0.0,5.0,5.6,0.08,1.0,3.0,0.18,0.3,4.5,,,,,,,,,,,,,,,,,,,,,,"Anguila, al horno",anguila al horno european eel baked,"European eel, baked",98,True,GRP-00054,OK,,,2026-09-20T03:50:39.818564+00:00,2026-09-20T03:50:39.818564+00:00
BEDCA-736,"Anguila, cruda","Anguila, cruda","Anguila, cruda","European eel, raw",anguila cruda,"Anguilla anguilla, l.",A0267 A0460 A0634 A0717 A0727 A0747 A0801 B2706 C0173 E0150 F0003 G0003 H0001 J0003 K0003 M0001 N0001 P0024 R0212 R0497 Z0062 Z0215,BEDCA,736,ES,es,generic,,,crudo,,0.77,100g,218.43,913.91,False,19.97,0.0,,0.0,15.525,3.99683,7.03096,2.5898,,,,0.0,89.0,0.2225,True,150.0,61.9667,0.0,19.0,1.2,19.0,310.0,270.0,2.5,0.02,25.0,6.5,1200.0,,4.9,4.14,0.25,1.0,2.9,0.2,0.35,1.4,0.24,,,,,,,,,,,,,,,,,,,,,"Anguila, cruda",anguila cruda european eel raw,"European eel, raw",93,True,GRP-00055,OK,,,2026-09-20T03:50:39.818564+00:00,2026-09-20T03:50:39.818564+00:00
BEDCA-737,"Anguila, hervida","Anguila, hervida","Anguila, hervida","Europan eel, boiled",anguila hervida,,A0267 A0460 A0634 A0717 A0727 A0747 A0801 B2706 C0173 E0150 F0014 G0014 H0148 H0151 H0341 H0349 H0367 J0003 K0003 M0182 N0042 P0024 R0212 R0497 Z0062 Z0109,BEDCA,737,ES,es,generic,,,hervido,,0.8,100g,196.29,821.28,False,20.5,0.0,0.0,0.0,12.7778,3.3,6.4,1.8,,,,0.0,80.0,0.2,True,140.0,62.0,0.0,20.0,0.8,20.0,230.0,200.0,2.5,,25.0,8.3,1000.0,0.0,5.0,4.14,0.25,1.0,4.0,0.13,0.34,2.5,,,,,,,,,,,,,,,,,,,,,,"Anguila, hervida",anguila hervida europan eel boiled,"Europan eel, boiled",98,True,GRP-00056,OK,,,2026-09-20T03:50:39.818564+00:00,2026-09-20T03:50:39.818564+00:00
BEDCA-739,"Apio, en conserva en salmuera","Apio, en conserva en salmuera","Apio, en conserva en salmuera","Celery, canned, in brine",apio en conserva en salmuera,,A0271 A0455 A0629 A0682 A0705 A0731 A0826 B1282 C0101 E0151 F0014 G0003 H0148 H0190 J0123 J0137 K0018 M0001 N0001 P0024 R0212 R0497 Z0112 Z0205,BEDCA,739,ES,es,generic,,,en_conserva,,1.0,100g,8.53,35.7,False,0.8,1.3,1.3,,,,,,,,,2.3,343.0,0.8575,True,0.0,94.5,0.0,36.0,0.4,10.0,25.0,283.0,0.1,,1.1,0.046,9.33333,6.0,0.0,0.19,0.07,0.0,22.0,0.04,0.04,0.3,,,,,,,,,,,,,,,,,,,,,,"Apio, en conserva en salmuera",apio en conserva salmuera celery canned in brine,"Celery, canned, in brine",87,True,GRP-00061,OK,,,2026-09-20T03:50:39.818564+00:00,2026-09-20T03:50:39.818564+00:00
BEDCA-740,"Arenque, ahumado","Arenque, ahumado","Arenque, ahumado","Herring, smoked",arenque ahumado,,A0267 A0460 A0634 A0664 A0717 A0727 A0802 B1586 C0268 E0122 F0001 G0003 H0118 H0227 H0367 J0106 K0027 M0190 M0199 N0036 N0042 P0024 R0212 R0495 Z0062 Z0112,BEDCA,740,ES,es,generic,,,,,0.61,100g,252.63,1057.0,False,23.0,0.0,,,13.9,3.48,4.32,5.67,,4.053,0.444,0.0,550.0,1.375,True,50.0,59.0,0.0,60.0,1.8,50.0,428.0,520.0,0.5,,0.1,52.6,13.0,0.0,23.5,1.0,0.45,5.0,10.0,0.08,0.4,2.5,,,0.031,1.061,1.725,0.316,1.743,0.356,1.047,0.088,1.2,1.806,,,,,,,,,,"Arenque, ahumado",arenque ahumado herring smoked,"Herring, smoked",93,True,GRP-00063,OK,,,2026-09-20T03:50:39.818564+00:00,2026-09-20T03:50:39.818564+00:00
BEDCA-741,"Arenque, salado","Arenque, salado","Arenque, salado","Herring, salted",arenque salado,,A0267 A0460 A0634 A0664 A0717 A0727 A0802 B1586 C0268 E0122 F0001 G0003 H0173 H0227 J0103 K0027 M0190 M0199 N0036 N0042 P0024 R0212 R0495 Z0062 Z0112,BEDCA,741,ES,es,generic,,,,,0.59,100g,299.0,1251.0,False,17.0,0.0,,,26.0,6.4,7.6,11.6,,,,0.0,2610.0,6.525,True,13.0,57.0,0.0,20.0,1.0,36.0,220.0,75.0,0.5,,18.0,22.0,50.0,2.7,40.0,1.71,1.3,3.0,8.0,0.03,0.22,4.0,,,,,,,,,,,,,,,,,,,,,,"Arenque, salado",arenque salado herring salted,"Herring, salted",93,True,GRP-00064,OK,,,2026-09-20T03:50:39.818564+00:00,2026-09-20T03:50:39.818564+00:00
BEDCA-742,"Atún, al horno","Atún, al horno","Atún, al horno","Tuna, baked",atun al horno,,A0267 A0460 A0634 A0664 A0717 A0727 A0804 B1269 C0265 E0122 F0014 G0005 H0151 H0341 H0367 J0003 K0003 M0182 N0042 P0024 R0212 R0495 Z0058 Z0109,BEDCA,742,ES,es,generic,,,asado,,0.54,100g,189.22,791.69,False,29.4,0.0,0.0,0.0,7.88889,2.3,2.0,2.8,,,,0.0,47.0,0.1175,True,48.0,61.0,0.0,35.0,1.2,20.0,200.0,310.0,0.9,,30.0,36.0,34.0,,5.8,1.0,0.53,8.0,16.0,0.2,0.15,10.5,,,,,,,,,,,,,,,,,,,,,,"Atún, al horno",atun al horno tuna baked,"Tuna, baked",98,True,GRP-00071,OK,,,2026-09-20T03:50:39.818564+00:00,2026-09-20T03:50:39.818564+00:00
BEDCA-745,"Bacalao, ahumado","Bacalao, ahumado","Bacalao, ahumado","Cod, smoked",bacalao ahumado,,A0267 A0460 A0634 A0664 A0717 A0727 A0802 B1842 C0268 E0145 F0014 G0004 H0172 H0227 H0367 J0106 K0027 M0190 M0199 N0036 N0042 P0024 R0212 R0497 Z0056 Z0112,BEDCA,745,ES,es,generic,,,,,0.99,100g,79.22,331.45,False,18.3,0.0,,,0.55,0.1,0.2,0.2,,,,0.0,1170.0,2.925,True,56.0,81.2,0.0,9.0,0.1,25.0,190.0,390.0,0.4,,11.0,147.8,2.0,3.5,4.0,0.44,0.17,1.0,5.0,0.04,0.05,2.0,,,,,,,,,,,,,,,,,,,,,,"Bacalao, ahumado",bacalao ahumado cod smoked,"Cod, smoked",93,True,GRP-00086,OK,,,2026-09-20T03:50:39.818564+00:00,2026-09-20T03:50:39.818564+00:00
BEDCA-746,Aceite de algodón,Aceite de algodón,Aceite de algodón,Cotton oil,aceite de algodon,,A0453 A0700 A0728 A0764 A0806 B1210 C0190 E0139 F0001 G0003 H0197 H0206 J0001 K0003 M0001 N0001 P0024 R0001 Z0112 Z0205,BEDCA,746,ES,es,generic,,,,,1.0,100g,884.32,3700.0,False,0.0,0.0,,,100.0,25.9,17.8,51.9,,,,0.0,0.0,0.0,True,0.0,0.0,0.0,0.0,0.0,0.0,0.0,0.0,0.0,0.0,0.0,0.0,0.0,0.0,0.0,38.26,0.0,0.0,0.0,0.0,0.0,0.0,0.0,,,1.0,25.0,3.3,18.0,49.5,0.35,,,,,,,,,,,,,Aceite de algodón,aceite de algodon cotton oil,Cotton oil,93,True,GRP-00001,OK,,,2026-09-20T03:50:39.818564+00:00,2026-09-20T03:50:39.818564+00:00
BEDCA-747,Aceite de cacahuete,Aceite de cacahuete,Aceite de cacahuete,Peanut oil,aceite de cacahuete,,A0129 A0453 A0627 A0700 A0728 A0764 A0806 B1337 C0190 E0139 F0001 G0003 H0197 H0206 J0003 K0003 M0194 N0001 P0024 R0001 Z0112 Z0205,BEDCA,747,ES,es,generic,,,,,1.0,100g,883.44,3696.3,False,0.0,0.0,,,99.9,18.8,47.8,28.5,,,,0.0,0.0,0.0,True,0.0,0.1,0.0,0.0,,0.0,0.0,0.0,0.0,,0.0,,,0.0,0.0,17.2,,0.0,,,,,,,,0.04,11.82,3.38,39.97,37.75,0.1,,,,,,,,,,,,,Aceite de cacahuete,aceite de cacahuete peanut oil,Peanut oil,93,True,GRP-00002,OK,,,2026-09-20T03:50:39.818564+00:00,2026-09-20T03:50:39.818564+00:00
BEDCA-748,Aceite de coco,Aceite de coco,Aceite de coco,Coconut oil,aceite de coco,,A0129 A0453 A0627 A0700 A0728 A0764 A0806 B1536 C0190 E0119 F0014 G0003 H0197 H0206 J0003 K0003 M0001 N0001 P0024 R0001 Z0112 Z0205,BEDCA,748,ES,es,generic,,,,,1.0,100g,884.32,3700.0,False,0.0,0.0,,,100.0,84.31,4.96,0.77,,,,0.0,0.0,0.0,True,0.0,0.0,0.0,0.0,0.4,0.0,0.0,0.0,0.0,0.0,0.0,0.0,0.0,0.0,0.0,0.28,0.0,0.0,0.0,0.0,0.0,0.0,0.0,,47.64,18.29,8.49,3.2,4.96,0.7,0.0,,,,,,,,,,,,,Aceite de coco,aceite de coco coconut oil,Coconut oil,93,True,GRP-00003,OK,,,2026-09-20T03:50:39.818564+00:00,2026-09-20T03:50:39.818564+00:00
BEDCA-749,Aceite de germen de trigo,Aceite de germen de trigo,Aceite de germen de trigo,Wheat germ oil,aceite de germen de trigo,,A0129 A0453 A0627 A0700 A0728 A0764 A0806 B1312 C0190 E0139 F0014 G0003 H0197 H0206 J0003 K0003 M0001 N0001 P0024 R0212 Z0112 Z0205,BEDCA,749,ES,es,generic,,,,,1.0,100g,883.44,3696.3,False,0.0,0.0,,,99.9,18.8,15.1,61.7,,,,0.0,,,False,0.0,0.1,0.0,0.0,0.0,,,,,,0.0,,0.0,0.0,0.0,215.4,,0.0,,,,,,,,,,,,,,,,,,,,,,,,,,Aceite de germen de trigo,aceite de germen trigo wheat germ oil,Wheat germ oil,87,True,GRP-00005,OK,,,2026-09-20T03:50:39.818564+00:00,2026-09-20T03:50:39.818564+00:00
BEDCA-750,Aceite de nuez,Aceite de nuez,Aceite de nuez,Walnut oil,aceite de nuez,,A0129 A0453 A0627 A0700 A0728 A0764 A0806 B1290 C0190 E0139 F0014 G0003 H0197 H0206 J0003 K0003 M0001 N0001 P0024 R0001 Z0112 Z0205,BEDCA,750,ES,es,generic,,,,,1.0,100g,882.47,3692.26,False,,0.0,0.0,0.0,99.7908,9.3,17.1,69.0,,,,0.0,,,False,,,0.0,,,,,,0.0,,0.0,0.0,,0.0,0.0,10.8,,0.0,,,,,,,,0.0,7.19,2.63,15.71,61.84,,,,,,,,,,,,,,Aceite de nuez,aceite de nuez walnut oil,Walnut oil,87,True,GRP-00010,OK,,,2026-09-20T03:50:39.818564+00:00,2026-09-20T03:50:39.818564+00:00
BEDCA-751,Aceite de palma,Aceite de palma,Aceite de palma,Palm oil,aceite de palma,,A0129 A0453 A0627 A0700 A0728 A0764 A0806 B1286 C0190 E0119 F0014 G0003 H0197 H0206 J0003 K0003 M0001 N0001 P0024 R0001 Z0112 Z0205,BEDCA,751,ES,es,generic,Animal and vegetable fats and oils,"Vegetable fats and oils, edible",,,1.0,100g,884.32,3700.0,False,0.0,0.0,,,100.0,49.44,41.15,10.35,,,,0.0,0.0,0.0,True,0.0,0.0,0.0,0.0,0.01,0.0,0.0,0.0,0.0,0.0,0.0,0.0,0.0,0.0,0.0,21.76,0.0,0.0,0.0,0.0,0.0,0.0,0.0,,0.16,1.43,43.04,4.38,38.41,10.02,1.95,,,,,,,,,,,,,Aceite de palma,aceite de palma palm oil,Palm oil,93,True,GRP-00014,OK,,,2026-09-20T03:50:39.818564+00:00,2026-09-20T03:50:39.818564+00:00
BEDCA-752,Aceite de sésamo,Aceite de sésamo,Aceite de sésamo,Sesame oil,aceite de sesamo,,A0129 A0453 A0627 A0700 A0728 A0764 A0806 B1226 C0190 E0139 F0001 G0003 H0197 H0206 J0001 K0003 M0001 N0001 P0024 R0001 Z0112 Z0205,BEDCA,752,ES,es,generic,Animal and vegetable fats and oils,"Vegetable fats and oils, edible",,,1.0,100g,884.32,3700.0,False,0.0,0.0,,,100.0,14.2,39.7,41.7,,,,0.0,0.0,0.0,True,0.0,0.0,0.0,0.0,0.0,0.0,0.0,0.0,0.0,0.0,0.0,0.0,0.0,0.0,0.0,4.09,0.0,0.0,0.0,0.0,0.0,0.0,0.0,,,0.0,9.42,6.05,41.15,42.13,0.44,,,,,,,,,,,,,Aceite de sésamo,aceite de sesamo sesame oil,Sesame oil,93,True,GRP-00015,OK,,,2026-09-20T03:50:39.818564+00:00,2026-09-20T03:50:39.818564+00:00
BEDCA-753,Aceite de colza,Aceite de colza,Aceite de colza,Rape oil,aceite de colza,,A0129 A0453 A0627 A0700 A0728 A0764 A0806 B1248 C0190 E0139 F0014 G0003 H0197 H0206 J0001 K0003 M0001 N0001 P0024 R0212 Z0112 Z0205,BEDCA,753,ES,es,generic,,,,,1.0,100g,884.32,3700.0,False,0.0,0.0,,,100.0,6.29,65.3,28.01,,,,0.0,0.0,0.0,True,0.0,0.0,0.0,0.0,0.0,0.0,0.0,0.0,0.0,0.0,,0.0,0.0,0.0,0.0,20.95,,0.0,,,0.0,0.0,0.0,,,0.04,4.01,1.62,60.62,19.24,10.0,,,,,,,,,,,,,Aceite de colza,aceite de colza rape oil,Rape oil,93,True,GRP-00004,OK,,,2026-09-20T03:50:39.818564+00:00,2026-09-20T03:50:39.818564+00:00
BEDCA-754,Aceite de grano de uva,Aceite de grano de uva,Aceite de grano de uva,Grape seed oil,aceite de grano de uva,,A0129 A0453 A0627 A0700 A0728 A0764 A0806 B1329 C0190 E0139 F0001 G0003 H0197 H0206 J0003 K0003 M0001 N0001 P0024 R0001 Z0112 Z0205,BEDCA,754,ES,es,generic,,,,,1.0,100g,883.44,3696.3,False,0.0,0.0,,,99.9,12.2,15.6,67.7,,,,0.0,,,False,,0.1,0.0,,,,,,0.0,,0.0,,,0.0,0.0,32.0,,0.0,,,0.0,0.0,,,,0.04,6.58,3.84,19.11,69.65,0.23,,,,,,,,,,,,,Aceite de grano de uva,aceite de grano uva grape seed oil,Grape seed oil,87,True,GRP-00007,OK,,,2026-09-20T03:50:39.818564+00:00,2026-09-20T03:50:39.818564+00:00
BEDCA-755,Aceite de hígado de bacalao,Aceite de hígado de bacalao,Aceite de hígado de bacalao,Cod liver oil,aceite de higado de bacalao,,A0129 A0453 A0627 A0700 A0728 A0764 A0811 B1842 C0190 E0139 F0018 G0003 H0206 J0003 K0003 M0194 N0001 P0024 R0001 Z0112 Z0205,BEDCA,755,ES,es,generic,Animal and vegetable fats and oils,"A037T ;Animal fats and oils, processed",,,1.0,100g,883.44,3696.3,False,0.0,0.0,,,99.9,21.1,44.6,30.5,,,,0.0,,,False,650.0,0.1,0.0,,,,,,,,,,20000.0,0.0,210.0,20.0,,0.0,,,0.0,0.0,,0.0,,,,,,,,,,,,,,,,,,,,Aceite de hígado de bacalao,aceite de higado bacalao cod liver oil,Cod liver oil,87,True,GRP-00008,OK,,,2026-09-20T03:50:39.818564+00:00,2026-09-20T03:50:39.818564+00:00
BEDCA-756,Mantequilla salada,Mantequilla salada,Mantequilla salada,Butter with salt,mantequilla salada,,A0148 A0702 A0724 A0776 A0778 B1201 C0179 E0119 F0018 G0003 H0173 J0135 K0003 M0001 N0001 P0024 R0212 R0497 Z0112,BEDCA,756,ES,es,generic,,,,,1.0,100g,730.02,3054.4,False,0.7,0.5,,,82.0,55.13,21.64,3.28,,0.398,1.31,0.0,870.0,2.175,True,178.0,16.9,0.0,15.0,0.2,2.0,24.0,15.0,0.1,,4.0,0.5,783.0,0.0,0.76,2.0,0.01,0.0,0.0,,0.02,0.0,0.05,,2.59,8.74,24.04,7.09,15.35,1.29,0.36,0.02,0.03,0.008,,,,,,,,,,Mantequilla salada,mantequilla salada butter with salt,Butter with salt,93,True,GRP-00492,OK,,,2026-09-20T03:50:39.818564+00:00,2026-09-20T03:50:39.818564+00:00
BEDCA-757,"Huevo de codorniz, entero, crudo","Huevo de codorniz, entero, crudo","Huevo de codorniz, entero, crudo","Egg, quail, whole, raw",huevo de codorniz entero crudo,,A0261 A0461 A0635 A0718 A0725 A0744 A0790 B1346 C0225 E0150 F0003 G0003 H0003 J0001 K0003 M0001 N0001 P0024 R0212 R0497 Z0112,BEDCA,757,ES,es,generic,,,crudo,,0.9,100g,153.01,640.2,False,13.1,0.4,,,11.1,3.6,4.3,1.3,,,,0.0,141.0,0.3525,True,844.0,75.4,0.0,64.0,3.65,13.0,226.0,132.0,1.47,0.062,44.0,32.0,156.0,0.0,1.4,0.74,0.15,1.58,66.0,0.13,0.79,0.15,1.76,,,,,,,,,,,,,,,,,,,,,"Huevo de codorniz, entero, crudo",huevo de codorniz entero crudo egg quail whole raw,"Egg, quail, whole, raw",93,True,GRP-00403,OK,,,2026-09-20T03:50:39.818564+00:00,2026-09-20T03:50:39.818564+00:00
BEDCA-758,"Huevo de gallina, escalfado","Huevo de gallina, escalfado","Huevo de gallina, escalfado","Egg, chicken, whole, poached",huevo de gallina escalfado,,A0261 A0461 A0635 A0718 A0725 A0744 A0792 B1713 C0225 E0147 F0014 G0020 H0003 J0001 K0003 M0001 N0001 P0024 R0212 R0497 Z0112,BEDCA,758,ES,es,generic,,,hervido,,1.0,100g,146.17,611.59,False,12.6,0.3,0.3,0.0,10.6024,3.2,4.3,1.3,,,,0.0,210.0,0.525,True,380.0,75.6,0.0,55.0,1.8,11.0,190.0,130.0,1.3,,44.0,24.9,206.667,0.0,1.7,1.2,0.12,1.1,60.0,0.07,0.31,0.07,1.4,,,,,,,,,,,,,,,,,,,,,"Huevo de gallina, escalfado",huevo de gallina escalfado egg chicken whole poached,"Egg, chicken, whole, poached",98,True,GRP-00405,OK,,,2026-09-20T03:50:39.818564+00:00,2026-09-20T03:50:39.818564+00:00
BEDCA-759,"Huevo de gallina, frito","Huevo de gallina, frito","Huevo de gallina, frito","Egg, chicken, whole, fried",huevo de gallina frito,,A0261 A0461 A0635 A0718 A0725 A0744 A0792 B1713 C0225 E0140 F0014 G0029 H0001 J0001 K0003 M0001 N0001 P0024 R0212 R0497 Z0112,BEDCA,759,ES,es,generic,,,frito,,1.0,100g,184.58,772.3,False,13.4,0.3,0.3,0.0,14.5783,4.3,5.8,2.0,,,,0.0,277.0,0.6925,True,400.0,70.3,0.0,58.0,1.9,12.0,204.0,136.0,1.3,,63.4,25.5,226.667,0.0,1.9,1.2,0.14,1.2,42.0,0.07,0.41,0.08,1.4,,,,,,,,,,,,,,,,,,,,,"Huevo de gallina, frito",huevo de gallina frito egg chicken whole fried,"Egg, chicken, whole, fried",98,True,GRP-00407,OK,,,2026-09-20T03:50:39.818564+00:00,2026-09-20T03:50:39.818564+00:00
BEDCA-760,"Huevo de gallina, pasado por agua","Huevo de gallina, pasado por agua","Huevo de gallina, pasado por agua","Egg, chicken, whole, boiled",huevo de gallina pasado por agua,,A0261 A0461 A0635 A0718 A0725 A0744 A0792 B1713 C0225 E0139 F0014 G0014 H0003 J0131 K0003 M0001 N0001 P0024 R0212 R0497 Z0112,BEDCA,760,ES,es,generic,,,hervido,,1.0,100g,143.64,600.98,False,12.5,0.3,0.3,,10.3615,3.1,4.2,1.3,,,,0.0,133.0,0.3325,True,380.0,76.7,0.0,55.0,1.8,11.0,188.0,125.0,1.3,,44.0,24.9,206.667,0.0,1.7,1.2,0.12,1.6,88.0,0.08,0.46,0.07,,,,,,,,,,,,,,,,,,,,,,"Huevo de gallina, pasado por agua",huevo de gallina pasado por agua egg chicken whole boiled,"Egg, chicken, whole, boiled",98,True,GRP-00409,OK,,,2026-09-20T03:50:39.818564+00:00,2026-09-20T03:50:39.818564+00:00
BEDCA-761,"Huevo de gallina, revuelto, con mantequilla","Huevo de gallina, revuelto, con mantequilla","Huevo de gallina, revuelto, con mantequilla","Egg, scrambled, with butter",huevo de gallina revuelto con mantequilla,,A0261 A0461 A0635 A0718 A0725 A0744 A0792 B1713 C0194 E0134 F0014 G0026 H0271 J0001 K0003 M0001 N0001 P0024 R0212 R0497 Z0112,BEDCA,761,ES,es,generic,,,,,1.0,100g,227.95,953.75,False,10.2,0.8,0.8,0.0,20.7229,9.9,6.1,1.2,,,,0.0,224.0,0.56,True,330.0,68.4,0.0,61.0,2.0,13.0,197.0,138.0,1.3,,51.1,16.2,283.333,0.0,1.7,1.1,0.12,1.7,30.0,0.07,0.44,0.08,1.0,,,,,,,,,,,,,,,,,,,,,"Huevo de gallina, revuelto, con mantequilla",huevo de gallina revuelto con mantequilla egg scrambled with butter,"Egg, scrambled, with butter",98,True,GRP-00410,OK,,,2026-09-20T03:50:39.818564+00:00,2026-09-20T03:50:39.818564+00:00
BEDCA-762,"Huevo de gallina, yema, desecada","Huevo de gallina, yema, desecada","Huevo de gallina, yema, desecada","Egg, chicken, yolk, dried",huevo de gallina yema desecada,,A0261 A0461 A0635 A0718 A0725 A0744 A0790 B1713 C0215 E0117 F0018 G0003 H0138 J0116 K0003 M0001 N0001 P0024 R0212 R0497 Z0112,BEDCA,762,ES,es,generic,,,deshidratado,,1.0,100g,661.74,2768.7,False,31.7,2.1,,,59.3,18.0,22.3,7.4,,,,0.0,135.0,0.3375,True,2430.0,3.0,0.0,282.0,13.8,28.0,1112.0,168.0,6.15,0.01,84.3,86.6,1060.0,0.0,11.4,3.9,0.84,7.08,210.0,0.5,0.66,8.77,7.76,110.0,,,,,,,,,,,,,,,,,,,,"Huevo de gallina, yema, desecada",huevo de gallina yema desecada egg chicken yolk dried,"Egg, chicken, yolk, dried",93,True,GRP-00412,OK,,,2026-09-20T03:50:39.818564+00:00,2026-09-20T03:50:39.818564+00:00
BEDCA-763,"Huevo de pavo, entero, crudo","Huevo de pavo, entero, crudo","Huevo de pavo, entero, crudo","Egg, turkey, whole, raw",huevo de pavo entero crudo,,A0261 A0461 A0635 A0718 A0725 A0744 A0791 B1236 C0225 E0150 F0003 G0003 H0003 J0001 K0003 M0001 N0001 P0024 R0212 R0497 Z0112,BEDCA,763,ES,es,generic,,,crudo,,0.89,100g,163.12,682.5,False,13.7,1.2,,,11.9,3.6,4.6,1.7,,,,0.0,151.0,0.3775,True,933.0,72.5,0.0,99.0,4.1,13.0,170.0,142.0,1.58,0.06,,34.3,166.0,0.0,,,0.13,1.69,71.0,0.11,0.47,4.05,1.89,,,,,,,,,,,,,,,,,,,,,"Huevo de pavo, entero, crudo",huevo de pavo entero crudo egg turkey whole raw,"Egg, turkey, whole, raw",93,True,GRP-00414,OK,,,2026-09-20T03:50:39.818564+00:00,2026-09-20T03:50:39.818564+00:00
BEDCA-764,"Huevo de pato, crudo","Huevo de pato, crudo","Huevo de pato, crudo","Egg, duck, whole, raw",huevo de pato crudo,,A0261 A0461 A0635 A0718 A0725 A0744 A0791 B1316 C0225 E0150 F0003 G0003 H0003 J0001 K0003 M0001 N0001 P0024 R0212 R0497 Z0112,BEDCA,764,ES,es,generic,,,crudo,,1.0,100g,162.45,679.7,False,14.3,,,,11.8,2.9,4.9,2.0,,,,0.0,120.0,0.3,True,680.0,73.9,0.0,63.0,2.9,16.0,200.0,190.0,1.4,0.5,13.0,36.4,540.0,0.0,5.0,0.74,0.25,5.4,80.0,0.16,0.47,0.2,1.86,,,,,,,,,,,,,,,,,,,,,"Huevo de pato, crudo",huevo de pato crudo egg duck whole raw,"Egg, duck, whole, raw",87,True,GRP-00413,OK,,,2026-09-20T03:50:39.818564+00:00,2026-09-20T03:50:39.818564+00:00
BEDCA-766,"Barra chocolate, tipo ""bounty""","Barra chocolate, tipo ""bounty""","Barra chocolate, tipo ""bounty""","Chocolate bar, type ""bounty""",barra chocolate tipo bounty,,A0288 A0456 A0630 A0699 A0733 A0768 A0835 B1012 C0108 E0105 F0014 G0003 H0100 H0177 H0205 H0231 J0003 K0003 M0001 N0001 P0024 R0212 R0497 Z0112 Z0205,BEDCA,766,ES,es,generic,,,,,1.0,100g,489.58,2048.4,False,4.6,58.0,,1.4,26.6,16.5,8.7,1.0,0.1,0.07,,3.5,164.0,0.41,True,3.0,10.8,0.0,100.0,1.5,44.4,140.0,316.0,1.7,,21.1,5.0,60.0,1.2,0.01,0.08,0.05,0.01,7.0,0.05,0.11,0.3,,,,,,,,0.9,0.07,,0.0,0.0,,,,,,,,,,"Barra chocolate, tipo ""bounty""",barra chocolate tipo bounty bar type,"Chocolate bar, type ""bounty""",93,True,GRP-00095,OK,,,2026-09-20T03:50:39.818564+00:00,2026-09-20T03:50:39.818564+00:00
BEDCA-767,Barrita cereales maíz y trigo,Barrita cereales maíz y trigo,Barrita cereales maíz y trigo,"Cereal bar, with corn and wheat",barrita cereales maiz y trigo,,A0106 A0457 A0631 A0696 A0729 A0759 A0812 B1347 C0001 E0140 F0014 G0004 H0136 H0138 H0152 H0221 H0227 H0319 H0320 J0116 K0003 M0118 N0042 P0024 R0212 R0497 Z0112 Z0205,BEDCA,767,ES,es,generic,,,,,1.0,100g,429.61,1797.5,False,7.4,68.3,,,13.8,10.1,,,,,,1.1,500.0,1.25,True,0.0,9.4,0.0,31.0,2.56,46.0,136.0,143.0,1.78,,3.7,24.9,0.0,0.0,0.0,2.94,0.909,0.0,15.0,0.682,0.773,9.091,,,,,,,,,,,,,,,,,,,,,,Barrita cereales maíz y trigo,barrita cereales maiz trigo cereal bar with corn and wheat,"Cereal bar, with corn and wheat",93,True,GRP-00100,OK,,,2026-09-20T03:50:39.818564+00:00,2026-09-20T03:50:39.818564+00:00
BEDCA-768,Barrita cereales trigo y chocolate,Barrita cereales trigo y chocolate,Barrita cereales trigo y chocolate,"Cereal bar, with wheat and chocolate",barrita cereales trigo y chocolate,,A0106 A0457 A0631 A0696 A0729 A0759 A0812 B1347 C0001 E0140 F0014 G0004 H0136 H0138 H0152 H0221 H0227 H0231 H0319 J0116 K0003 M0118 N0042 P0024 R0212 R0497 Z0112 Z0205,BEDCA,768,ES,es,generic,,,,,1.0,100g,435.21,1820.9,False,8.3,66.6,,,14.8,10.6,,,,,,1.4,224.6,0.5615,True,0.0,8.9,0.0,65.3,2.2,51.6,172.9,210.0,1.6,,14.6,6.3,13.5,0.0,0.0,0.9,0.08,0.0,17.0,0.09,0.09,2.8,,,,,,,,,,,,,,,,,,,,,,Barrita cereales trigo y chocolate,barrita cereales trigo chocolate cereal bar with wheat and,"Cereal bar, with wheat and chocolate",93,True,GRP-00101,OK,,,2026-09-20T03:50:39.818564+00:00,2026-09-20T03:50:39.818564+00:00
BEDCA-769,"Barra de chocolate, tipo ""Mars""","Barra de chocolate, tipo ""Mars""","Barra de chocolate, tipo ""Mars""","Chocolate bar, type ""mars""",barra de chocolate tipo mars,,A0288 A0456 A0630 A0699 A0733 A0768 A0835 B1012 C0108 E0105 F0014 G0003 H0100 H0205 H0231 J0003 K0003 M0001 N0001 P0024 R0212 R0497 Z0112 Z0205,BEDCA,769,ES,es,generic,,,,,1.0,100g,453.96,1899.38,False,5.6,65.9,65.2,0.7,18.4833,10.0,7.0,0.67,,,,0.6,158.0,0.395,True,20.0,7.3,0.0,145.0,1.3,40.0,150.0,240.0,1.1,,21.1,1.6,6.66667,,0.1,1.5,0.08,0.26,9.0,0.05,0.2,0.3,,,,,,,,,,,,,,,,,,,,,,"Barra de chocolate, tipo ""Mars""",barra de chocolate tipo mars bar type,"Chocolate bar, type ""mars""",98,True,GRP-00097,OK,,,2026-09-20T03:50:39.818564+00:00,2026-09-20T03:50:39.818564+00:00
BEDCA-770,"Barra de chocolate, tipo ""Kit-kat""","Barra de chocolate, tipo ""Kit-kat""","Barra de chocolate, tipo ""Kit-kat""","Chocolate bar, type ""kit kat""",barra de chocolate tipo kit kat,,A0288 A0456 A0630 A0699 A0733 A0768 A0835 B1012 C0108 E0105 F0014 G0003 H0152 H0221 H0231 H0355 J0003 K0003 M0001 N0001 P0024 R0212 R0497 Z0112 Z0205,BEDCA,770,ES,es,generic,,,,,1.0,100g,498.84,2087.15,False,6.5,63.0,48.7,14.3,24.477,11.6,11.2,0.6,,,,1.3,125.0,0.3125,True,17.0,3.5,0.0,106.0,1.2,52.0,153.0,200.0,1.1,,21.1,5.0,34.1667,1.0,0.08,1.0,0.06,0.54,9.0,0.07,0.26,0.4,,,,,,,,,,,,,,,,,,,,,,"Barra de chocolate, tipo ""Kit-kat""",barra de chocolate tipo kit kat bar type,"Chocolate bar, type ""kit kat""",98,True,GRP-00096,OK,,,2026-09-20T03:50:39.818564+00:00,2026-09-20T03:50:39.818564+00:00
BEDCA-771,Mermelada de albaricoque,Mermelada de albaricoque,Mermelada de albaricoque,"Marmalade, apricot",mermelada de albaricoque,,A0251 A0467 A0629 A0663 A0722 A0732 A0837 B1529 C0137 E0134 F0014 G0003 H0136 J0001 K0003 M0001 N0001 P0024 R0212 R0497 Z0112,BEDCA,771,ES,es,generic,Fruit and fruit products,Processed fruit products,,,1.0,100g,15.03,62.9,False,0.3,3.4,,,,,,,,0.0,0.0,1.0,40.0,0.1,True,0.0,95.3,0.0,20.0,0.49,4.0,11.0,77.0,0.06,0.1,2.3,0.04,10.0,8.8,0.0,0.0,0.02,0.0,33.0,0.0,0.02,0.04,0.02,,,,,,,0.0,0.0,0.0,0.0,0.0,,,,,,,,,,Mermelada de albaricoque,mermelada de albaricoque marmalade apricot,"Marmalade, apricot",82,True,GRP-00516,OK,,,2026-09-20T03:50:39.818564+00:00,2026-09-20T03:50:39.818564+00:00
BEDCA-772,Mermelada de ciruela,Mermelada de ciruela,Mermelada de ciruela,"Marmalade, plum",mermelada de ciruela,,A0251 A0467 A0629 A0663 A0722 A0732 A0837 B1206 C0137 E0134 F0014 G0003 H0136 J0001 K0003 M0001 N0001 P0024 R0212 R0497 Z0112,BEDCA,772,ES,es,generic,Fruit and fruit products,Processed fruit products,,,1.0,100g,15.03,62.9,False,0.3,3.4,,,0.0,0.0,0.0,0.0,,0.0,0.0,1.0,10.0,0.025,True,0.0,95.3,0.0,39.0,1.0,30.0,28.0,344.0,0.06,,2.3,2.0,21.0,20.0,0.0,0.1,0.02,0.0,11.0,0.01,0.02,1.8,,,,,,,,0.0,0.0,0.0,0.0,0.0,,,,,,,,,,Mermelada de ciruela,mermelada de ciruela marmalade plum,"Marmalade, plum",93,True,GRP-00517,OK,,,2026-09-20T03:50:39.818564+00:00,2026-09-20T03:50:39.818564+00:00
BEDCA-773,Mermelada de grosella roja,Mermelada de grosella roja,Mermelada de grosella roja,"Marmalade, red currant",mermelada de grosella roja,,A0251 A0467 A0629 A0663 A0722 A0732 A0837 B1055 C0137 E0134 F0014 G0003 H0136 J0001 K0003 M0001 N0001 P0024 R0212 R0497 Z0112,BEDCA,773,ES,es,generic,,,,,1.0,100g,240.54,1006.4,False,0.5,58.7,,,,,,,,0.0,0.0,1.1,32.0,0.08,True,0.0,40.8,0.0,20.0,0.49,4.0,19.0,77.0,0.06,,2.3,2.0,0.0,20.6,0.0,0.1,0.02,0.0,11.0,0.016,0.076,0.036,,,,,,,,0.0,0.0,0.0,0.0,0.0,,,,,,,,,,Mermelada de grosella roja,mermelada de grosella roja marmalade red currant,"Marmalade, red currant",82,True,GRP-00521,OK,,,2026-09-20T03:50:39.818564+00:00,2026-09-20T03:50:39.818564+00:00
BEDCA-774,Mermelada de mora,Mermelada de mora,Mermelada de mora,"Marmalade, blackberry",mermelada de mora,,A0251 A0467 A0629 A0663 A0722 A0732 A0837 B1407 C0137 E0134 F0014 G0003 H0136 J0001 K0003 M0001 N0001 P0024 R0212 R0497 Z0112,BEDCA,774,ES,es,generic,Fruit and fruit products,Processed fruit products,,,1.0,100g,240.54,1006.4,False,0.5,58.7,,,,,,,,0.0,0.0,1.1,32.0,0.08,True,0.0,40.8,0.0,20.0,0.49,4.0,14.0,77.0,0.06,,2.3,2.0,0.0,8.8,0.0,0.1,0.02,0.0,11.0,0.016,0.076,0.036,,,,,,,,0.0,0.0,0.0,0.0,0.0,,,,,,,,,,Mermelada de mora,mermelada de mora marmalade blackberry,"Marmalade, blackberry",82,True,GRP-00522,OK,,,2026-09-20T03:50:39.818564+00:00,2026-09-20T03:50:39.818564+00:00
BEDCA-775,Mermelada de naranja,Mermelada de naranja,Mermelada de naranja,"Marmalade, orange",mermelada de naranja,,A0251 A0467 A0629 A0663 A0722 A0732 A0837 B1339 C0137 E0134 F0014 G0003 H0136 J0001 K0003 M0001 N0001 P0024 R0212 R0497 Z0112,BEDCA,775,ES,es,generic,,,,,1.0,100g,18.69,78.2,False,0.3,4.3,,,,,,,,0.0,0.0,0.2,56.0,0.14,True,0.0,95.2,0.0,38.0,0.15,2.0,6.0,37.0,0.04,0.09,2.3,0.2,2.0,4.8,0.0,0.0,0.01,0.0,36.0,0.01,0.01,0.05,0.01,,,,,,,0.0,0.0,0.0,0.0,0.0,,,,,,,,,,Mermelada de naranja,mermelada de naranja marmalade orange,"Marmalade, orange",82,True,GRP-00523,OK,,,2026-09-20T03:50:39.818564+00:00,2026-09-20T03:50:39.818564+00:00
BEDCA-776,Chocolate con leche y almendras,Chocolate con leche y almendras,Chocolate con leche y almendras,Chocolate with milk and almonds,chocolate con leche y almendras,,A0272 A0456 A0630 A0663 A0699 A0733 A0839 B1012 C0210 E0140 F0014 G0003 H0177 H0184 H0231 J0003 K0003 M0001 N0001 P0024 R0212 R0497 Z0112,BEDCA,776,ES,es,generic,"Sugar, confectionery and water-based sweet desserts",Confectionery including chocolate,,,1.0,100g,546.8,2287.8,False,8.6,49.8,,,35.0,16.6,8.9,0.8,0.1984,0.082,2.937,3.9,106.0,0.265,True,12.0,2.7,0.0,209.0,1.4,80.0,246.0,441.0,0.0008,0.24,12.0,1.2,48.7,0.2,0.1,0.5,0.05,0.25,11.4,0.09,0.4,0.8,0.5,65.0,0.263,0.806,7.562,7.48,11.575,2.937,0.082,0.0,0.0,0.0,,,,,,,,,,Chocolate con leche y almendras,chocolate con leche almendras with milk and almonds,Chocolate with milk and almonds,93,True,GRP-00244,OK,,,2026-09-20T03:50:39.818564+00:00,2026-09-20T03:50:39.818564+00:00
BEDCA-777,Chocolate con leche y arroz,Chocolate con leche y arroz,Chocolate con leche y arroz,Chocolate with milk and rice,chocolate con leche y arroz,,A0272 A0456 A0630 A0663 A0699 A0733 A0839 B1012 C0210 E0140 F0014 G0003 H0184 H0231 H0321 J0003 K0003 M0001 N0001 P0024 R0212 R0497 Z0112,BEDCA,777,ES,es,generic,,,,,1.0,100g,514.56,2152.9,False,6.4,63.0,,,26.3,16.4,8.8,0.8,0.1984,0.044,0.66,1.6,105.0,0.2625,True,11.9,2.7,0.0,169.0,0.9,44.0,190.0,322.0,0.001,0.25,12.0,1.2,48.4,0.2,0.1,0.5,0.05,0.25,18.0,0.07,0.27,0.7,0.5,2.6,0.241,0.74,6.64,6.808,8.231,0.66,0.044,0.0,0.0,0.0,,,,,,,,,,Chocolate con leche y arroz,chocolate con leche arroz with milk and rice,Chocolate with milk and rice,93,True,GRP-00245,OK,,,2026-09-20T03:50:39.818564+00:00,2026-09-20T03:50:39.818564+00:00
BEDCA-778,Chocolate con nueces de macadamia,Chocolate con nueces de macadamia,Chocolate con nueces de macadamia,Chocolate with macadamian nuts,chocolate con nueces de macadamia,,A0272 A0456 A0630 A0663 A0699 A0733 A0839 B1012 C0210 E0140 F0014 G0003 H0177 H0231 J0003 K0003 M0001 N0001 P0024 R0212 R0497 Z0112,BEDCA,778,ES,es,generic,,,,,1.0,100g,587.48,2458.0,False,7.1,47.6,,,41.3,20.6,18.8,1.2,0.0,0.112,1.23,1.8,113.0,0.2825,True,15.6,2.2,0.0,193.0,1.1,61.0,205.0,386.0,0.0012,0.29,13.0,1.0,61.3,0.2,0.1,0.6,0.07,0.27,7.1,0.1,0.29,0.6,0.5,2.8,0.224,0.447,9.4,11.2,11.3,1.23,0.112,0.0,0.0,0.0,,,,,,,,,,Chocolate con nueces de macadamia,chocolate con nueces de macadamia with macadamian nuts,Chocolate with macadamian nuts,93,True,GRP-00247,OK,,,2026-09-20T03:50:39.818564+00:00,2026-09-20T03:50:39.818564+00:00
BEDCA-779,"Tortilla, a la francesa","Tortilla, a la francesa","Tortilla, a la francesa",French ommelette,tortilla a la francesa,,A0284 A0461 A0635 A0718 A0725 A0744 A0792 B1713 C0225 E0140 F0014 G0026 H0263 J0001 K0003 M0001 N0001 P0024 R0212 R0497 Z0110,BEDCA,779,ES,es,generic,,,,,1.0,100g,169.62,709.7,False,14.6,0.4,0.4,,12.2892,3.7,5.0,1.5,,,,0.0,245.0,0.6125,True,350.0,71.7,0.0,63.0,2.0,13.0,220.0,146.0,1.3,0.09,60.5,,231.667,0.0,1.6,1.0,0.1,1.3,30.0,0.06,0.35,0.07,1.1,22.0,,,,,,,,,,,,,,,,,,,,"Tortilla, a la francesa",tortilla la francesa french ommelette,French ommelette,98,True,GRP-00876,OK,,,2026-09-20T03:50:39.818564+00:00,2026-09-20T03:50:39.818564+00:00
BEDCA-780,"Azúcar, moreno","Azúcar, moreno","Azúcar, moreno","Sugar, brown",azucar moreno,,A0118 A0462 A0636 A0662 A0697 A0733 A0836 B1012 C0210 E0143 F0014 G0003 H0138 J0116 K0003 M0001 N0001 P0024 R0212 R0497 Z0112 Z0205,BEDCA,780,ES,es,generic,,,,,1.0,100g,396.56,1659.2,False,0.0,97.6,97.6,0.0,0.0,0.0,0.0,0.0,0.0,0.0,0.0,0.0,40.0,0.1,True,0.0,1.1,0.0,85.0,1.9,22.0,24.0,320.0,0.1,,0.0,1.2,0.0,0.0,0.0,0.0,0.02,0.0,,,,,,,0.0,0.0,0.0,0.0,0.0,0.0,0.0,0.0,0.0,0.0,,,,,,,,,,"Azúcar, moreno",azucar moreno sugar brown,"Sugar, brown",98,True,GRP-00084,OK,,,2026-09-20T03:50:39.818564+00:00,2026-09-20T03:50:39.818564+00:00
BEDCA-781,"Chocolate negro, con almendras","Chocolate negro, con almendras","Chocolate negro, con almendras","Chocolate, bitter, with almonds",chocolate negro con almendras,,A0272 A0456 A0630 A0663 A0699 A0733 A0839 B1318 C0208 E0140 F0014 G0003 H0158 H0177 J0003 K0003 M0001 N0001 P0024 R0212 R0497 Z0112,BEDCA,781,ES,es,generic,,,,,1.0,100g,532.67,2228.7,False,8.2,41.5,,,37.4,16.3,8.6,0.8,0.0,0.062,,9.1,106.0,0.265,True,9.1,3.8,0.0,78.0,2.5,139.0,219.0,460.0,0.001,0.8,0.0,0.1,30.2,0.0,0.0,0.4,0.04,0.0,13.8,0.08,0.25,1.2,0.3,87.3,,,,,,1.642,0.062,,0.0,0.0,,,,,,,,,,"Chocolate negro, con almendras",chocolate negro con almendras bitter with almonds,"Chocolate, bitter, with almonds",93,True,GRP-00248,OK,,,2026-09-20T03:50:39.818564+00:00,2026-09-20T03:50:39.818564+00:00
BEDCA-782,"Chocolate negro, con azúcar","Chocolate negro, con azúcar","Chocolate negro, con azúcar","Chocolate bitter, with sugar",chocolate negro con azucar,,A0272 A0456 A0630 A0663 A0699 A0733 A0839 B1318 C0208 E0140 F0014 G0003 H0158 J0003 K0003 M0001 N0001 P0024 R0212 R0497 Z0112,BEDCA,782,ES,es,generic,,,,,1.0,100g,529.4,2215.0,False,2.0,63.0,,,30.0,16.8,9.3,0.85,0.0,0.03,0.96,,19.0,0.0475,True,0.0,5.0,0.0,63.0,2.8,103.0,147.0,327.0,1.5,,10.0,2.8,2.0,0.0,0.0,0.55,0.043,0.0,10.0,0.03,0.15,0.6,,,0.0,0.03,8.69,11.35,11.15,0.96,0.03,0.0,0.0,0.0,,,,,,,,,,"Chocolate negro, con azúcar",chocolate negro con azucar bitter with sugar,"Chocolate bitter, with sugar",87,True,GRP-00249,OK,,,2026-09-20T03:50:39.818564+00:00,2026-09-20T03:50:39.818564+00:00
BEDCA-783,Crema de chocolate con avellanas,Crema de chocolate con avellanas,Crema de chocolate con avellanas,Chocolate paste with hazelnuts,crema de chocolate con avellanas,,A0272 A0630 A0663 A0733 A0839 B1012 C0210 E0119 F0014 G0003 H0177 H0184 H0227 H0231 H0263 J0146 K0003 M0001 N0001 P0024 R0212 R0497 Z0112,BEDCA,783,ES,es,generic,,,,,1.0,100g,541.38,2265.14,False,5.4,56.02,54.7,1.32,33.0,10.1154,16.8256,4.60701,4.017,0.081,10.072,1.1,93.8,0.2345,True,6.0,4.5,0.0,74.1,1.18,72.2,152.0,288.1,1.0,,3.4,3.6,17.65,0.24,0.05,12.3,0.06,0.07,22.3,0.11,0.12,0.86,,,0.133,0.078,2.382,2.476,8.323,10.072,0.013,0.0,0.068,0.0,,,,,,,,,,Crema de chocolate con avellanas,crema de chocolate con avellanas paste with hazelnuts,Chocolate paste with hazelnuts,98,True,GRP-00296,OK,,,2026-09-20T03:50:39.818564+00:00,2026-09-20T03:50:39.818564+00:00
BEDCA-784,Crema inglesa,Crema inglesa,Crema inglesa,English custard,crema inglesa,,A0285 A0452 A0626 A0721 A0724 A0774 A0864 B1201 C0195 E0119 F0014 G0014 H0158 H0184 H0185 H0229 J0131 K0003 M0001 N0001 P0024 R0212 R0497 Z0119,BEDCA,784,ES,es,generic,,,,,1.0,100g,123.1,515.06,False,5.5,11.9,11.9,0.0,5.92593,3.1,2.1,0.4,,,,0.0,78.0,0.195,True,100.0,1.7,0.0,130.0,0.4,13.0,130.0,170.0,0.064,,23.7,16.6,103.333,,0.25,0.28,0.06,0.6,10.0,0.05,0.21,0.1,,,,,,,,,,,,,,,,,,,,,,Crema inglesa,crema inglesa english custard,English custard,98,True,GRP-00300,OK,,,2026-09-20T03:50:39.818564+00:00,2026-09-20T03:50:39.818564+00:00
BEDCA-785,"Turrón, tipo Alicante","Turrón, tipo Alicante","Turrón, tipo Alicante","Nougat, ""alicante"" type",turron tipo alicante,,A0188 A0456 A0630 A0663 A0722 A0735 A0852 B1272 C0136 E0151 F0014 G0003 H0149 H0158 J0001 K0003 M0001 N0001 P0024 R0212 R0497 Z0112,BEDCA,785,ES,es,generic,,,,,1.0,100g,483.69,2023.74,False,13.05,44.9,44.1,0.8,28.07,2.2917,18.2826,6.22034,,,,5.9,12.4962,0.0312,True,0.0,2.15,0.0,102.459,2.07385,118.962,250.0,268.065,2.25769,,,2.6,0.0,0.0,0.0,9.36,0.16,0.0,29.0,0.08,0.33,1.37,,,,,,,,,,,,,,,,,,,,,,"Turrón, tipo Alicante",turron tipo alicante nougat type,"Nougat, ""alicante"" type",98,True,GRP-00881,OK,,,2026-09-20T03:50:39.818564+00:00,2026-09-20T03:50:39.818564+00:00
BEDCA-786,Fructosa,Fructosa,Fructosa,Fructose,fructosa,,A0118 A0636 A0723 A0736 A0869 B1012 C0223 E0106 F0001 G0003 H0001 J0001 K0003 M0001 N0001 P0024 R0212 R0497 Z0112,BEDCA,786,ES,es,generic,"Sugar, confectionery and water-based sweet desserts",Sugar and other sweetening ingredients (excluding intensive sweeteners),,,1.0,100g,406.31,1700.0,False,0.0,100.0,100.0,0.0,0.0,0.0,0.0,0.0,,,,0.0,0.0,0.0,True,0.0,,0.0,0.0,0.0,0.0,0.0,0.0,0.0,,5.0,0.5,0.0,0.0,0.0,0.0,0.0,0.0,0.0,0.0,0.0,0.0,,,,,,,,,,,,,,,,,,,,,,Fructosa,fructosa fructose,Fructose,98,True,GRP-00338,OK,,,2026-09-20T03:50:39.818564+00:00,2026-09-20T03:50:39.818564+00:00
BEDCA-787,Crema pastelera,Crema pastelera,Crema pastelera,Custard,crema pastelera,,A0285 A0452 A0626 A0721 A0724 A0774 A0864 B1201 C0195 E0119 F0014 G0014 H0146 H0158 H0184 H0185 H0229 J0131 K0003 M0001 N0001 P0024 R0212 R0497 Z0112,BEDCA,787,ES,es,generic,Milk and dairy products,Dairy dessert and similar,,,1.0,100g,157.96,660.91,False,4.9,22.3,17.5,4.8,5.36508,2.6,2.0,0.47,,,,0.3,72.0,0.18,True,120.0,66.1,0.0,108.0,0.6,13.0,120.0,148.0,0.064,,23.7,16.6,93.3333,1.0,0.3,0.3,0.05,1.0,15.0,0.06,0.18,0.2,,,,,,,,,,,,,,,,,,,,,,Crema pastelera,crema pastelera custard,Custard,98,True,GRP-00301,OK,,,2026-09-20T03:50:39.818564+00:00,2026-09-20T03:50:39.818564+00:00
BEDCA-788,"Chocolate, negro","Chocolate, negro","Chocolate, negro","Chocolate, bitter",chocolate negro,,A0272 A0456 A0630 A0662 A0699 A0733 A0839 B1318 C0208 E0140 F0014 G0003 H0003 J0003 K0003 M0001 N0001 P0024 R0212 R0497 Z0112,BEDCA,788,ES,es,generic,,,,,1.0,100g,540.61,2261.9,False,4.7,64.8,,,29.2,16.9,9.3,1.2,0.0,,,,12.3333,0.0308,True,9.0,1.3,0.0,37.6667,1.5,123.667,181.333,359.667,2.23333,,2.3,6.8,8.66667,0.0,0.0,0.133333,0.05,0.0,6.0,0.0467,0.136667,0.96667,,,0.016,0.045,8.432,10.883,8.013,0.989,0.048,,0.003,,,,,,,,,,,"Chocolate, negro",chocolate negro bitter,"Chocolate, bitter",87,True,GRP-00250,OK,,,2026-09-20T03:50:39.818564+00:00,2026-09-20T03:50:39.818564+00:00
BEDCA-789,Aperitivos de trigo,Aperitivos de trigo,Aperitivos de trigo,Wheat appetizer,aperitivos de trigo,,A0228 A0457 A0631 A0722 A0729 A0768 A0866 B1312 C0203 E0140 F0014 G0025 H0227 H0263 H0367 J0001 K0001 M0144 M0197 N0001 P0024 R0212 R0497 Z0112 Z0205,BEDCA,789,ES,es,generic,Grains and grain-based products,Cereal-based snacks,,,1.0,100g,507.36,2122.8,False,10.3,58.2,,,25.9,11.4,11.4,3.0,0.3833,0.546,7.729,6.3,1234.3,3.0857,True,0.0,0.0,0.0,61.2,15.3,60.3,199.7,349.5,1.9,,10.0,17.1,3.37,0.0,0.0,1.74,0.12,0.24,10.29,0.1,0.1,3.8,,,0.084,0.303,11.99,1.464,10.793,7.723,0.54,0.006,0.006,0.0,,,,,,,,,,Aperitivos de trigo,aperitivos de trigo wheat appetizer,Wheat appetizer,93,True,GRP-00059,OK,,,2026-09-20T03:50:39.818564+00:00,2026-09-20T03:50:39.818564+00:00
BEDCA-790,Alioli,Alioli,Alioli,"Garlic mayonnaise, oil unspecified",alioli,,A0292 A0463 A0637 A0722 A0735 A0760 A0859 B1547 C0167 E0119 F0014 G0001 H0100 H0148 H0185 H0200 H0212 H0228 H0347 H0367 J0123 K0003 M0184 M0194 N0001 P0024 R0212 R0497 Z0109 Z0205,BEDCA,790,ES,es,generic,,,,,1.0,100g,781.79,3271.03,False,0.46,2.84,0.28,2.56,86.89,12.61,61.74,8.71,,,,0.14,565.01,1.4125,True,0.0,8.25,0.0,2.46,0.14,7.0,15.65,51.77,0.13,,32.0,0.2,0.00167,0.0,0.0,10.45,0.04,0.0,0.56,0.02,0.0,0.03,,,,,,,,,,,,,,,,,,,,,,Alioli,alioli garlic mayonnaise oil unspecified,"Garlic mayonnaise, oil unspecified",98,True,GRP-00038,OK,,,2026-09-20T03:50:39.818564+00:00,2026-09-20T03:50:39.818564+00:00
BEDCA-791,Zumo de uva y melocotón,Zumo de uva y melocotón,Zumo de uva y melocotón,Grape and peach juice,zumo de uva y melocoton,,A0130 A0455 A0629 A0708 A0732 A0766 A0841 B1329 C0140 E0123 F0014 G0003 H0136 H0148 H0362 J0123 K0003 M0194 N0001 P0024 R0212 R0497 Z0112 Z0205,BEDCA,791,ES,es,generic,,,,,1.0,100g,51.2,214.2,False,0.6,12.0,,,,0.03,0.057,0.14,,,,0.15,3.3,0.0083,True,0.0,87.4,0.0,13.4,0.41,10.5,24.2,97.7,0.24,,0.24,0.2,6.42,0.0,0.0,1.17,0.03,0.48,7.41,,,0.17,,,,,,,,,,,,,,,,,,,,,,Zumo de uva y melocotón,zumo de uva melocoton grape and peach juice,Grape and peach juice,87,True,GRP-00955,OK,,,2026-09-20T03:50:39.818564+00:00,2026-09-20T03:50:39.818564+00:00
BEDCA-792,Caldo vegetal,Caldo vegetal,Caldo vegetal,Vegetable stock,caldo vegetal,,A0133 A0466 A0640 A0663 A0722 A0735 A0856 B1013 C0228 E0143 F0001 G0001 H0151 H0212 H0263 H0367 J0001 K0003 M0159 M0194 M0213 N0001 P0024 R0212 R0497 Z0112,BEDCA,792,ES,es,generic,,,,,1.0,100g,104.11,435.6,False,11.3,9.1,,,2.4,1.3,1.1,,,,,,278.3,0.6957,True,,77.2,0.0,20.0,2.5,50.3,115.5,74.3,1.3,,0.1,,62.45,0.0,,1.94,0.14,0.84,0.58,,0.01,,,,,,,,,,,,,,,,,,,,,,,Caldo vegetal,caldo vegetal vegetable stock,Vegetable stock,87,True,GRP-00165,OK,,,2026-09-20T03:50:39.818564+00:00,2026-09-20T03:50:39.818564+00:00
BEDCA-793,"Chile, rojo","Chile, rojo","Chile, rojo","Chili pepper, red",chile rojo,,A0133 A0466 A0640 A0677 A0705 A0731 A0826 B1250 C0167 E0151 F0001 G0001 H0001 J0001 K0003 M0001 N0001 P0024 R0212 R0497 Z0052 Z0112,BEDCA,793,ES,es,generic,,,,,1.0,100g,33.6,140.6,False,1.0,6.4,,,0.4,0.1,,0.2,,,,1.9,12.0,0.03,True,0.0,90.3,0.0,16.0,1.0,21.0,39.0,440.0,0.3,0.01,1.0,,684.17,225.0,0.0,0.8,0.28,0.0,23.0,0.12,0.15,2.5,0.08,,,,,,,,,,,,,,,,,,,,,"Chile, rojo",chile rojo chili pepper red,"Chili pepper, red",93,True,GRP-00237,OK,,,2026-09-20T03:50:39.818564+00:00,2026-09-20T03:50:39.818564+00:00
BEDCA-794,"Chile, verde","Chile, verde","Chile, verde","Chili pepper, green",chile verde,,A0133 A0455 A0629 A0677 A0705 A0731 A0826 B1250 C0167 E0151 F0001 G0001 H0001 J0001 K0003 M0001 N0001 P0024 R0212 R0497 Z0051 Z0112,BEDCA,794,ES,es,generic,,,,,1.0,100g,16.47,68.9,False,0.8,2.6,,,0.3,0.1,,0.2,,,,1.9,7.0,0.0175,True,0.0,94.4,0.0,30.0,1.2,24.0,80.0,220.0,0.4,0.02,1.0,,29.17,120.0,0.0,0.8,0.28,0.0,29.0,0.07,0.08,1.6,0.08,,,,,,,,,,,,,,,,,,,,,"Chile, verde",chile verde chili pepper green,"Chili pepper, green",93,True,GRP-00238,OK,,,2026-09-20T03:50:39.818564+00:00,2026-09-20T03:50:39.818564+00:00
BEDCA-795,"Bacalao, fresco, al horno","Bacalao, fresco, al horno","Bacalao, fresco, al horno","Cod, fresh, baked",bacalao fresco al horno,,A0267 A0460 A0634 A0717 A0727 A0747 A0804 B1842 C0266 E0122 F0014 G0005 H0229 H0341 H0367 J0003 K0003 M0151 N0041 P0024 R0212 R0495 Z0056 Z0109,BEDCA,795,ES,es,generic,,,crudo,,0.79,100g,99.14,414.81,False,22.1,0.0,,,1.05714,0.2,0.14,0.4,,,,0.0,210.0,0.525,True,58.0,76.3,0.0,18.0,0.4,34.0,164.0,300.0,0.4,,147.7,37.6,,,,0.6,0.33,1.5,12.0,0.08,0.07,2.1,,,,,,,,,,,,,,,,,,,,,,"Bacalao, fresco, al horno",bacalao fresco al horno cod fresh baked,"Cod, fresh, baked",93,True,GRP-00088,OK,,,2026-09-20T03:50:39.818564+00:00,2026-09-20T03:50:39.818564+00:00
BEDCA-797,"Bacalao, salado, remojado, crudo","Bacalao, salado, remojado, crudo","Bacalao, salado, remojado, crudo","Cod, salted, steeped, raw",bacalao salado remojado crudo,,A0267 A0460 A0634 A0717 A0727 A0747 A0802 B1842 C0268 E0152 F0003 G0036 H0148 H0173 J0103 K0017 M0001 N0001 P0024 R0212 R0495 Z0056 Z0112,BEDCA,797,ES,es,generic,,,crudo,,1.0,100g,109.18,456.8,False,26.0,0.0,,,0.4,0.1,,0.2,,,,0.0,3120.0,7.8,True,50.0,73.6,0.0,28.0,0.2,21.0,157.0,100.0,0.4,,60.0,27.0,15.0,0.0,7.0,1.0,0.22,5.0,,0.05,0.05,5.5,,,,,,,,,,,,,,,,,,,,,,"Bacalao, salado, remojado, crudo",bacalao salado remojado crudo cod salted steeped raw,"Cod, salted, steeped, raw",93,True,GRP-00091,OK,,,2026-09-20T03:50:39.818564+00:00,2026-09-20T03:50:39.818564+00:00
BEDCA-798,"Bígaro, hervido","Bígaro, hervido","Bígaro, hervido","Periwinkle, boiled",bigaro hervido,,A0267 A0460 A0634 A0717 A0727 A0752 A0801 B2925 C0243 E0150 F0014 G0014 H0367 J0003 K0003 M0003 N0003 P0024 R0212 R0495 Z0062 Z0112,BEDCA,798,ES,es,generic,,,hervido,,0.84,100g,94.92,397.15,False,20.75,,,,1.2,0.2,0.2,0.4,,,,0.0,875.0,2.1875,True,105.0,68.25,0.0,130.0,11.6,305.0,200.0,260.0,2.2,,,89.6,84.0,,,3.9,0.375,27.0,11.0,0.17,0.295,1.85,,,,,,,,,,,,,,,,,,,,,,"Bígaro, hervido",bigaro hervido periwinkle boiled,"Periwinkle, boiled",87,True,GRP-00117,OK,,,2026-09-20T03:50:39.818564+00:00,2026-09-20T03:50:39.818564+00:00
BEDCA-799,"Bogavante, hervido","Bogavante, hervido","Bogavante, hervido","Lobster, boiled",bogavante hervido,,A0267 A0460 A0634 A0717 A0727 A0750 A0801 B1505 C0265 E0150 F0014 G0014 H0367 J0001 K0003 M0003 N0001 P0024 R0212 R0495 Z0062 Z0112,BEDCA,799,ES,es,generic,,,hervido,,0.6,100g,103.69,433.84,False,22.1,,,,1.57143,0.2,0.3,0.6,,,,0.0,330.0,0.825,True,110.0,74.3,0.0,62.0,0.8,34.0,260.0,260.0,2.5,,140.0,51.8,,,,1.47,0.08,3.0,9.0,0.08,0.0,1.5,,,,,,,,,,,,,,,,,,,,,,"Bogavante, hervido",bogavante hervido lobster boiled,"Lobster, boiled",87,True,GRP-00120,OK,,,2026-09-20T03:50:39.818564+00:00,2026-09-20T03:50:39.818564+00:00
BEDCA-800,"Bonito del norte, al vapor","Bonito del norte, al vapor","Bonito del norte, al vapor","Albacore, steamed",bonito del norte al vapor,,A0267 A0460 A0634 A0717 A0727 A0747 A0804 B1792 C0265 E0152 F0014 G0015 H0151 H0212 H0341 H0367 J0003 K0003 M0165 N0042 P0024 R0212 R0495 Z0058 Z0109,BEDCA,800,ES,es,generic,,,al_vapor,,1.0,100g,163.46,683.9,False,30.0,0.0,,,4.7,1.2,0.98,2.0,,,,0.0,43.0,0.1075,True,54.0,64.0,0.0,9.0,1.6,28.0,182.0,277.0,0.7,,,65.7,26.0,,3.5,0.9,0.37,3.0,10.0,0.2,0.07,11.2,,,,,,,,,,,,,,,,,,,,,,"Bonito del norte, al vapor",bonito del norte al vapor albacore steamed,"Albacore, steamed",93,True,GRP-00125,OK,,,2026-09-20T03:50:39.818564+00:00,2026-09-20T03:50:39.818564+00:00
BEDCA-801,"Bonito del norte, enlatado en aceite de soja","Bonito del norte, enlatado en aceite de soja","Bonito del norte, enlatado en aceite de soja","Albacore, canned, soybean oil",bonito del norte enlatado en aceite de soja,,A0267 A0460 A0634 A0717 A0727 A0747 A0802 B1792 C0267 E0125 F0014 G0001 H0342 H0367 J0123 K0021 M0175 M0204 N0042 P0024 R0212 R0495 Z0058 Z0112,BEDCA,801,ES,es,generic,,,en_conserva,,1.0,100g,205.11,858.2,False,32.2,0.0,,,8.4,1.8,1.8,4.2,,,,0.0,347.0,0.8675,True,33.0,57.8,0.0,10.0,1.2,33.0,200.0,267.0,1.1,,,60.1,26.0,,3.1,2.0,0.52,5.0,5.0,0.1,0.1,8.0,,,,,,,,,,,,,,,,,,,,,,"Bonito del norte, enlatado en aceite de soja",bonito del norte enlatado en aceite de soja albacore canned soybean oil,"Albacore, canned, soybean oil",93,True,GRP-00126,OK,,,2026-09-20T03:50:39.818564+00:00,2026-09-20T03:50:39.818564+00:00
BEDCA-802,"Bonito, enlatado en aceite, escurrido","Bonito, enlatado en aceite, escurrido","Bonito, enlatado en aceite, escurrido","Albacore, canned in oil, drained",bonito enlatado en aceite escurrido,,A0267 A0460 A0634 A0717 A0727 A0747 A0802 B1792 C0268 E0122 F0014 G0001 H0200 H0229 H0341 H0367 J0123 K0040 M0175 M0204 N0042 P0024 R0212 R0495 Z0058 Z0112,BEDCA,802,ES,es,generic,,,en_conserva,,1.0,100g,203.56,851.71,False,26.23,0.0,,,4.73,1.13,1.03,1.26,,1.123,0.08,0.0,347.0,0.8675,True,46.7,59.5,0.0,28.5,1.0,29.0,200.0,267.0,1.1,,,60.1,5.0,,23.8,7.2,0.42,5.0,15.5,0.05,0.11,13.5,,,,0.071,0.711,0.264,0.667,0.045,0.012,0.035,0.186,0.925,,,,,,,,,,"Bonito, enlatado en aceite, escurrido",bonito enlatado en aceite escurrido albacore canned in oil drained,"Albacore, canned in oil, drained",84,True,GRP-00128,REVIEW,"kcal declarada (204) se aleja de la estimada por macros (147), 38% de diferencia",,2026-09-20T03:50:39.818564+00:00,2026-09-20T03:50:39.818564+00:00
BEDCA-803,"Breca, cruda","Breca, cruda","Breca, cruda","Pandora, raw",breca cruda,,A0267 A0460 A0634 A0717 A0727 A0747 A0802 B2871 C0265 E0150 F0003 G0003 H0001 J0001 K0003 M0001 N0001 P0024 R0212 R0497 Z0062 Z0215,BEDCA,803,ES,es,generic,,,crudo,,1.0,100g,75.48,315.8,False,15.4,1.0,,,1.59,0.35,0.36,0.38,,0.268,0.045,0.0,141.0,0.3525,True,48.0,82.6,0.0,30.0,0.4,26.0,210.0,316.0,0.5,,7.0,28.0,2.2,0.0,14.0,2.6,0.45,2.0,6.0,0.07,0.07,7.8,,,,0.022,0.158,0.122,0.214,0.025,0.007,0.02,0.128,0.133,,,,,,,,,,"Breca, cruda",breca cruda pandora raw,"Pandora, raw",93,True,GRP-00132,OK,,,2026-09-20T03:50:39.818564+00:00,2026-09-20T03:50:39.818564+00:00
BEDCA-804,"Caballa, al horno","Caballa, al horno","Caballa, al horno","Mackerel, baked",caballa al horno,,A0267 A0460 A0634 A0717 A0727 A0747 A0804 B1571 C0268 E0131 F0014 G0005 H0151 H0200 H0212 H0341 H0367 J0003 K0003 M0182 N0042 P0024 R0212 R0497 Z0062 Z0109,BEDCA,804,ES,es,generic,,,asado,,1.0,100g,247.66,1036.23,False,16.7,0.0,,,20.3333,4.9,8.2,5.2,,,,0.0,90.0,0.225,True,80.0,61.0,0.0,17.0,1.3,29.0,250.0,380.0,0.5,,46.5,31.9,50.0,,7.5,1.6,0.5,10.0,5.0,0.15,0.4,7.0,,,,,,,,,,,,,,,,,,,,,,"Caballa, al horno",caballa al horno mackerel baked,"Mackerel, baked",93,True,GRP-00136,OK,,,2026-09-20T03:50:39.818564+00:00,2026-09-20T03:50:39.818564+00:00
BEDCA-805,"Caballa, enlatada en aceite, escurrida","Caballa, enlatada en aceite, escurrida","Caballa, enlatada en aceite, escurrida","Mackerel, canned in oil, drained",caballa enlatada en aceite escurrida,,A0267 A0460 A0634 A0667 A0717 A0727 A0802 B1571 C0125 E0152 F0014 G0001 H0200 H0227 H0263 H0367 J0123 K0040 M0175 M0204 N0042 P0024 R0212 R0497 Z0062 Z0112,BEDCA,805,ES,es,generic,,,en_conserva,,1.0,100g,207.34,867.5,False,14.9,0.0,,,16.6,3.7,6.25,4.25,,,,0.0,382.0,0.955,True,68.0,67.85,0.0,17.0,1.65,25.0,113.0,277.5,1.6,,46.5,31.9,52.25,0.01,4.65,0.7,0.2,7.3,9.0,0.05,0.21,5.8,,,,,,,,,,,,,,,,,,,,,,"Caballa, enlatada en aceite, escurrida",caballa enlatada en aceite escurrida mackerel canned in oil drained,"Mackerel, canned in oil, drained",93,True,GRP-00138,OK,,,2026-09-20T03:50:39.818564+00:00,2026-09-20T03:50:39.818564+00:00
BEDCA-806,"Cabracho o rascacio, crudo","Cabracho o rascacio, crudo","Cabracho o rascacio, crudo","Red rockfish, raw",cabracho o rascacio crudo,,A0267 A0460 A0634 A0717 A0727 A0747 A0802 B2900 C0265 E0150 F0003 G0003 H0001 J0001 K0003 M0001 N0001 P0024 R0212 R0495 Z0059 Z0112,BEDCA,806,ES,es,generic,,,crudo,,0.99,100g,92.11,385.37,False,19.0,0.0,,,1.68571,0.37,0.33,0.48,,,,0.0,60.0,0.15,True,35.0,79.0,0.0,9.0,0.4,26.0,178.0,405.0,0.1,,,63.0,57.0,0.01,0.0,0.0,0.0,0.0,3.4,0.04,0.07,0.0,,,,,,,,,,,,,,,,,,,,,,"Cabracho o rascacio, crudo",cabracho rascacio crudo red rockfish raw,"Red rockfish, raw",93,True,GRP-00139,OK,,,2026-09-20T03:50:39.818564+00:00,2026-09-20T03:50:39.818564+00:00
BEDCA-807,"Calamar, crudo","Calamar, crudo","Calamar, crudo","Squid, raw",calamar crudo,,A0156 A0460 A0634 A0717 A0727 A0752 A0802 B1205 C0268 E0151 F0003 G0003 H0001 J0136 K0001 M0001 N0001 P0024 R0212 R0497 Z0056 Z0112,BEDCA,807,ES,es,generic,,,crudo,,0.7,100g,71.49,299.1,False,14.0,1.09091,,,1.47,0.46,0.18,0.66,,0.54,0.03,0.0,136.5,0.3412,True,187.5,79.75,0.0,20.3333,3.9,31.6667,158.5,316.333,2.1,,,44.8,15.0,0.0,,1.2,0.375,2.15,5.0,0.06,0.16,2.8,,,,0.04,0.3,0.07,0.09,0.01,0.0,0.02,0.17,0.37,,,,,,,,,,"Calamar, crudo",calamar crudo squid raw,"Squid, raw",93,True,GRP-00163,OK,,,2026-09-20T03:50:39.818564+00:00,2026-09-20T03:50:39.818564+00:00
BEDCA-810,"Cangrejo, en conserva","Cangrejo, en conserva","Cangrejo, en conserva","Crayfish, canned",cangrejo en conserva,,A0267 A0460 A0634 A0717 A0727 A0750 A0801 B2686 C0268 E0152 F0014 G0001 H0001 J0123 K0011 M0001 N0023 P0024 R0212 R0497 Z0062 Z0112,BEDCA,810,ES,es,generic,,,en_conserva,,1.0,100g,98.38,411.63,False,19.7,1.0,,,1.61429,0.2,0.32,0.61,,,,0.0,720.0,1.8,True,100.0,79.37,0.0,97.0,2.0,38.0,200.0,170.0,5.5,,106.3,36.7,,,,2.3,0.3,7.0,20.0,0.04,0.15,1.5,,,,,,,,,,,,,,,,,,,,,,"Cangrejo, en conserva",cangrejo en conserva crayfish canned,"Crayfish, canned",93,True,GRP-00171,OK,,,2026-09-20T03:50:39.818564+00:00,2026-09-20T03:50:39.818564+00:00
BEDCA-811,"Carpa, al horno","Carpa, al horno","Carpa, al horno","Carp, baked",carpa al horno,,A0267 A0460 A0634 A0717 A0727 A0745 A0804 B1228 C0265 E0150 F0014 G0005 H0151 H0212 H0341 H0349 J0003 K0003 M0274 N0001 P0024 R0212 R0497 Z0062 Z0109,BEDCA,811,ES,es,generic,,,asado,,0.9,100g,148.58,621.66,False,20.4,0.0,,,7.42857,1.2,2.5,1.5,,,,0.0,55.0,0.1375,True,75.0,73.3,0.0,40.0,1.3,26.0,373.0,337.0,0.4,,96.8,16.2,44.0017,0.0,0.01,0.63,0.22,1.5,5.8,0.05,0.05,1.5,,,,,,,,,,,,,,,,,,,,,,"Carpa, al horno",carpa al horno carp baked,"Carp, baked",93,True,GRP-00188,OK,,,2026-09-20T03:50:39.818564+00:00,2026-09-20T03:50:39.818564+00:00
BEDCA-812,"Carpa, cruda","Carpa, cruda","Carpa, cruda","Carp, raw",carpa cruda,,A0267 A0460 A0634 A0717 A0727 A0745 A0802 B1228 C0173 E0150 F0003 G0003 H0003 J0001 K0001 M0001 N0001 P0024 R0212 R0497 Z0062 Z0112,BEDCA,812,ES,es,generic,,,crudo,,0.71,100g,115.89,484.9,False,17.75,0.0,,,4.95,1.14,0.48,1.05,,0.773,0.16,0.0,45.0,0.1125,True,66.0,76.7,0.0,41.0,1.05,33.0,277.5,340.0,1.0,0.06,1.0,12.6,44.0,,0.01,0.565,0.17,1.75,8.0,0.08,0.06,2.2,0.75,,,,,,,0.003,0.003,0.157,0.127,0.643,,,,,,,,,,"Carpa, cruda",carpa cruda carp raw,"Carp, raw",93,True,GRP-00189,OK,,,2026-09-20T03:50:39.818564+00:00,2026-09-20T03:50:39.818564+00:00
BEDCA-815,"Dorada, cruda","Dorada, cruda","Dorada, cruda","Gilt-head bream, raw",dorada cruda,,A0267 A0460 A0634 A0717 A0727 A0747 A0802 B2388 C0243 E0150 F0003 G0003 H0003 J0001 K0003 M0001 N0001 P0024 R0212 R0497 Z0062 Z0215,BEDCA,815,ES,es,generic,,,crudo,,0.7,100g,77.92,326.0,False,17.0,0.0,,,7.22,1.49,2.13,2.46,,0.963,1.003,0.0,73.0,0.1825,True,67.0,82.0,0.0,30.0,0.9,25.0,180.0,300.0,0.5,,7.0,28.0,9.0,,14.0,1.25,0.18,2.0,6.0,0.06,0.08,5.0,,,0.003,0.251,0.884,0.304,1.337,0.966,0.124,0.037,0.312,0.527,,,,,,,,,,"Dorada, cruda",dorada cruda gilt head bream raw,"Gilt-head bream, raw",84,True,GRP-00313,REVIEW,"kcal declarada (78) se aleja de la estimada por macros (133), 41% de diferencia",,2026-09-20T03:50:39.818564+00:00,2026-09-20T03:50:39.818564+00:00
BEDCA-816,"Gamba quisquilla, congelada","Gamba quisquilla, congelada","Gamba quisquilla, congelada","Shrimp, frozen, raw",gamba quisquilla congelada,,A0267 A0460 A0634 A0717 A0727 A0771 A0801 B1237 C0173 E0131 F0003 G0003 H0001 J0136 K0001 M0001 N0001 P0024 R0212 R0497 Z0062 Z0112,BEDCA,816,ES,es,generic,,,,,1.0,100g,74.62,312.21,False,16.5,,,,0.857143,0.1,0.2,0.3,,,,0.0,380.0,0.95,True,130.0,81.2,0.0,130.0,2.6,47.0,150.0,75.0,1.1,,210.0,21.0,2.0,,,2.85,0.08,3.0,14.0,,0.0,0.5,,,,,,,,,,,,,,,,,,,,,,"Gamba quisquilla, congelada",gamba quisquilla congelada shrimp frozen raw,"Shrimp, frozen, raw",87,True,GRP-00355,OK,,,2026-09-20T03:50:39.818564+00:00,2026-09-20T03:50:39.818564+00:00
BEDCA-817,"Gamba roja, cruda","Gamba roja, cruda","Gamba roja, cruda","Red shrimp, frozen, peeled, raw",gamba roja cruda,,A0267 A0460 A0634 A0717 A0727 A0771 A0801 B2614 C0268 E0151 F0003 G0003 H0003 J0136 K0003 M0001 N0001 P0024 R0212 R0497 Z0062 Z0112,BEDCA,817,ES,es,generic,,,crudo,,0.47,100g,89.18,373.13,False,18.0,0.0,,,1.81429,0.3,0.37,0.6,,,,0.0,305.0,0.7625,True,185.0,78.67,0.0,115.0,3.3,69.0,215.0,221.0,1.1,,210.0,21.0,0.0117,,,1.5,0.06,1.9,5.0,0.02,0.02,1.5,,,,,,,,,,,,,,,,,,,,,,"Gamba roja, cruda",gamba roja cruda red shrimp frozen peeled raw,"Red shrimp, frozen, peeled, raw",93,True,GRP-00356,OK,,,2026-09-20T03:50:39.818564+00:00,2026-09-20T03:50:39.818564+00:00
BEDCA-818,"Jurel, crudo","Jurel, crudo","Jurel, crudo","Horse mackerel, raw",jurel crudo,,A0267 A0460 A0634 A0717 A0727 A0747 A0802 B1166 C0265 E0150 F0003 G0003 H0001 J0001 K0003 M0001 N0001 P0024 R0212 R0497 Z0062 Z0112 Z0215,BEDCA,818,ES,es,generic,,,crudo,,0.71,100g,111.81,467.8,False,15.4,0.8,,,1.97,0.41,0.31,0.4,,0.308,0.034,0.0,39.0,0.0975,True,55.0,78.3,0.0,17.0,1.0,31.0,157.0,420.0,0.5,0.04,10.0,36.5,36.0,2.8,16.0,1.3,0.16,10.0,4.0,0.14,0.3,9.0,0.59,,,0.028,0.227,0.118,0.195,0.018,0.02,0.016,0.077,0.211,,,,,,,,,,"Jurel, crudo",jurel crudo horse mackerel raw,"Horse mackerel, raw",93,True,GRP-00431,OK,,,2026-09-20T03:50:39.818564+00:00,2026-09-20T03:50:39.818564+00:00
BEDCA-820,"Lenguado, al horno","Lenguado, al horno","Lenguado, al horno","Sole, baked",lenguado al horno,,A0267 A0460 A0634 A0717 A0727 A0747 A0804 B1878 C0266 E0151 F0014 G0005 H0212 H0229 H0341 H0367 J0003 K0003 M0182 N0042 P0024 R0212 R0497 Z0056 Z0110,BEDCA,820,ES,es,generic,,,asado,,0.65,100g,73.47,307.41,False,16.0,0.0,,,0.957143,0.15,0.2,0.32,,,,0.0,85.0,0.2125,True,50.0,81.6,0.0,25.0,0.7,29.0,175.0,250.0,0.6,,16.6,19.3,0.0,0.0,0.0,0.8,0.2,0.7,7.0,0.05,0.08,1.7,,,,,,,,,,,,,,,,,,,,,,"Lenguado, al horno",lenguado al horno sole baked,"Sole, baked",93,True,GRP-00460,OK,,,2026-09-20T03:50:39.818564+00:00,2026-09-20T03:50:39.818564+00:00
BEDCA-821,"Lija, cruda","Lija, cruda","Lija, cruda","Dogfish, raw",lija cruda,,A0267 A0460 A0634 A0717 A0727 A0747 A0802 B1911 C0265 E0150 F0003 G0003 H0001 J0001 K0003 M0001 N0001 P0024 R0212 R0497 Z0062 Z0215,BEDCA,821,ES,es,generic,,,crudo,,1.0,100g,135.04,565.0,False,18.0,0.0,,,7.0,1.2,2.1,2.1,,,,0.0,120.0,0.3,True,63.0,75.0,0.0,8.0,0.9,21.0,230.0,290.0,0.4,0.05,260.0,36.5,190.0,,9.1,1.0,0.37,5.0,3.0,0.17,0.29,6.0,0.76,,,,,,,,,,,,,,,,,,,,,"Lija, cruda",lija cruda dogfish raw,"Dogfish, raw",93,True,GRP-00474,OK,,,2026-09-20T03:50:39.818564+00:00,2026-09-20T03:50:39.818564+00:00
BEDCA-822,"Lucio, al horno","Lucio, al horno","Lucio, al horno","Pike, baked",lucio al horno,,A0267 A0460 A0634 A0717 A0727 A0745 A0804 B1293 C0265 E0150 F0014 G0005 H0229 H0341 H0367 J0003 K0003 M0176 N0043 P0024 R0212 R0497 Z0062 Z0109,BEDCA,822,ES,es,generic,,,asado,,0.65,100g,95.06,397.74,False,21.5,0.0,,,0.871429,0.15,0.2,0.26,,,,0.0,56.0,0.14,True,58.0,76.5,0.0,46.0,0.9,25.0,282.0,290.0,0.1,,8.0,5.42,8.00167,0.0,0.01,0.11,0.15,0.1,2.9,0.07,0.07,2.3,,,,,,,,,,,,,,,,,,,,,,"Lucio, al horno",lucio al horno pike baked,"Pike, baked",93,True,GRP-00482,OK,,,2026-09-20T03:50:39.818564+00:00,2026-09-20T03:50:39.818564+00:00
BEDCA-823,"Mejillón, en conserva, al natural","Mejillón, en conserva, al natural","Mejillón, en conserva, al natural","Mussel, canned in brine",mejillon en conserva al natural,,A0267 A0460 A0634 A0667 A0717 A0727 A0801 B1223 C0173 E0150 F0014 G0001 H0148 H0367 J0123 K0017 M0204 M0292 N0042 P0024 R0212 R0497 Z0062 Z0112,BEDCA,823,ES,es,generic,,,en_conserva,,1.0,100g,82.53,345.3,False,12.0,2.0,,,2.9,0.46,0.49,0.71,,,,0.0,290.0,0.725,True,100.0,85.1,0.0,80.0,4.5,23.0,189.0,320.0,1.8,,40.0,57.2,,,,1.2,0.08,10.2,27.0,0.1,0.14,3.0,,,,,,,,,,,,,,,,,,,,,,"Mejillón, en conserva, al natural",mejillon en conserva al natural mussel canned in brine,"Mussel, canned in brine",93,True,GRP-00501,OK,,,2026-09-20T03:50:39.818564+00:00,2026-09-20T03:50:39.818564+00:00
BEDCA-824,"Mejillón, hervido","Mejillón, hervido","Mejillón, hervido","Mussel, boiled",mejillon hervido,,A0267 A0460 A0634 A0717 A0727 A0752 A0804 B1223 C0173 E0150 F0014 G0014 H0148 H0362 H0367 J0003 K0003 M0165 N0042 P0024 R0212 R0497 Z0062 Z0110,BEDCA,824,ES,es,generic,,,hervido,,0.2,100g,111.77,467.64,False,18.45,3.18182,,,2.7,0.5,0.4,1.0,,,,0.0,373.0,0.9325,True,54.0,72.9,0.0,76.5,7.35,53.0,212.5,173.0,2.3,,140.0,46.0,84.0,,,1.05,0.07,16.1,32.0,0.01,0.245,1.15,,,,,,,,,,,,,,,,,,,,,,"Mejillón, hervido",mejillon hervido mussel boiled,"Mussel, boiled",93,True,GRP-00503,OK,,,2026-09-20T03:50:39.818564+00:00,2026-09-20T03:50:39.818564+00:00
BEDCA-825,"Merluza, congelada, cruda","Merluza, congelada, cruda","Merluza, congelada, cruda","Hake, frozen, raw",merluza congelada cruda,,A0267 A0460 A0634 A0717 A0727 A0747 A0802 B1840 C0265 E0131 F0003 G0003 H0003 J0136 K0003 M0001 N0001 P0024 R0212 R0497 Z0056 Z0112 Z0215,BEDCA,825,ES,es,generic,,,crudo,,0.7,100g,84.47,353.42,False,16.7033,0.0,,,1.8775,0.427086,0.518463,0.771913,,,,0.0,100.0,0.25,True,59.6,82.0167,0.0,25.4,0.77,19.4,190.0,270.0,0.27,,4.0,42.6,,0.0,,0.42,0.16,1.0,14.3,0.05,0.12,3.2,,,,,,,,,,,,,,,,,,,,,,"Merluza, congelada, cruda",merluza congelada cruda hake frozen raw,"Hake, frozen, raw",93,True,GRP-00512,OK,,,2026-09-20T03:50:39.818564+00:00,2026-09-20T03:50:39.818564+00:00
BEDCA-826,"Mero, crudo","Mero, crudo","Mero, crudo","Grouper, raw",mero crudo,,A0267 A0460 A0634 A0717 A0727 A0747 A0802 B1496 C0265 E0150 F0003 G0003 H0001 J0001 K0003 M0001 N0001 P0024 R0212 R0497 Z0056 Z0215,BEDCA,826,ES,es,generic,,,crudo,,0.57,100g,87.67,366.8,False,19.4,0.0,,,1.2,0.23,0.2,0.32,,0.202,0.051,0.0,80.0,0.2,True,37.0,79.6,0.0,14.0,0.9,20.0,210.0,255.0,0.5,0.02,7.0,56.5,,,,0.8,0.32,2.0,11.0,0.8,0.14,2.3,0.75,,0.001,0.031,0.214,0.09,0.094,0.011,0.01,0.04,0.032,0.16,,,,,,,,,,"Mero, crudo",mero crudo grouper raw,"Grouper, raw",93,True,GRP-00524,OK,,,2026-09-20T03:50:39.818564+00:00,2026-09-20T03:50:39.818564+00:00
BEDCA-827,"Mújol, al horno","Mújol, al horno","Mújol, al horno","Thicklip grey mullet, baked",mujol al horno,,A0267 A0460 A0634 A0717 A0727 A0747 A0804 B1783 C0268 E0131 F0014 G0005 H0212 H0229 H0341 H0367 J0003 K0003 M0182 N0042 P0024 R0212 R0497 Z0062 Z0109,BEDCA,827,ES,es,generic,,,asado,,0.52,100g,147.76,618.23,False,24.8,0.0,,,5.31429,1.4,1.4,0.92,,,,0.0,70.0,0.175,True,63.0,70.3,0.0,30.0,1.4,30.0,240.0,458.0,0.6,,330.0,46.8,0.0117,,,,0.5,,5.0,,,0.1,,,,,,,,,,,,,,,,,,,,,,"Mújol, al horno",mujol al horno thicklip grey mullet baked,"Thicklip grey mullet, baked",93,True,GRP-00542,OK,,,2026-09-20T03:50:39.818564+00:00,2026-09-20T03:50:39.818564+00:00
BEDCA-828,"Mújol, crudo","Mújol, crudo","Mújol, crudo","Thicklip grey mullet, raw",mujol crudo,,A0267 A0460 A0634 A0717 A0727 A0747 A0801 B1783 C0265 E0150 F0003 G0003 H0001 J0001 K0003 M0001 N0001 P0024 R0212 R0497 Z0062 Z0112 Z0215,BEDCA,828,ES,es,generic,,,crudo,,0.49,100g,127.58,533.8,False,15.8,0.8,,,6.8,2.3,1.4,2.4,,0.225,,0.0,80.0,0.2,True,34.0,76.6,0.0,38.0,1.2,26.0,217.0,290.0,0.8,0.05,330.0,36.5,27.0,1.2,,1.0,0.42,0.22,9.0,0.08,0.21,5.7,0.76,,,0.051,0.389,0.13,0.24,0.019,0.007,,0.118,0.1,,,,,,,,,,"Mújol, crudo",mujol crudo thicklip grey mullet raw,"Thicklip grey mullet, raw",93,True,GRP-00543,OK,,,2026-09-20T03:50:39.818564+00:00,2026-09-20T03:50:39.818564+00:00
BEDCA-829,"Ostra, cruda","Ostra, cruda","Ostra, cruda","Oyster, raw",ostra cruda,,A0267 A0460 A0634 A0717 A0727 A0752 A0801 B1224 C0173 E0150 F0003 G0003 H0003 J0001 K0003 M0001 N0001 P0024 R0212 R0497 Z0061 Z0112,BEDCA,829,ES,es,generic,,,crudo,,0.15,100g,63.85,267.15,False,8.145,2.76,1.05,,2.21,0.37391,0.310174,0.875679,,0.286,0.03,0.0,395.0,0.9875,True,53.5,84.12,0.0,116.0,6.0,43.0,187.5,240.0,59.2,4.45,20.0,63.7,75.0,,3.0,0.85,0.135,16.75,8.0,0.14,0.195,1.85,0.18,,,0.015,0.079,0.048,0.088,0.016,0.007,0.014,0.12,0.159,,,,,,,,,,"Ostra, cruda",ostra cruda oyster raw,"Oyster, raw",98,True,GRP-00571,OK,,,2026-09-20T03:50:39.818564+00:00,2026-09-20T03:50:39.818564+00:00
BEDCA-830,"Palometa, cruda","Palometa, cruda","Palometa, cruda","Derbio, frozen, raw",palometa cruda,,A0267 A0460 A0634 A0717 A0727 A0747 A0802 B2490 C0265 E0150 F0003 G0003 H0001 J0001 K0003 M0001 N0001 P0024 R0212 R0497 Z0061 Z0112,BEDCA,830,ES,es,generic,,,crudo,,0.6,100g,125.48,525.0,False,20.0,,,,1.8,0.79,0.4,0.43,,0.368,0.039,0.0,110.0,0.275,True,79.0,75.0,0.0,25.0,0.7,28.0,250.0,430.0,0.5,,48.0,45.0,36.0,,16.0,2.6,0.63,10.0,1.2,0.05,0.08,9.0,,,0.002,0.087,0.412,0.184,0.25,0.001,0.002,0.038,0.035,0.331,,,,,,,,,,"Palometa, cruda",palometa cruda derbio frozen raw,"Derbio, frozen, raw",87,True,GRP-00576,OK,,,2026-09-20T03:50:39.818564+00:00,2026-09-20T03:50:39.818564+00:00
BEDCA-831,"Perca, al horno","Perca, al horno","Perca, al horno","Perch, baked",perca al horno,,A0267 A0460 A0634 A0717 A0727 A0745 A0804 B1557 C0265 E0150 F0014 G0005 H0212 H0229 H0341 H0367 J0003 K0003 M0182 N0042 P0024 R0212 R0497 Z0061 Z0109,BEDCA,831,ES,es,generic,,,asado,,0.61,100g,97.49,407.9,False,21.6,0.0,,,1.1,0.2,0.17,0.4,,,,0.0,73.0,0.1825,True,93.0,77.4,0.0,60.0,1.1,32.0,227.0,290.0,0.3,,18.0,16.1,3.00167,0.0,0.01,0.01,0.01,0.01,3.0,0.06,0.12,0.01,,,,,,,,,,,,,,,,,,,,,,"Perca, al horno",perca al horno perch baked,"Perch, baked",93,True,GRP-00637,OK,,,2026-09-20T03:50:39.818564+00:00,2026-09-20T03:50:39.818564+00:00
BEDCA-832,"Perca, cruda","Perca, cruda","Perca, cruda","Perch, raw",perca cruda,,A0267 A0460 A0634 A0717 A0727 A0745 A0802 B1557 C0265 E0150 F0003 G0003 H0001 J0001 K0003 M0001 N0001 P0024 R0212 R0497 Z0061 Z0215,BEDCA,832,ES,es,generic,,,crudo,,1.0,100g,89.72,375.4,False,18.6,0.0,,,1.6,0.24,0.63,0.43,,,,0.0,47.0,0.1175,True,42.0,79.8,0.0,20.0,0.3,20.0,198.0,330.0,0.48,0.03,18.0,43.3,7.0,0.8,8.0,1.25,0.23,1.0,9.0,0.11,0.11,1.74,0.36,,,,,,,,,,,,,,,,,,,,,"Perca, cruda",perca cruda perch raw,"Perch, raw",93,True,GRP-00638,OK,,,2026-09-20T03:50:39.818564+00:00,2026-09-20T03:50:39.818564+00:00
BEDCA-834,"Pescadilla, rebozada en harina, frita","Pescadilla, rebozada en harina, frita","Pescadilla, rebozada en harina, frita","Whiting, coated in batter, fried",pescadilla rebozada en harina frita,,A0267 A0460 A0634 A0717 A0727 A0747 A0804 B1840 C0265 E0152 F0014 G0029 H0186 H0319 H0341 H0367 J0003 K0003 M0151 N0041 P0024 R0212 R0497 Z0056 Z0109,BEDCA,834,ES,es,generic,,,frito,,0.85,100g,176.69,739.27,False,18.1,3.0,,,10.2857,1.5,3.0,2.7,,,,0.1,130.0,0.325,True,110.0,67.0,0.0,48.0,0.7,33.0,260.0,320.0,0.38,,10.0,15.0,,0.0,,0.4,0.22,1.0,13.0,0.07,0.06,1.9,,,,,,,,,,,,,,,,,,,,,,"Pescadilla, rebozada en harina, frita",pescadilla rebozada en harina frita whiting coated in batter fried,"Whiting, coated in batter, fried",93,True,GRP-00643,OK,,,2026-09-20T03:50:39.818564+00:00,2026-09-20T03:50:39.818564+00:00
BEDCA-835,"Pez espada, crudo","Pez espada, crudo","Pez espada, crudo","Swordfish, raw",pez espada crudo,,A0267 A0460 A0634 A0717 A0727 A0747 A0802 B1427 C0267 E0122 F0003 G0003 H0003 J0001 K0003 M0001 N0001 P0024 R0212 R0497 Z0062 Z0112,BEDCA,835,ES,es,generic,,,crudo,,0.94,100g,110.28,461.4,False,18.0,0.0,,,4.2,0.947936,1.77938,1.0048,,2.002,0.173,0.0,116.0,0.29,True,40.0,75.1,0.0,7.5,0.65,27.0,261.0,346.0,0.7,0.13,2.0,48.1,40.0,,7.2,1.0,0.465,4.0,2.0,0.105,0.135,9.0,0.41,,,,,,,0.043,0.058,0.13,0.288,1.656,,,,,,,,,,"Pez espada, crudo",pez espada crudo swordfish raw,"Swordfish, raw",93,True,GRP-00650,OK,,,2026-09-20T03:50:39.818564+00:00,2026-09-20T03:50:39.818564+00:00
BEDCA-836,"Platija, al vapor","Platija, al vapor","Platija, al vapor","Wide-eyed flounder, steamed",platija al vapor,,A0267 A0460 A0634 A0717 A0727 A0747 A0804 B1861 C0267 E0131 F0014 G0021 G0022 H0148 H0212 H0229 H0341 H0367 J0003 K0017 M0151 N0041 P0024 R0212 R0497 Z0061 Z0109,BEDCA,836,ES,es,generic,,,al_vapor,,0.8,100g,101.49,424.64,False,19.0,0.0,,,2.74714,0.3846,1.1538,0.3846,,,,0.0,100.0,0.25,True,80.0,78.0,0.0,35.0,0.6,20.0,250.0,250.0,0.4,,22.7,27.3,,0.0,,0.4,0.5,2.0,11.0,0.3,0.15,3.2,,,,,,,,,,,,,,,,,,,,,,"Platija, al vapor",platija al vapor wide eyed flounder steamed,"Wide-eyed flounder, steamed",93,True,GRP-00671,OK,,,2026-09-20T03:50:39.818564+00:00,2026-09-20T03:50:39.818564+00:00
BEDCA-837,"Platija, cruda","Platija, cruda","Platija, cruda","Wide-eyed flounder, raw",platija cruda,,A0267 A0460 A0634 A0717 A0727 A0747 A0802 B1861 C0265 E0150 F0003 G0003 H0001 J0001 K0003 M0001 N0001 P0024 R0212 R0497 Z0061 Z0215,BEDCA,837,ES,es,generic,,,crudo,,1.0,100g,82.42,344.84,False,17.6075,0.0,,,1.23,0.288303,0.133389,0.434573,,0.164,0.008,0.0,92.0,0.23,True,48.0,81.2,0.0,27.0,0.4,23.0,190.0,300.0,0.5,,28.0,36.0,,,,0.36,0.25,1.0,11.0,0.14,0.21,6.3,0.8,,,0.003,0.081,0.048,0.039,0.003,0.001,0.005,0.037,0.126,,,,,,,,,,"Platija, cruda",platija cruda wide eyed flounder raw,"Wide-eyed flounder, raw",93,True,GRP-00672,OK,,,2026-09-20T03:50:39.818564+00:00,2026-09-20T03:50:39.818564+00:00
BEDCA-838,"Rape, a la parrilla","Rape, a la parrilla","Rape, a la parrilla","Monkfish, grilled",rape a la parrilla,,A0267 A0460 A0634 A0717 A0727 A0747 A0804 B2401 C0268 E0152 F0014 G0006 H0151 H0212 H0341 H0367 J0003 K0003 M0001 N0041 P0024 R0212 R0497 Z0056 Z0110,BEDCA,838,ES,es,generic,,,,,0.73,100g,94.69,396.2,False,22.0,0.0,,,0.6,0.1,0.1,0.2,,,,0.0,88.0,0.22,True,29.0,75.8,0.0,12.0,0.5,30.0,480.0,388.0,0.6,,,36.5,,,,0.4,0.3,1.04,8.0,0.04,0.08,2.0,,,,,,,,,,,,,,,,,,,,,,"Rape, a la parrilla",rape la parrilla monkfish grilled,"Monkfish, grilled",93,True,GRP-00769,OK,,,2026-09-20T03:50:39.818564+00:00,2026-09-20T03:50:39.818564+00:00
BEDCA-839,"Salema, cruda","Salema, cruda","Salema, cruda","Salema, raw",salema cruda,,A0267 A0460 A0634 A0717 A0727 A0749 A0802 B1581 C0265 E0150 F0003 G0003 H0001 J0001 K0003 M0001 N0001 P0024 R0212 R0497 Z0061 Z0215,BEDCA,839,ES,es,generic,,,crudo,,1.0,100g,103.15,431.6,False,12.7,7.9,,,0.95,0.45,0.16,0.27,,0.154,0.104,0.0,177.0,0.4425,True,67.0,77.2,0.0,694.0,0.4,26.0,,280.0,0.5,,7.0,28.0,2.2,0.0,14.0,2.6,0.45,2.0,6.0,0.07,0.07,7.8,,,,0.039,0.25,0.072,0.111,0.016,0.001,0.088,0.087,0.066,,,,,,,,,,"Salema, cruda",salema cruda raw,"Salema, raw",93,True,GRP-00805,OK,,,2026-09-20T03:50:39.818564+00:00,2026-09-20T03:50:39.818564+00:00
BEDCA-843,"Tenca, cruda","Tenca, cruda","Tenca, cruda","Tench, raw",tenca cruda,,A0267 A0460 A0634 A0717 A0727 A0745 A0802 B1906 C0265 E0150 F0003 G0003 H0001 J0001 K0003 M0001 N0001 P0024 R0212 R0497 Z0061 Z0215,BEDCA,843,ES,es,generic,,,crudo,,1.0,100g,91.87,384.38,False,17.7,3.3,,,4.3,,,,,0.239,0.878,0.0,80.0,0.2,True,,78.3,0.0,31.0,0.8,18.0,156.0,245.0,,,,,1.0,1.0,,,,,,0.08,0.18,4.0,,,0.003,0.057,0.784,0.263,0.818,0.833,0.108,0.045,0.044,0.087,,,,,,,,,,"Tenca, cruda",tenca cruda tench raw,"Tench, raw",87,True,GRP-00859,OK,,,2026-09-20T03:50:39.818564+00:00,2026-09-20T03:50:39.818564+00:00
BEDCA-844,"Trucha, ahumada","Trucha, ahumada","Trucha, ahumada","Trout, smoked",trucha ahumada,,A0267 A0460 A0634 A0666 A0717 A0727 A0802 B1258 C0268 E0145 F0001 G0003 H0118 H0173 J0106 K0003 M0001 N0001 P0024 R0212 R0497 Z0060 Z0112,BEDCA,844,ES,es,generic,,,,,1.0,100g,197.54,826.5,False,21.9,0.0,,,6.7,,,,,2.2,0.534,0.0,60.0,0.15,True,59.3,71.4,0.0,26.0,1.0,28.0,180.0,250.0,0.8,0.03,11.0,16.0,26.0,,,0.2,0.23,3.2,7.0,0.08,0.1,5.1,0.9,2.0,,,,,,0.5,0.2,0.034,0.5,1.5,,,,,,,,,,"Trucha, ahumada",trucha ahumada trout smoked,"Trout, smoked",78,True,GRP-00878,REVIEW,"kcal declarada (198) se aleja de la estimada por macros (148), 34% de diferencia",,2026-09-20T03:50:39.818564+00:00,2026-09-20T03:50:39.818564+00:00
BEDCA-846,"Vieja, cruda","Vieja, cruda","Vieja, cruda","Parrot fish, raw",vieja cruda,,A0267 A0460 A0634 A0717 A0727 A0747 A0802 B1581 C0265 E0150 F0003 G0003 H0001 J0001 K0003 M0001 N0001 P0024 R0212 R0497 Z0061 Z0215,BEDCA,846,ES,es,generic,,,crudo,,1.0,100g,83.22,348.2,False,12.1,4.9,,,1.6,,,,,,,0.0,205.0,0.5125,True,,81.4,0.0,45.0,,,,232.0,,,,,,,,,,,,,,,,,,,,,,,,,,,,,,,,,,,,"Vieja, cruda",vieja cruda parrot fish raw,"Parrot fish, raw",87,True,GRP-00893,OK,,,2026-09-20T03:50:39.818564+00:00,2026-09-20T03:50:39.818564+00:00
BEDCA-847,"Volador, crudo","Volador, crudo","Volador, crudo","Flying fish, raw",volador crudo,,A0267 A0460 A0634 A0717 A0727 A0752 A0802 B2116 C0173 E0150 F0003 G0003 H0003 J0003 K0003 M0001 N0001 P0024 R0212 R0497 Z0061 Z0215,BEDCA,847,ES,es,generic,,,crudo,,0.7,100g,87.98,368.1,False,21.0,0.0,,,0.3,,,,,,,0.0,79.0,0.1975,True,,78.7,0.0,61.0,0.8,20.0,230.0,460.0,,,,,,,,,,1.0,3.0,0.02,0.07,8.4,,,,,,,,,,,,,,,,,,,,,,"Volador, crudo",volador crudo flying fish raw,"Flying fish, raw",87,True,GRP-00902,OK,,,2026-09-20T03:50:39.818564+00:00,2026-09-20T03:50:39.818564+00:00
BEDCA-849,"Soja, germinada, en conserva","Soja, germinada, en conserva","Soja, germinada, en conserva","Soybean, sprouts, canned",soja germinada en conserva,,A0152 A0455 A0629 A0663 A0704 A0730 A0831 B1452 C0183 E0131 F0014 G0001 H0148 H0367 J0123 K0017 M0001 N0001 P0024 R0212 R0497 Z0052 Z0112,BEDCA,849,ES,es,generic,,,en_conserva,,1.0,100g,13.07,54.7,False,2.0,1.0,0.5,0.5,0.1,,,,,,,2.3,131.0,0.3275,True,0.0,94.2,0.0,31.0,0.6,9.0,24.0,35.0,0.3,,1.0,0.6,3.5,1.0,0.0,0.0,0.04,0.0,15.0,0.03,0.07,0.3,,,,,,,,,,,,,,,,,,,,,,"Soja, germinada, en conserva",soja germinada en conserva soybean sprouts canned,"Soybean, sprouts, canned",93,True,GRP-00849,OK,,,2026-09-20T03:50:39.818564+00:00,2026-09-20T03:50:39.818564+00:00
BEDCA-850,"Cebollino, crudo","Cebollino, crudo","Cebollino, crudo","Chive, raw",cebollino crudo,,A0152 A0455 A0629 A0682 A0705 A0731 A0826 B1478 C0150 E0150 F0003 G0003 H0003 J0001 K0003 M0001 N0001 P0024 R0212 R0497 Z0112 Z0205,BEDCA,850,ES,es,generic,,,crudo,,1.0,100g,24.55,102.72,False,3.0,1.9,1.9,,0.525,0.12,0.08,0.22,,,,2.3,3.0,0.0075,True,0.0,91.3,0.0,86.0,1.5,40.0,54.0,275.0,0.4,,1.0,0.3,500.0,60.0,0.0,0.9,0.13,0.0,130.0,0.08,0.11,0.65,,,,,,,,,,,,,,,,,,,,,,"Cebollino, crudo",cebollino crudo chive raw,"Chive, raw",98,True,GRP-00198,OK,,,2026-09-20T03:50:39.818564+00:00,2026-09-20T03:50:39.818564+00:00
BEDCA-852,"Col rizada, cruda","Col rizada, cruda","Col rizada, cruda","Savoy cabbage, raw",col rizada cruda,,A0152 A0455 A0629 A0675 A0705 A0731 A0826 B2415 C0151 E0150 F0003 G0003 H0003 J0001 K0001 M0001 N0001 P0024 R0212 R0497 Z0112 Z0205 Z0215,BEDCA,852,ES,es,generic,,,crudo,,1.0,100g,33.65,140.8,False,3.4,1.4,,,1.6,0.2,0.1,0.9,,,,3.3,5.0,0.0125,True,0.0,90.3,0.0,53.0,1.1,7.0,44.0,320.0,0.3,0.03,0.0,2.0,165.83,62.0,0.0,0.2,0.19,0.0,150.0,0.15,0.03,1.0,0.09,0.5,,,,,,,,,,,,,,,,,,,,"Col rizada, cruda",col rizada cruda savoy cabbage raw,"Savoy cabbage, raw",93,True,GRP-00264,OK,,,2026-09-20T03:50:39.818564+00:00,2026-09-20T03:50:39.818564+00:00
BEDCA-855,"Salsa vinagreta, con aceite de oliva","Salsa vinagreta, con aceite de oliva","Salsa vinagreta, con aceite de oliva","Vinaigrette sauce, with olive oil",salsa vinagreta con aceite de oliva,,A0286 A0463 A0637 A0663 A0722 A0735 A0862 B1299 C0167 E0135 F0014 G0001 H0200 H0227 H0263 H0341 H0367 J0123 K0001 M0001 N0001 P0024 R0212 Z0215,BEDCA,855,ES,es,generic,,,,,1.0,100g,636.19,2661.82,False,0.2,0.2,0.2,,71.7573,10.1,50.4,8.1,,,,0.0,700.0,1.75,True,,21.9,0.0,8.0,0.2,11.0,8.0,34.0,0.0,,0.0,1.6,0.333333,0.0,0.0,9.5,0.0,0.0,0.0,0.0,0.0,0.0,,,,,,,,,,,,,,,,,,,,,,"Salsa vinagreta, con aceite de oliva",salsa vinagreta con aceite de oliva vinaigrette sauce with olive oil,"Vinaigrette sauce, with olive oil",98,True,GRP-00821,OK,,,2026-09-20T03:50:39.818564+00:00,2026-09-20T03:50:39.818564+00:00
BEDCA-856,"Salsa siciliana, picante","Salsa siciliana, picante","Salsa siciliana, picante","Sicilian sauce, hot",salsa siciliana picante,,A0286 A0463 A0637 A0663 A0722 A0735 A0862 B1276 C0137 E0119 F0014 G0001 H0153 H0212 H0227 H0263 H0367 J0123 K0001 M0001 N0001 P0024 R0212 R0497 Z0112 Z0205,BEDCA,856,ES,es,generic,,,,,1.0,100g,67.09,280.7,False,1.3,5.2,,,4.6,0.59,3.4,0.63,,,,1.8,1343.0,3.3575,True,2.0,58.6,0.0,35.6,13.4,37.3,54.2,143.2,1.03,,1.4,1.4,31.61,1.0,0.0,1.64,0.12,0.91,6.31,0.09,,3.917,,,,,,,,,,,,,,,,,,,,,,"Salsa siciliana, picante",salsa siciliana picante sicilian sauce hot,"Sicilian sauce, hot",93,True,GRP-00820,OK,,,2026-09-20T03:50:39.818564+00:00,2026-09-20T03:50:39.818564+00:00
BEDCA-857,Salsa napolitana,Salsa napolitana,Salsa napolitana,Napolitana sauce,salsa napolitana,,A0286 A0463 A0637 A0663 A0722 A0735 A0862 B1276 C0167 E0119 F0014 G0025 H0158 H0212 H0227 H0367 J0123 K0003 M0001 N0001 P0024 R0212 R0497 Z0112 Z0205,BEDCA,857,ES,es,generic,,,,,1.0,100g,75.69,316.7,False,1.9,6.5,,,4.7,0.47,1.4,2.9,,,,1.4,773.2,1.933,True,0.0,86.9,0.0,33.4,18.4,29.4,67.3,214.3,1.54,,14.0,0.6,57.49,1.9,0.0,3.09,0.1,0.63,5.29,0.09,,1.095,,,,,,,,,,,,,,,,,,,,,,Salsa napolitana,salsa napolitana sauce,Napolitana sauce,93,True,GRP-00819,OK,,,2026-09-20T03:50:39.818564+00:00,2026-09-20T03:50:39.818564+00:00
BEDCA-858,Salsa carbonara,Salsa carbonara,Salsa carbonara,Carbonara sauce,salsa carbonara,,A0286 A0463 A0637 A0667 A0722 A0735 A0862 B1201 C0195 E0119 F0014 G0001 H0143 H0185 H0191 H0227 H0263 H0296 H0349 H0367 J0123 K0001 M0001 N0001 P0024 R0212 Z0215,BEDCA,858,ES,es,generic,"Seasoning, sauces and condiments",Sauces,,,1.0,100g,303.32,1269.1,False,7.481,2.01,2.01,0.0,29.9394,17.574,9.931,1.1171,,,,0.0,185.1,0.4627,True,96.8,60.039,0.0,35.15,0.332,9.28,78.15,133.0,0.7481,,5.3,3.0,189.837,0.0,0.332,0.502,0.0925,0.298,0.66,0.1651,0.1264,0.9642,,,,,,,,,,,,,,,,,,,,,,Salsa carbonara,salsa carbonara sauce,Carbonara sauce,98,True,GRP-00816,OK,,,2026-09-20T03:50:39.818564+00:00,2026-09-20T03:50:39.818564+00:00
BEDCA-859,"Coliflor, congelada, cruda","Coliflor, congelada, cruda","Coliflor, congelada, cruda","Cauliflower, frozen, raw",coliflor congelada cruda,,A0152 A0455 A0629 A0675 A0705 A0731 A0826 B1094 C0237 E0151 F0003 G0003 H0001 J0136 K0001 M0001 N0001 P0024 R0212 R0497 Z0112 Z0205 Z0215,BEDCA,859,ES,es,generic,,,crudo,,1.0,100g,18.21,76.17,False,2.0,2.1,1.8,0.3,0.175,,,0.14,,,,2.3,24.0,0.06,True,0.0,92.5,0.0,22.0,0.5,12.0,35.0,193.0,0.6,,1.0,0.4,0.0,47.0,0.0,0.12,0.12,0.0,64.0,0.05,0.07,0.43,,,,,,,,,,,,,,,,,,,,,,"Coliflor, congelada, cruda",coliflor congelada cruda cauliflower frozen raw,"Cauliflower, frozen, raw",93,True,GRP-00265,OK,,,2026-09-20T03:50:39.818564+00:00,2026-09-20T03:50:39.818564+00:00
BEDCA-861,"Espinaca, picada, congelada, cruda","Espinaca, picada, congelada, cruda","Espinaca, picada, congelada, cruda","Spinach, frozen, raw",espinaca picada congelada cruda,,A0152 A0455 A0629 A0678 A0705 A0731 A0826 B1420 C0200 E0152 F0003 G0003 H0001 J0136 K0001 M0001 N0001 P0024 R0212 R0497 Z0112 Z0205,BEDCA,861,ES,es,generic,,,crudo,,1.0,100g,22.16,92.71,False,2.7125,1.0,0.9,0.1,0.8,0.24,0.08,0.32,,,,2.9,56.0,0.14,True,0.0,90.7,0.0,147.33,2.27,53.585,43.0,380.0,0.54,,1.0,0.3,542.0,26.28,0.0,1.715,0.205,0.0,143.015,0.075,0.175,0.765,,,,,,,,,,,,,,,,,,,,,,"Espinaca, picada, congelada, cruda",espinaca picada congelada cruda spinach frozen raw,"Spinach, frozen, raw",98,True,GRP-00327,OK,,,2026-09-20T03:50:39.818564+00:00,2026-09-20T03:50:39.818564+00:00
BEDCA-865,Salsa al roquefort,Salsa al roquefort,Salsa al roquefort,Roquefort sauce,salsa al roquefort,,A0286 A0463 A0637 A0667 A0722 A0735 A0862 B1201 C0235 E0119 F0014 G0001 H0117 H0143 H0148 H0227 H0263 H0367 J0123 K0001 M0001 N0001 P0024 R0212 Z0215,BEDCA,865,ES,es,generic,,,,,1.0,100g,450.11,1883.25,False,7.23,0.1942,0.188,0.0062,47.4874,12.772,28.129,4.497,,,,0.0,933.2,2.333,True,38.0,46.538,0.0,234.08,0.362,17.76,176.78,75.64,0.776,,14.8,1.0,117.573,0.0,0.076,4.6626,0.0456,0.228,20.14,0.0152,0.0228,0.266,,,,,,,,,,,,,,,,,,,,,,Salsa al roquefort,salsa al roquefort sauce,Roquefort sauce,98,True,GRP-00812,OK,,,2026-09-20T03:50:39.818564+00:00,2026-09-20T03:50:39.818564+00:00
BEDCA-866,Sal de mar,Sal de mar,Sal de mar,Sea salt,sal de mar,,A0134 A0463 A0637 A0662 A0722 A0735 A0853 B1655 C0005 E0143 F0001 G0003 H0189 H0368 J0001 K0003 M0172 N0001 P0024 R0212 R0497 Z0112,BEDCA,866,ES,es,generic,,,,,1.0,100g,0.0,0.0,False,0.0,0.0,0.0,0.0,,,,,,,,0.0,35000.0,87.5,True,0.0,4.0,0.0,110.0,2.0,70.0,1.0,56.0,0.1,,74.0,0.0,0.0,0.0,0.0,0.0,0.0,0.0,0.0,0.0,0.0,0.0,,,,,,,,,,,,,,,,,,,,,,Sal de mar,sal de mar sea salt,Sea salt,87,True,GRP-00796,OK,,,2026-09-20T03:50:39.818564+00:00,2026-09-20T03:50:39.818564+00:00
BEDCA-870,"Patatas chips, ""lights""","Patatas chips, ""lights""","Patatas chips, ""lights""","Potato crips, low calorie",patatas chips lights,,A0228 A0455 A0629 A0663 A0706 A0731 A0829 B1218 C0240 E0145 F0014 G0029 H0173 H0263 J0001 K0003 M0144 M0197 N0001 P0024 R0212 R0497 Z0112 Z0205,BEDCA,870,ES,es,generic,,,,,1.0,100g,457.4,1913.78,False,7.05,57.0991,0.735437,56.3636,22.25,6.34039,8.18115,6.74945,,,,8.85,885.0,2.2125,True,0.0,1.1,0.0,36.0,1.8,48.0,130.0,1060.0,0.9,,2.6,8.1,0.333333,14.0,0.0,1.77,0.53,0.0,41.0,0.19,0.14,5.0,,,,,,,,,,,,,,,,,,,,,,"Patatas chips, ""lights""",patatas chips lights potato crips low calorie,"Potato crips, low calorie",98,True,GRP-00621,OK,,,2026-09-20T03:50:39.818564+00:00,2026-09-20T03:50:39.818564+00:00
BEDCA-871,"Palomitas de maíz, sin aceite, sin sal","Palomitas de maíz, sin aceite, sin sal","Palomitas de maíz, sin aceite, sin sal","Pop corn, without oil, without salt",palomitas de maiz sin aceite sin sal,,A0125 A0457 A0631 A0662 A0722 A0729 A0812 B1454 C0133 E0131 F0014 G0009 H0138 J0116 K0003 M0001 N0001 P0024 R0212 R0497 Z0109 Z0205,BEDCA,871,ES,es,generic,,,,,1.0,100g,341.47,1428.7,False,12.0,62.9,1.2,61.7,4.2,0.6,1.1,1.9,0.038,,,15.0,4.0,0.01,True,0.0,4.1,0.0,10.0,2.7,106.0,300.0,301.0,1.7,,2.0,7.3,20.0,0.0,0.0,11.0,0.2,0.0,23.0,0.2,0.2,2.0,,,,,3.476,1.222,13.79,19.558,0.076,,,,,,,,,,,,,"Palomitas de maíz, sin aceite, sin sal",palomitas de maiz sin aceite sal pop corn without oil salt,"Pop corn, without oil, without salt",98,True,GRP-00577,OK,,,2026-09-20T03:50:39.818564+00:00,2026-09-20T03:50:39.818564+00:00
BEDCA-872,"Menta, fresca","Menta, fresca","Menta, fresca","Mint, fresh",menta fresca,,A0300 A0455 A0629 A0688 A0705 A0731 A0857 B1267 C0200 E0150 F0003 G0003 H0003 J0001 K0003 M0001 N0001 P0024 R0212 R0497 Z0205 Z0215,BEDCA,872,ES,es,generic,,,crudo,,1.0,100g,43.43,181.71,False,3.8,5.3,,,0.73,0.19,,0.39,,,,6.8,15.0,0.0375,True,0.0,,0.0,210.0,9.5,63.0,75.0,260.0,1.09,0.24,3.0,,123.33,31.0,0.0,5.0,0.16,0.0,110.0,0.12,0.33,1.1,0.25,,,,,,,,,,,,,,,,,,,,,"Menta, fresca",menta fresca mint fresh,"Mint, fresh",93,True,GRP-00511,OK,,,2026-09-20T03:50:39.818564+00:00,2026-09-20T03:50:39.818564+00:00
BEDCA-873,"Mayonesa, aceite de soja","Mayonesa, aceite de soja","Mayonesa, aceite de soja","Mayonnaise, soybean oil",mayonesa aceite de soja,,A0136 A0463 A0637 A0722 A0735 A0765 A0859 B1452 C0307 E0119 F0014 G0001 H0146 H0148 H0157 H0185 H0200 H0229 H0367 J0123 K0003 M0132 M0215 N0040 N0042 P0024 R0212 R0497 Z0112,BEDCA,873,ES,es,generic,,,,,1.0,100g,706.77,2957.12,False,1.3,0.7,0.5,0.2,79.0032,11.6,22.3,40.6,,,,0.0,410.0,1.025,True,150.0,19.0,0.0,15.0,0.6,7.0,46.0,25.0,0.1,,35.0,0.0,72.3333,0.0,0.5,17.0,0.1,0.48,10.0,0.02,0.05,,,,,,,,,,,,,,,,,,,,,,,"Mayonesa, aceite de soja",mayonesa aceite de soja mayonnaise soybean oil,"Mayonnaise, soybean oil",98,True,GRP-00498,OK,,,2026-09-20T03:50:39.818564+00:00,2026-09-20T03:50:39.818564+00:00
BEDCA-874,"Mayonesa, aceite de oliva","Mayonesa, aceite de oliva","Mayonesa, aceite de oliva","Mayonnaise, olive oil, home-prepared",mayonesa aceite de oliva,,A0136 A0463 A0637 A0722 A0735 A0765 A0859 B1299 C0190 E0119 F0014 G0001 H0186 H0229 H0362 H0367 J0131 K0003 M0001 N0001 P0024 R0212 R0497 Z0109,BEDCA,874,ES,es,generic,,,,,1.0,100g,781.65,3270.44,False,2.1,0.0971,0.0971,0.0,87.3807,12.8,62.3,7.3,,,,,330.0,0.825,True,150.0,9.1,0.0,19.0,1.2,7.0,61.0,25.0,0.5,,35.0,0.0,70.3333,1.0,0.6,4.6,0.04,1.0,16.0,0.04,0.06,0.0,,,,,,,,,,,,,,,,,,,,,,"Mayonesa, aceite de oliva",mayonesa aceite de oliva mayonnaise olive oil home prepared,"Mayonnaise, olive oil, home-prepared",93,True,GRP-00497,OK,,,2026-09-20T03:50:39.818564+00:00,2026-09-20T03:50:39.818564+00:00
BEDCA-875,"Galletas saladas, con queso","Galletas saladas, con queso","Galletas saladas, con queso","Cookies, salted, with cheese",galletas saladas con queso,,A0242 A0457 A0631 A0722 A0735 A0768 A0866 B1324 C0208 E0136 F0014 G0005 H0117 H0143 H0146 H0151 H0367 J0001 K0003 M0001 N0001 P0024 R0212 R0497 Z0112,BEDCA,875,ES,es,generic,,,,,1.0,100g,479.62,2006.74,False,11.8,49.1,6.9,42.2,26.2552,8.8,9.0,7.3,,,,3.1,821.0,2.0525,True,30.0,3.0,0.0,236.0,1.0,27.0,226.0,148.0,1.2,,,7.3,,0.0,0.05,4.0,0.12,0.5,11.0,0.1,0.2,0.45,,,,,,,,,,,,,,,,,,,,,,"Galletas saladas, con queso",galletas saladas con queso cookies salted with cheese,"Cookies, salted, with cheese",98,True,GRP-00350,OK,,,2026-09-20T03:50:39.818564+00:00,2026-09-20T03:50:39.818564+00:00
BEDCA-876,"Flan de huevo, bajo en calorías","Flan de huevo, bajo en calorías","Flan de huevo, bajo en calorías","Caramel custard cream, diet",flan de huevo bajo en calorias,,A0219 A0461 A0635 A0667 A0722 A0725 A0790 B1201 C0005 E0119 F0014 G0001 H0108 H0148 H0150 H0184 H0186 J0123 K0001 M0172 N0001 P0024 R0212 R0497 Z0112,BEDCA,876,ES,es,generic,,,,,1.0,100g,76.48,320.0,False,5.7,7.9,,,2.4,1.6,1.52,0.416,,,,0.0,91.0,0.2275,True,117.6,84.0,0.0,99.0,0.8,13.0,118.0,129.0,0.6,,33.0,4.6,24.0,,0.4,0.23,0.06,0.7,0.3,0.05,0.12,1.5,,,,,,,,,,,,,,,,,,,,,,"Flan de huevo, bajo en calorías",flan de huevo bajo en calorias caramel custard cream diet,"Caramel custard cream, diet",93,True,GRP-00331,OK,,,2026-09-20T03:50:39.818564+00:00,2026-09-20T03:50:39.818564+00:00
BEDCA-877,Crema de vainilla y mousse de chocolate,Crema de vainilla y mousse de chocolate,Crema de vainilla y mousse de chocolate,Vanilla cream and chocolate mousse,crema de vainilla y mousse de chocolate,,A0123 A0467 A0641 A0722 A0733 A0776 A0782 B1201 C0235 E0119 F0014 G0003 H0146 H0148 H0158 H0184 H0228 H0231 J0123 K0003 M0188 N0001 P0024 R0212 R0497 Z0112,BEDCA,877,ES,es,generic,,,,,1.0,100g,130.88,547.6,False,4.0,22.5,,,6.5,3.3,2.6,0.13,,,,,58.0,0.145,True,35.0,70.6,0.0,116.0,1.6,28.0,104.0,160.0,0.6,,0.45,6.1,23.2,0.0,0.08,0.58,0.04,0.3,0.28,0.04,0.15,1.1,,,,,,,,,,,,,,,,,,,,,,Crema de vainilla y mousse de chocolate,crema de vainilla mousse chocolate vanilla cream and,Vanilla cream and chocolate mousse,87,True,GRP-00299,OK,,,2026-09-20T03:50:39.818564+00:00,2026-09-20T03:50:39.818564+00:00
BEDCA-878,"Judía verde, congelada, cruda","Judía verde, congelada, cruda","Judía verde, congelada, cruda","Green bean, frozen, raw",judia verde congelada cruda,,A0152 A0455 A0629 A0650 A0705 A0731 A0826 B1371 C0169 E0111 F0003 G0003 H0003 J0136 K0001 M0001 N0001 P0024 R0212 R0497 Z0112 Z0205,BEDCA,878,ES,es,generic,,,crudo,,1.0,100g,29.14,121.92,False,1.875,4.1,2.4,1.7,0.55,0.165,,0.22,,,,3.4,4.0,0.01,True,0.0,90.05,0.0,46.785,0.695,19.795,33.0,204.0,0.24,,1.0,2.5,31.0,10.4833,0.0,0.16,0.135,0.0,61.925,0.06,0.1,0.53,,,,,,,,,,,,,,,,,,,,,,"Judía verde, congelada, cruda",judia verde congelada cruda green bean frozen raw,"Green bean, frozen, raw",98,True,GRP-00426,OK,,,2026-09-20T03:50:39.818564+00:00,2026-09-20T03:50:39.818564+00:00
BEDCA-879,"Maíz, en mazorca, congelado, crudo","Maíz, en mazorca, congelado, crudo","Maíz, en mazorca, congelado, crudo","Corn, on the cob, frozen, raw",maiz en mazorca congelado crudo,,A0125 A0457 A0631 A0683 A0696 A0729 A0812 B1232 C0101 E0131 F0003 G0003 H0001 J0136 K0001 M0001 N0001 R0212 R0497 Z0112 Z0205,BEDCA,879,ES,es,generic,,,crudo,,0.7,100g,94.43,395.1,False,3.2,18.3,2.3,16.0,0.8,0.1,0.2,0.4,,,,3.8,5.0,0.0125,True,0.0,73.2,0.0,4.0,0.7,30.0,81.0,272.0,0.3,,2.0,0.8,12.0,6.0,0.0,0.4,0.2,0.0,30.0,0.13,0.08,1.6,,,,,,,,,,,,,,,,,,,,,,"Maíz, en mazorca, congelado, crudo",maiz en mazorca congelado crudo corn on the cob frozen raw,"Corn, on the cob, frozen, raw",98,True,GRP-00485,OK,,,2026-09-20T03:50:39.818564+00:00,2026-09-20T03:50:39.818564+00:00
BEDCA-880,"Nabo, pelado, crudo","Nabo, pelado, crudo","Nabo, pelado, crudo","Turnip, peeled, raw",nabo pelado crudo,,A0152 A0455 A0629 A0650 A0705 A0731 A0829 B1238 C0240 E0151 F0003 G0003 H0003 J0001 K0001 M0001 N0001 P0024 R0212 R0497 Z0112 Z0205,BEDCA,880,ES,es,generic,,,crudo,,0.73,100g,18.43,77.1,False,0.9,3.2,3.0,0.2,0.2,,,0.1,,,,2.0,57.0,0.1425,True,0.0,89.8,0.0,39.0,0.3,8.0,31.0,238.0,0.1,0.01,20.0,1.0,2.66667,20.0,0.0,,0.09,0.0,16.0,0.05,0.05,6.0,0.2,,,,,,,,,,,,,,,,,,,,,"Nabo, pelado, crudo",nabo pelado crudo turnip peeled raw,"Turnip, peeled, raw",93,True,GRP-00544,OK,,,2026-09-20T03:50:39.818564+00:00,2026-09-20T03:50:39.818564+00:00
BEDCA-881,"Níscalo, crudo","Níscalo, crudo","Níscalo, crudo","Milk cap, raw",niscalo crudo,,A0152 A0455 A0629 A0650 A0705 A0731 A0826 B2740 C0258 E0150 F0003 G0003 H0003 J0001 K0001 M0001 N0001 P0024 R0212 R0497 Z0112 Z0205,BEDCA,881,ES,es,generic,,,crudo,,0.55,100g,14.01,58.62,False,1.89,0.1,0.1,0.0,0.67,0.14,,0.49,,,,6.89,6.0,0.015,True,0.0,89.8,0.0,6.0,1.3,12.33,74.0,310.0,0.46,,3.0,36.0,216.667,6.0,2.1,0.13,0.09,0.0,2.0,0.13,0.06,6.5,,,,,,,,,,,,,,,,,,,,,,"Níscalo, crudo",niscalo crudo milk cap raw,"Milk cap, raw",98,True,GRP-00562,OK,,,2026-09-20T03:50:39.818564+00:00,2026-09-20T03:50:39.818564+00:00
BEDCA-882,"Palmito, en conserva","Palmito, en conserva","Palmito, en conserva","Palm heart, canned",palmito en conserva,,A0152 A0455 A0629 A0682 A0705 A0731 A0826 B1057 C0101 E0152 F0014 G0014 H0148 H0367 J0123 K0017 M0001 N0001 P0024 R0212 R0497 Z0112 Z0205,BEDCA,882,ES,es,generic,,,en_conserva,,1.0,100g,46.53,194.7,False,2.8,8.0,8.0,0.0,0.3,,,,,,,,620.0,1.55,True,0.0,87.4,0.0,44.0,0.4,23.0,71.0,163.0,,,,0.7,1.66667,7.0,0.0,0.9,0.1,0.0,28.0,0.07,0.09,0.4,,,,,,,,,,,,,,,,,,,,,,"Palmito, en conserva",palmito en conserva palm heart canned,"Palm heart, canned",87,True,GRP-00575,OK,,,2026-09-20T03:50:39.818564+00:00,2026-09-20T03:50:39.818564+00:00
BEDCA-883,"Patata, frita con aceite s/e, sin sal","Patata, frita con aceite s/e, sin sal","Patata, frita con aceite s/e, sin sal","Potato, fried in oil unspecified, without salt",patata frita con aceite s e sin sal,,A0152 A0455 A0629 A0681 A0706 A0731 A0830 B1218 C0240 E0107 F0014 G0029 H0263 J0001 K0001 M0001 N0001 P0024 R0212 R0497 Z0111 Z0205,BEDCA,883,ES,es,generic,,,frito,,1.0,100g,288.77,1208.22,False,3.8,30.0,,30.0,17.125,1.66,3.23,8.81,4.264,,,3.0,10.0,0.025,True,0.0,46.0,0.0,15.0,0.9,35.0,73.0,700.0,0.6,,1.0,0.6,,12.0,0.0,0.7,0.19,0.0,40.0,0.12,0.04,1.6,,,0.0816,0.2856,5.692,2.754,6.161,0.918,0.0408,,,,,,,,,,,,,"Patata, frita con aceite s/e, sin sal",patata frita con aceite sin sal potato fried in oil unspecified without salt,"Potato, fried in oil unspecified, without salt",93,True,GRP-00617,OK,,,2026-09-20T03:50:39.818564+00:00,2026-09-20T03:50:39.818564+00:00
BEDCA-884,"Patata, salteada con aceite girasol","Patata, salteada con aceite girasol","Patata, salteada con aceite girasol","Potato, sauteed, with sunflowerseed oil",patata salteada con aceite girasol,,A0152 A0455 A0629 A0681 A0706 A0731 A0830 B1218 C0240 E0140 F0014 G0027 H0347 H0367 J0001 K0001 M0001 N0001 P0024 R0212 R0497 Z0109 Z0205,BEDCA,884,ES,es,generic,,,,,1.0,100g,134.07,560.95,False,1.946,13.992,0.836,13.156,7.838,1.7893,1.8914,3.9857,,,,1.472,6.68,0.0167,True,0.0,74.75,0.0,6.74,0.648,19.36,42.8,483.26,0.279,,1.0,0.6,1.68487,9.2,0.0,3.4552,0.2394,0.0,11.96,0.0922,0.028,0.9206,,,,,,,,,,,,,,,,,,,,,,"Patata, salteada con aceite girasol",patata salteada con aceite girasol potato sauteed with sunflowerseed oil,"Potato, sauteed, with sunflowerseed oil",98,True,GRP-00620,OK,,,2026-09-20T03:50:39.818564+00:00,2026-09-20T03:50:39.818564+00:00
BEDCA-886,"Puré de patata y queso, en copos","Puré de patata y queso, en copos","Puré de patata y queso, en copos","Mashed potato and cheese, flakes",pure de patata y queso en copos,,A0152 A0467 A0641 A0663 A0722 A0735 A0829 B1218 C0240 E0122 F0001 G0003 H0138 H0143 H0186 H0227 H0367 J0116 K0001 M0001 N0001 P0024 R0212 R0497 Z0112 Z0205,BEDCA,886,ES,es,generic,,,,,1.0,100g,460.11,1925.1,False,10.9,70.5,,,1.1,0.461,0.152,0.285,,,,6.6,1940.0,4.85,True,0.0,6.3,0.0,31.0,1.5,14.0,147.0,1352.0,0.0,0.0,0.0,0.0,0.0,27.0,0.0,0.0,0.0,0.0,0.0,0.17,0.08,4.6,0.0,0.0,,,,,,,,,,,,,,,,,,,,"Puré de patata y queso, en copos",pure de patata queso en copos mashed potato and cheese flakes,"Mashed potato and cheese, flakes",84,True,GRP-00697,REVIEW,"kcal declarada (460) se aleja de la estimada por macros (336), 37% de diferencia",,2026-09-20T03:50:39.818564+00:00,2026-09-20T03:50:39.818564+00:00
BEDCA-887,"Puré, de patata, con leche","Puré, de patata, con leche","Puré, de patata, con leche","Mashed potato with milk, flakes",pure de patata con leche,,A0152 A0467 A0641 A0663 A0722 A0735 A0829 B1218 C0240 E0122 F0001 G0003 H0138 H0184 H0212 H0227 J0116 K0001 M0001 N0001 P0024 R0212 R0497 Z0109 Z0112 Z0205,BEDCA,887,ES,es,generic,,,,,1.0,100g,94.45,395.18,False,2.2,13.7,1.0,12.7,3.375,1.9,0.67,0.13,,,,1.7,150.0,0.375,True,11.0,78.0,0.0,31.0,0.4,16.0,48.0,280.0,0.1648,,2.6,26.3,27.6667,6.0,,0.12,0.23,,15.0,0.09,0.04,0.7,,,,,,,,,,,,,,,,,,,,,,"Puré, de patata, con leche",pure de patata con leche mashed potato with milk flakes,"Mashed potato with milk, flakes",98,True,GRP-00694,OK,,,2026-09-20T03:50:39.818564+00:00,2026-09-20T03:50:39.818564+00:00
BEDCA-888,"Puré de patata, con verduras, en copos","Puré de patata, con verduras, en copos","Puré de patata, con verduras, en copos","Mashed potato with vegetables, flakes",pure de patata con verduras en copos,,A0152 A0467 A0641 A0663 A0722 A0735 A0829 B1218 C0240 E0122 F0001 G0003 H0138 H0212 H0227 J0116 K0027 M0001 N0001 P0024 R0212 R0497 Z0112 Z0205,BEDCA,888,ES,es,generic,,,,,1.0,100g,359.97,1506.1,False,4.0,74.8,,,4.5,,,0.1,,,,2.2,1931.0,4.8275,True,0.0,14.5,0.0,59.0,1.9,23.0,160.0,1413.0,0.1,0.05,1.0,0.0,0.3,25.4,0.0,0.1,0.03,0.02,0.0,0.16,0.09,4.4,0.1,0.5,,,,,,,,,,,,,,,,,,,,"Puré de patata, con verduras, en copos",pure de patata con verduras en copos mashed potato with vegetables flakes,"Mashed potato with vegetables, flakes",87,True,GRP-00695,OK,,,2026-09-20T03:50:39.818564+00:00,2026-09-20T03:50:39.818564+00:00
BEDCA-891,"Tapioca, hervida","Tapioca, hervida","Tapioca, hervida","Tapioca, boiled",tapioca hervida,,A0152 A0455 A0629 A0681 A0706 A0731 A0826 B1352 C0203 E0106 F0014 G0014 H0001 J0001 K0003 M0001 N0001 P0024 R0212 R0497 Z0052 Z0215,BEDCA,891,ES,es,generic,,,hervido,,1.0,100g,126.77,530.4,False,0.2,31.0,0.0,31.0,,,,,,,,0.2,4.0,0.01,True,0.0,68.6,0.0,11.0,1.0,3.0,20.0,20.0,,,,0.0,0.0,0.0,0.0,0.0,,0.0,0.0,,,,,,,,,,,,,,,,,,,,,,,,,"Tapioca, hervida",tapioca hervida boiled,"Tapioca, boiled",87,True,GRP-00857,OK,,,2026-09-20T03:50:39.818564+00:00,2026-09-20T03:50:39.818564+00:00
BEDCA-892,"Tomate, maduro, puré","Tomate, maduro, puré","Tomate, maduro, puré","Tomato, ripe, puree",tomate maduro pure,,A0152 A0455 A0629 A0663 A0705 A0731 A0826 B1276 C0167 E0110 F0014 G0001 H0001 J0123 K0001 M0001 N0001 P0024 R0212 R0497 Z0052 Z0112,BEDCA,892,ES,es,generic,,,,,1.0,100g,72.47,303.2,False,4.5,12.9,,,0.2,,,0.1,,,,2.8,240.0,0.6,True,0.0,79.6,0.0,48.0,1.6,48.0,94.0,236.0,0.7,,23.5,0.3,216.67,38.0,0.0,5.37,0.44,0.0,54.0,0.22,0.12,4.1,,,,,,,,,,,,,,,,,,,,,,"Tomate, maduro, puré",tomate maduro pure tomato ripe puree,"Tomato, ripe, puree",87,True,GRP-00872,OK,,,2026-09-20T03:50:39.818564+00:00,2026-09-20T03:50:39.818564+00:00
BEDCA-893,Almidón de arroz,Almidón de arroz,Almidón de arroz,Rice starch,almidon de arroz,,A0149 A0457 A0631 A0662 A0696 A0729 A0814 B1322 C0203 E0106 F0003 G0003 H0134 H0138 J0003 K0003 M0001 N0001 P0024 R0212 R0497 Z0205 Z0215,BEDCA,893,ES,es,generic,,,,,1.0,100g,348.45,1457.92,False,0.76,85.0,,,0.0,0.0,0.0,0.0,,,,0.0,61.0,0.1525,True,0.0,14.2,0.0,20.0,0.28,20.0,100.0,8.0,0.5,,0.6,0.0,0.0,0.0,0.0,0.0,0.0,0.0,0.0,0.0,0.0,0.2,,,,,,,,,,,,,,,,,,,,,,Almidón de arroz,almidon de arroz rice starch,Rice starch,93,True,GRP-00045,OK,,,2026-09-20T03:50:39.818564+00:00,2026-09-20T03:50:39.818564+00:00
BEDCA-894,"Trufa, cruda","Trufa, cruda","Trufa, cruda","Truffle, raw",trufa cruda,,A0152 A0455 A0629 A0650 A0705 A0731 A0826 B1387 C0296 E0150 F0003 G0003 H0003 J0001 K0001 M0001 N0001 P0024 R0212 Z0205 Z0215,BEDCA,894,ES,es,generic,,,crudo,,1.0,100g,93.81,392.5,False,9.0,13.0,,,0.5,,,,,,,16.5,77.0,0.1925,True,,61.0,0.0,24.0,3.5,28.0,62.0,431.0,,,,,,,,,,,,,,,,,,,,,,,,,,,,,,,,,,,,"Trufa, cruda",trufa cruda truffle raw,"Truffle, raw",87,True,GRP-00880,OK,,,2026-09-20T03:50:39.818564+00:00,2026-09-20T03:50:39.818564+00:00
BEDCA-895,Almidón de trigo,Almidón de trigo,Almidón de trigo,Wheat starch,almidon de trigo,,A0149 A0457 A0631 A0662 A0696 A0729 A0812 B1312 C0203 E0106 F0003 G0003 H0134 H0138 J0003 K0003 M0001 N0001 P0024 R0212 R0497 Z0205 Z0215,BEDCA,895,ES,es,generic,,,,,1.0,100g,352.7,1475.68,False,0.4,86.1,,,0.0,0.0,0.0,0.0,,,,0.0,2.0,0.005,True,0.0,13.4,0.0,0.0,0.0,20.0,100.0,16.0,0.5,,0.6,0.0,0.0,0.0,0.0,0.0,0.0,0.0,0.0,0.0,0.0,0.2,,,,,,,,,,,,,,,,,,,,,,Almidón de trigo,almidon de trigo wheat starch,Wheat starch,93,True,GRP-00047,OK,,,2026-09-20T03:50:39.818564+00:00,2026-09-20T03:50:39.818564+00:00
BEDCA-896,"Almendra, cruda","Almendra, cruda","Almendra, cruda","Almond, raw",almendra cruda,,A0260 A0455 A0629 A0652 A0703 A0730 A0823 B1272 C0133 E0131 F0003 G0003 H0001 J0001 K0003 M0001 N0001 P0024 R0212 R0497 Z0205 Z0215,BEDCA,896,ES,es,generic,,,crudo,,0.55,100g,586.19,2452.6,False,19.1333,6.2038,5.29926,0.109091,45.22,4.32,27.98,11.14,,,,8.3475,10.3625,0.0259,True,0.0,5.86818,0.0,248.25,3.5875,258.125,524.875,767.25,3.6,1.0,2.0,4.0,0.0,,0.0,24.0,0.11,0.0,70.0,0.21,0.78,5.3,0.44,64.0,,0.03,2.98,1.08,27.3,11.06,0.05,,,,,,,,,,,,,"Almendra, cruda",almendra cruda almond raw,"Almond, raw",98,True,GRP-00042,OK,,,2026-09-20T03:50:39.818564+00:00,2026-09-20T03:50:39.818564+00:00
BEDCA-897,"Almendra, frita, salada","Almendra, frita, salada","Almendra, frita, salada","Almond, fried, salted",almendra frita salada,,A0260 A0455 A0629 A0652 A0703 A0730 A0823 B1272 C0133 E0151 F0014 G0025 H0173 H0263 J0001 K0001 M0001 N0001 P0024 R0212 R0497 Z0112 Z0205,BEDCA,897,ES,es,generic,,,frito,,1.0,100g,590.37,2470.1,False,19.0,4.5,2.8,1.7,55.9623,4.4232,38.5453,10.5315,,,,15.0,400.0,1.0,True,0.0,3.0,0.0,250.0,4.2,250.0,470.0,800.0,3.2,,1.0,4.4,0.0,0.0,0.0,24.0,0.08,0.0,70.0,0.23,0.75,2.5,,,,,,,,,,,,,,,,,,,,,,"Almendra, frita, salada",almendra frita salada almond fried salted,"Almond, fried, salted",98,True,GRP-00043,OK,,,2026-09-20T03:50:39.818564+00:00,2026-09-20T03:50:39.818564+00:00
BEDCA-898,"Alubia blanca, en conserva","Alubia blanca, en conserva","Alubia blanca, en conserva","White bean, canned",alubia blanca en conserva,,A0152 A0455 A0629 A0679 A0704 A0730 A0831 B1567 C0133 E0150 F0014 G0014 H0148 H0367 J0123 K0017 M0194 N0001 P0024 R0212 R0497 Z0112 Z0205,BEDCA,898,ES,es,generic,,,en_conserva,,1.0,100g,93.11,389.59,False,6.7,15.7,1.0,14.7,0.2375,0.07,,0.12,,,,4.4,4.0,0.01,True,0.0,72.5,0.0,71.0,2.8,39.0,84.0,362.0,2.3,,2.0,16.0,,0.0,0.0,0.05,0.07,0.0,60.0,0.1,0.04,0.1,,,,,,,,,,,,,,,,,,,,,,"Alubia blanca, en conserva",alubia blanca en conserva white bean canned,"White bean, canned",98,True,GRP-00049,OK,,,2026-09-20T03:50:39.818564+00:00,2026-09-20T03:50:39.818564+00:00
BEDCA-899,"Alubia blanca, seca, cruda","Alubia blanca, seca, cruda","Alubia blanca, seca, cruda","White bean, dried, raw",alubia blanca seca cruda,,A0152 A0455 A0629 A0679 A0704 A0730 A0831 B1567 C0133 E0150 F0003 G0003 H0138 J0116 J0123 K0003 M0001 N0001 P0024 R0212 R0497 Z0052 Z0215,BEDCA,899,ES,es,generic,,,crudo,,1.0,100g,271.35,1135.32,False,22.225,41.6364,2.4,39.2364,1.3425,0.278796,0.0977,0.697519,,0.231,0.276,19.7,13.7,0.0343,True,0.0,10.8,0.0,138.667,5.19,135.3,470.0,1718.0,3.655,0.69,1.6,3.2,1.08333,1.7,0.0,1.125,0.46,0.0,308.0,0.5,0.165,2.4,0.78,,0.0,0.001,0.285,0.018,0.102,0.276,0.231,0.0,0.0,0.0,,,,,,,,,,"Alubia blanca, seca, cruda",alubia blanca seca cruda white bean dried raw,"White bean, dried, raw",98,True,GRP-00050,OK,,,2026-09-20T03:50:39.818564+00:00,2026-09-20T03:50:39.818564+00:00
BEDCA-900,"Alubia negra, seca, remojada, hervida","Alubia negra, seca, remojada, hervida","Alubia negra, seca, remojada, hervida","Pinto bean, dried, steeped, boiled",alubia negra seca remojada hervida,,A0152 A0455 A0629 A0679 A0704 A0730 A0831 B1368 C0133 E0131 F0014 G0014 G0036 H0138 J0116 K0001 M0001 N0001 P0024 R0212 R0497 Z0052 Z0112,BEDCA,900,ES,es,generic,,,hervido,,1.0,100g,91.67,383.56,False,8.4,13.7,0.9,12.8,0.2125,,,0.17,,,,8.7,3.0,0.0075,True,0.0,68.9,0.0,66.0,2.5,47.0,130.0,420.0,2.3,,2.0,16.0,0.666667,1.0,0.0,0.24,0.1,0.0,74.0,0.16,0.06,0.5,,,,,,,,,,,,,,,,,,,,,,"Alubia negra, seca, remojada, hervida",alubia negra seca remojada hervida pinto bean dried steeped boiled,"Pinto bean, dried, steeped, boiled",93,True,GRP-00051,OK,,,2026-09-20T03:50:39.818564+00:00,2026-09-20T03:50:39.818564+00:00
BEDCA-901,Crema de coco,Crema de coco,Crema de coco,Coconut cream,crema de coco,,A0148 A0467 A0641 A0722 A0724 A0776 A0782 B1201 C0235 E0119 F0014 G0014 H0147 H0158 H0184 H0185 J0131 K0003 M0273 N0040 P0024 R0212 R0497 Z0112,BEDCA,901,ES,es,generic,,,,,1.0,100g,124.02,518.9,False,2.9,19.1,,,3.5,2.1,0.96,0.24,,,,0.01,55.0,0.1375,True,11.0,73.4,0.0,113.0,0.15,14.0,104.0,160.0,0.33,,13.4,2.0,34.0,0.8,0.1,0.4,0.037,0.4,0.31,0.033,0.14,0.084,,,,,,,,,,,,,,,,,,,,,,Crema de coco,crema de coco coconut cream,Coconut cream,93,True,GRP-00298,OK,,,2026-09-20T03:50:39.818564+00:00,2026-09-20T03:50:39.818564+00:00
BEDCA-902,"Crema de chocolate, baja en calorías","Crema de chocolate, baja en calorías","Crema de chocolate, baja en calorías","Chocolate cream, low calorie",crema de chocolate baja en calorias,,A0272 A0467 A0641 A0663 A0722 A0733 A0839 B1318 C0001 E0119 F0014 G0003 H0157 H0158 H0184 H0227 H0231 H0248 J0123 K0003 M0187 M0194 N0036 P0024 R0212 R0497 Z0112,BEDCA,902,ES,es,generic,,,,,1.0,100g,74.86,313.2,False,3.6,13.9,,,3.4,0.5,1.8,0.9,,,,0.4,58.0,0.145,True,1.4,79.1,0.0,111.0,0.2,19.7,105.0,158.0,0.6,,17.0,2.8,19.8,1.2,0.05,0.5,0.05,0.4,0.31,0.04,0.16,1.0,,,,,,,,,,,,,,,,,,,,,,"Crema de chocolate, baja en calorías",crema de chocolate baja en calorias cream low calorie,"Chocolate cream, low calorie",93,True,GRP-00295,OK,,,2026-09-20T03:50:39.818564+00:00,2026-09-20T03:50:39.818564+00:00
BEDCA-903,Crema de chocolate y nata,Crema de chocolate y nata,Crema de chocolate y nata,Chocolate and cream pudding,crema de chocolate y nata,,A0272 A0467 A0641 A0663 A0722 A0733 A0839 B1318 C0001 E0119 F0014 G0003 H0158 H0165 H0184 H0231 H0247 H0296 J0123 K0003 M0187 M0194 N0036 P0024 R0212 R0497 Z0112,BEDCA,903,ES,es,generic,,,,,1.0,100g,86.14,360.4,False,3.9,9.9,,,3.4,2.6,1.0,0.1,,,,0.5,61.0,0.1525,True,7.0,82.8,0.0,125.0,0.3,19.6,99.0,140.0,0.5,,14.1,2.3,18.6,1.0,0.05,0.1,0.04,0.4,0.35,0.03,0.17,0.8,,,,,,,,,,,,,,,,,,,,,,Crema de chocolate y nata,crema de chocolate nata and cream pudding,Chocolate and cream pudding,93,True,GRP-00297,OK,,,2026-09-20T03:50:39.818564+00:00,2026-09-20T03:50:39.818564+00:00
BEDCA-904,"Arroz integral, crudo","Arroz integral, crudo","Arroz integral, crudo","Rice, brown, raw",arroz integral crudo,,A0125 A0457 A0631 A0696 A0729 A0814 B1322 C0133 E0150 F0003 G0003 H0003 J0116 K0003 M0001 N0001 P0024 R0212 R0497 Z0112 Z0205,BEDCA,904,ES,es,generic,,,crudo,,1.0,100g,384.11,1607.11,False,7.5,81.3,,72.7,2.63529,0.52,0.83,0.89,,,,3.0,6.0,0.015,True,0.0,11.4,0.0,21.0,1.7,143.0,303.0,223.0,1.8,0.85,2.2,2.0,0.0,0.0,0.0,0.6,0.51,0.0,40.0,0.39,0.08,6.8,1.5,,,,,,,,,,,,,,,,,,,,,"Arroz integral, crudo",arroz integral crudo rice brown raw,"Rice, brown, raw",93,True,GRP-00068,OK,,,2026-09-20T03:50:39.818564+00:00,2026-09-20T03:50:39.818564+00:00
BEDCA-907,"Leche condensada, entera, con azúcar","Leche condensada, entera, con azúcar","Leche condensada, entera, con azúcar","Milk, whole, condensed, with sugar",leche condensada entera con azucar,,A0148 A0452 A0626 A0719 A0724 A0740 A0779 B1201 C0235 E0139 F0018 G0003 H0136 H0138 J0135 K0003 M0001 N0001 P0024 R0212 R0497 Z0112,BEDCA,907,ES,es,generic,,,,,1.0,100g,334.32,1398.8,False,8.5095,53.65,53.65,0.0,9.2455,6.0907,2.41528,0.231026,,,,0.0,124.5,0.3113,True,30.0,25.3015,0.0,289.0,0.1625,28.35,232.5,370.0,0.536,,160.0,3.0,97.5,1.5,0.1,0.185,0.06,0.505,8.0,0.085,0.465,0.22,,,,,,,,,,,,,,,,,,,,,,"Leche condensada, entera, con azúcar",leche condensada entera con azucar milk whole condensed with sugar,"Milk, whole, condensed, with sugar",98,True,GRP-00441,OK,,,2026-09-20T03:50:39.818564+00:00,2026-09-20T03:50:39.818564+00:00
BEDCA-908,"Coco, desecado","Coco, desecado","Coco, desecado","Coconut, dried",coco desecado,,A0260 A0467 A0629 A0703 A0730 A0756 A0834 B1536 C0208 E0100 F0001 G0003 H0138 J0144 K0003 M0001 N0001 P0024 R0212 R0495 Z0112 Z0205,BEDCA,908,ES,es,generic,,,deshidratado,,1.0,100g,586.04,2452.0,False,6.2,11.8,,,58.0,49.9,3.8,0.9,,,,17.0,37.0,0.0925,True,0.0,7.0,0.0,26.0,3.32,90.0,206.0,543.0,2.01,0.8,0.3,18.5,0.0,2.0,0.0,0.7,0.3,0.0,9.0,0.03,0.02,0.3,0.63,,,,,,,,,,,,,,,,,,,,,"Coco, desecado",coco desecado coconut dried,"Coconut, dried",93,True,GRP-00259,OK,,,2026-09-20T03:50:39.818564+00:00,2026-09-20T03:50:39.818564+00:00
BEDCA-909,"Coco, fresco","Coco, fresco","Coco, fresco","Coconut, raw",coco fresco,,A0260 A0467 A0629 A0652 A0703 A0730 A0823 B1536 C0208 E0150 F0003 G0003 H0003 J0001 K0003 M0001 N0001 P0024 R0001 Z0112 Z0205,BEDCA,909,ES,es,generic,,,crudo,,0.71,100g,371.41,1554.0,False,3.3,15.2,,,33.5,29.7,1.4,0.37,,,,9.0,17.0,0.0425,True,0.0,39.0,0.0,13.0,2.1,52.0,94.0,405.0,0.5,0.43,1.0,10.1,0.0,2.0,0.0,0.7,0.04,0.0,26.0,0.03,0.02,1.1,0.3,,,,,,,,,,,,,,,,,,,,,"Coco, fresco",coco fresco coconut raw,"Coconut, raw",93,True,GRP-00260,OK,,,2026-09-20T03:50:39.818564+00:00,2026-09-20T03:50:39.818564+00:00
BEDCA-911,Leche de coco,Leche de coco,Leche de coco,Coconut milk,leche de coco,,A0112 A0465 A0667 A0709 A0734 A0840 B1536 C0208 E0109 F0014 G0003 H0148 J0123 K0003 M0001 N0001 P0024 R0212 R0497 Z0112,BEDCA,911,ES,es,generic,,,,,1.0,100g,207.86,869.7,False,2.0,2.8,,,21.3,18.3,1.4,0.3,,,,,13.0,0.0325,True,0.0,73.9,0.0,18.0,3.3,46.0,96.0,220.0,0.67,0.27,0.7,6.2,0.0,1.0,0.0,0.7,0.03,0.0,14.0,0.03,0.03,0.64,0.15,,,,,,,,,,,,,,,,,,,,,Leche de coco,leche de coco coconut milk,Coconut milk,87,True,GRP-00444,OK,,,2026-09-20T03:50:39.818564+00:00,2026-09-20T03:50:39.818564+00:00
BEDCA-912,"Leche en polvo, semidesnatada","Leche en polvo, semidesnatada","Leche en polvo, semidesnatada","Milk, semi-skimmed, dried",leche en polvo semidesnatada,,A0148 A0452 A0626 A0719 A0724 A0740 A0781 B1201 C0235 E0106 F0018 G0003 H0138 H0247 J0116 K0003 M0147 N0042 P0024 P0039 R0212 R0497 Z0112,BEDCA,912,ES,es,generic,,,deshidratado,,1.0,100g,443.56,1855.86,False,29.8,43.9,43.9,0.0,16.2963,9.7,5.1,0.6,,,,0.0,510.0,1.275,True,60.0,3.5,0.0,1050.0,0.3,105.0,930.0,1280.0,4.1,,27.0,7.4,188.333,4.0,0.1,0.4,0.2,2.9,30.0,0.4,1.2,1.0,,,,,,,,,,,,,,,,,,,,,,"Leche en polvo, semidesnatada",leche en polvo semidesnatada milk semi skimmed dried,"Milk, semi-skimmed, dried",98,True,GRP-00449,OK,,,2026-09-20T03:50:39.818564+00:00,2026-09-20T03:50:39.818564+00:00
BEDCA-913,Leche merengada,Leche merengada,Leche merengada,"Milk, whipped",leche merengada,,A0148 A0452 A0626 A0719 A0724 A0740 A0780 B1201 C0235 E0123 F0018 G0014 H0100 H0158 H0205 J0135 K0003 M0001 N0001 P0024 R0212 R0497 Z0112,BEDCA,913,ES,es,generic,Milk and dairy products,Dairy dessert and similar,,,1.0,100g,83.96,351.3,False,3.0,10.7,,,3.2,22.1,7.6,0.8,,,,0.0,26.2,0.0655,True,14.0,83.1,0.0,110.0,0.21,12.0,100.0,87.3,,,11.6,1.7,46.06,0.1,0.03,0.09,0.04,0.2,0.77,0.04,0.19,0.09,,,,,,,,,,,,,,,,,,,,,,Leche merengada,leche merengada milk whipped,"Milk, whipped",93,True,GRP-00452,OK,,,2026-09-20T03:50:39.818564+00:00,2026-09-20T03:50:39.818564+00:00
BEDCA-914,"Frambuesa, cruda","Frambuesa, cruda","Frambuesa, cruda","Raspberry, raw",frambuesa cruda,,A0143 A0455 A0629 A0671 A0707 A0732 A0833 B1494 C0140 E0150 F0003 G0003 H0003 J0001 K0003 M0001 N0001 P0024 R0212 R0497 Z0112 Z0205,BEDCA,914,ES,es,generic,,,crudo,,0.73,100g,37.96,158.82,False,1.2,7.0,7.0,,0.525,,,0.34,,,,6.7,3.0,0.0075,True,0.0,84.0,0.0,22.0,0.7,20.0,29.0,220.0,0.3,0.1,0.0,0.1,2.0,25.0,0.0,0.2,0.06,0.0,40.0,0.03,0.04,0.8,0.24,1.9,,,,,,,,,,,,,,,,,,,,"Frambuesa, cruda",frambuesa cruda raspberry raw,"Raspberry, raw",93,True,GRP-00335,OK,,,2026-09-20T03:50:39.818564+00:00,2026-09-20T03:50:39.818564+00:00
BEDCA-915,"Leche, desnatada, pasteurizada","Leche, desnatada, pasteurizada","Leche, desnatada, pasteurizada","Milk, skimmed, pasteurized",leche desnatada pasteurizada,,A0148 A0452 A0626 A0719 A0724 A0740 A0780 B1201 C0235 E0123 F0018 G0003 H0248 J0135 K0003 M0001 N0001 P0039 R0212 R0497 Z0112,BEDCA,915,ES,es,generic,,,,,1.0,100g,33.87,141.7,False,3.3,4.6,4.6,0.0,0.2,,,,,,,0.0,45.0,0.1125,True,2.0,91.9,0.0,112.0,0.1,10.5,88.0,174.0,0.4,,16.0,2.8,0.0,1.0,0.01,0.01,0.02,0.22,2.9,0.05,0.16,0.09,,,,,,,,,,,,,,,,,,,,,,"Leche, desnatada, pasteurizada",leche desnatada pasteurizada milk skimmed pasteurized,"Milk, skimmed, pasteurized",93,True,GRP-00448,OK,,,2026-09-20T03:50:39.818564+00:00,2026-09-20T03:50:39.818564+00:00
BEDCA-916,"Leche, semidesnatada, pasteurizada","Leche, semidesnatada, pasteurizada","Leche, semidesnatada, pasteurizada","Milk, semi-skimmed, pasteurized",leche semidesnatada pasteurizada,,A0148 A0452 A0626 A0719 A0724 A0740 A0780 B1201 C0235 E0123 F0018 G0003 H0247 J0135 K0003 M0001 N0001 P0024 R0212 R0497 Z0112,BEDCA,916,ES,es,generic,,,,,1.0,100g,45.84,191.8,False,3.2,4.6,4.6,0.0,1.6,0.95,0.48,0.05,,,,0.0,46.0,0.115,True,5.0,89.6,0.0,114.0,0.04,10.0,85.0,166.0,0.4,,8.6,1.5,20.5,3.0,0.01,0.08,0.03,0.4,5.0,0.05,0.17,0.1,,,,,,,,,,,,,,,,,,,,,,"Leche, semidesnatada, pasteurizada",leche semidesnatada pasteurizada milk semi skimmed pasteurized,"Milk, semi-skimmed, pasteurized",98,True,GRP-00453,OK,,,2026-09-20T03:50:39.818564+00:00,2026-09-20T03:50:39.818564+00:00
BEDCA-917,"Mousse de queso fresco, con frutas","Mousse de queso fresco, con frutas","Mousse de queso fresco, con frutas","Mousse, cottage cheese, with fruits",mousse de queso fresco con frutas,,A0185 A0452 A0626 A0720 A0724 A0776 A0786 B1201 C0113 E0134 F0018 G0003 H0117 H0136 H0147 H0178 J0136 K0003 M0001 N0001 P0024 R0212 R0497 Z0112,BEDCA,917,ES,es,generic,,,crudo,,1.0,100g,134.7,563.6,False,5.4,16.0,,,5.4,2.311,1.036,0.124,,,,0.2,344.0,0.86,True,13.0,73.2,0.0,53.0,0.16,7.0,113.0,90.0,0.33,,8.0,7.7,45.2,1.4,0.14,0.04,0.068,0.53,11.0,0.033,0.142,0.15,,,,,,,,,,,,,,,,,,,,,,"Mousse de queso fresco, con frutas",mousse de queso fresco con frutas cottage cheese with fruits,"Mousse, cottage cheese, with fruits",93,True,GRP-00536,OK,,,2026-09-20T03:50:39.818564+00:00,2026-09-20T03:50:39.818564+00:00
BEDCA-918,"Mousse de queso fresco, desnatado, azucarado","Mousse de queso fresco, desnatado, azucarado","Mousse de queso fresco, desnatado, azucarado","Mousse, cottage cheese, skimmed, with sugar",mousse de queso fresco desnatado azucarado,,A0185 A0452 A0626 A0720 A0724 A0776 A0786 B1201 C0113 E0119 F0018 G0003 H0136 H0178 H0248 J0136 K0003 M0001 N0001 P0024 R0212 R0497 Z0112,BEDCA,918,ES,es,generic,,,crudo,,1.0,100g,105.62,441.9,False,8.5,11.4,,,2.8,0.3,,,,,,0.0,44.0,0.11,True,7.1,77.3,0.0,114.0,0.1,11.0,117.0,127.0,0.3,,9.7,1.7,15.9,0.7,0.07,,62.7,0.2,3.9,0.02,0.15,0.5,,,,,,,,,,,,,,,,,,,,,,"Mousse de queso fresco, desnatado, azucarado",mousse de queso fresco desnatado azucarado cottage cheese skimmed with sugar,"Mousse, cottage cheese, skimmed, with sugar",93,True,GRP-00537,OK,,,2026-09-20T03:50:39.818564+00:00,2026-09-20T03:50:39.818564+00:00
BEDCA-919,"Mousse de queso fresco, desnatado, con frutas","Mousse de queso fresco, desnatado, con frutas","Mousse de queso fresco, desnatado, con frutas","Mousse, cottage cheese, skimmed, with fruit",mousse de queso fresco desnatado con frutas,,A0185 A0452 A0626 A0720 A0724 A0776 A0786 B1201 C0113 E0134 F0018 G0003 H0136 H0147 H0178 H0248 J0136 K0003 M0001 N0001 P0024 R0212 R0497 Z0112,BEDCA,919,ES,es,generic,,,crudo,,1.0,100g,116.68,488.2,False,5.6,19.2,,,1.8,0.619,0.282,0.039,,,,0.3,30.0,0.075,True,3.0,73.1,0.0,85.0,0.2,11.0,60.0,110.0,0.2,,9.7,4.5,13.5,4.0,0.05,0.01,89.2,0.49,5.9,0.01,0.11,0.1,,,,,,,,,,,,,,,,,,,,,,"Mousse de queso fresco, desnatado, con frutas",mousse de queso fresco desnatado con frutas cottage cheese skimmed with fruit,"Mousse, cottage cheese, skimmed, with fruit",93,True,GRP-00538,OK,,,2026-09-20T03:50:39.818564+00:00,2026-09-20T03:50:39.818564+00:00
BEDCA-920,"Mousse de yogur, con frutas","Mousse de yogur, con frutas","Mousse de yogur, con frutas","Yogurt mousse, with fruits",mousse de yogur con frutas,,A0101 A0452 A0626 A0721 A0724 A0776 A0783 B1201 C0235 E0134 F0014 G0003 H0101 H0147 H0158 H0165 H0178 H0184 H0227 H0263 H0296 J0123 K0003 M0187 N0036 P0024 R0212 R0497 Z0112,BEDCA,920,ES,es,generic,,,,,1.0,100g,144.57,604.9,False,3.3,17.7,,,6.7,,,,,,,,,,False,,72.3,0.0,,,,,,,,,,45.2,,0.14,,,,,,0.14,,,,,,,,,,,,,,,,,,,,,,,"Mousse de yogur, con frutas",mousse de yogur con frutas yogurt with fruits,"Yogurt mousse, with fruits",76,True,GRP-00539,OK,,,2026-09-20T03:50:39.818564+00:00,2026-09-20T03:50:39.818564+00:00
BEDCA-921,"Mousse de yogur, natural","Mousse de yogur, natural","Mousse de yogur, natural","Yogurt mousse, plain",mousse de yogur natural,,A0101 A0452 A0626 A0721 A0724 A0776 A0783 B1201 C0235 E0119 F0014 G0003 H0101 H0158 H0165 H0178 H0184 H0263 H0296 J0123 K0003 M0187 N0036 P0024 R0212 R0497 Z0112,BEDCA,921,ES,es,generic,,,,,1.0,100g,165.2,691.2,False,4.4,15.8,,,9.4,,,,,,,,46.0,0.115,True,,70.4,0.0,127.0,0.1,13.0,95.0,159.0,0.35,,,,45.9,,0.23,,0.09,0.25,4.1,,0.16,,,,,,,,,,,,,,,,,,,,,,,"Mousse de yogur, natural",mousse de yogur natural yogurt plain,"Yogurt mousse, plain",82,True,GRP-00540,OK,,,2026-09-20T03:50:39.818564+00:00,2026-09-20T03:50:39.818564+00:00
BEDCA-922,"Anacardo, crudo","Anacardo, crudo","Anacardo, crudo","Cashew nut, raw",anacardo crudo,,A0260 A0467 A0629 A0652 A0703 A0730 A0823 B1221 C0155 E0150 F0003 G0003 H0001 J0001 K0003 M0001 N0001 P0024 R0001 Z0205 Z0215,BEDCA,922,ES,es,generic,,,crudo,,1.0,100g,574.31,2402.9,False,17.5,32.0,,25.6,43.1,8.71,27.74,8.01,,,,1.4,14.0,0.035,True,0.0,6.9,0.0,31.0,2.8,267.0,373.0,552.0,4.8,,0.01,34.0,10.0,0.0,0.0,5.8,0.16,0.0,68.0,0.63,0.26,2.0,,,,0.02,4.42,3.58,25.96,8.08,0.09,,,,,,,,,,,,,"Anacardo, crudo",anacardo crudo cashew nut raw,"Cashew nut, raw",93,True,GRP-00052,OK,,,2026-09-20T03:50:39.818564+00:00,2026-09-20T03:50:39.818564+00:00
BEDCA-923,"Nata, líquida, para cocinar, 18% de grasa","Nata, líquida, para cocinar, 18% de grasa","Nata, líquida, para cocinar, 18% de grasa","Cream, 18 % fat, uht",nata liquida para cocinar 18 de grasa,,A0148 A0453 A0627 A0721 A0724 A0773 A0778 B1201 C0160 E0123 F0014 G0003 H0001 J0135 K0003 M0001 N0001 P0024 R0212 R0497 Z0112,BEDCA,923,ES,es,generic,,,,,1.0,100g,200.78,840.08,False,2.51,3.4,3.4,0.0,19.9894,12.7,5.7,0.49,,,,0.0,45.0,0.1125,True,70.0,73.9,0.0,94.0,0.2,9.0,65.0,130.0,0.2,,2.9,,196.667,1.0,0.7,0.5,0.02,0.25,,0.03,0.5,0.07,,,,,,,,,,,,,,,,,,,,,,"Nata, líquida, para cocinar, 18% de grasa",nata liquida para cocinar 18 de grasa cream fat uht,"Cream, 18 % fat, uht",98,True,GRP-00547,OK,,,2026-09-20T03:50:39.818564+00:00,2026-09-20T03:50:39.818564+00:00
BEDCA-924,"Petit suïsse, cereales y fruta","Petit suïsse, cereales y fruta","Petit suïsse, cereales y fruta","Petit-suisse type cheese, with cereal and fruit",petit suisse cereales y fruta,,A0185 A0452 A0626 A0721 A0724 A0776 A0783 B1201 C0245 E0134 F0018 G0003 H0101 H0136 H0147 H0152 H0227 H0296 J0109 J0131 K0003 M0188 N0036 N0042 P0024 R0212 R0497 Z0112,BEDCA,924,ES,es,generic,,,,,1.0,100g,165.27,691.5,False,7.2,16.5,,,7.8,2.27,1.03,0.1,0.2433,,0.104,0.07,40.0,0.1,True,10.0,68.4,0.0,96.0,0.2,13.0,175.0,120.0,0.3,,8.0,0.4,64.2,,0.18,0.12,0.05,0.3,4.0,0.03,0.14,0.1,,,0.16,0.532,1.545,0.636,0.948,0.099,0.022,0.005,0.002,,,,,,,,,,,"Petit suïsse, cereales y fruta",petit suisse cereales fruta type cheese with cereal and fruit,"Petit-suisse type cheese, with cereal and fruit",93,True,GRP-00646,OK,,,2026-09-20T03:50:39.818564+00:00,2026-09-20T03:50:39.818564+00:00
BEDCA-925,"Cacahuete, frito, salado","Cacahuete, frito, salado","Cacahuete, frito, salado","Peanut, fried, salted",cacahuete frito salado,,A0260 A0455 A0629 A0652 A0703 A0730 A0824 B1337 C0155 E0151 F0014 G0025 H0173 H0263 J0001 K0003 M0001 N0001 P0024 R0212 R0497 Z0112 Z0205,BEDCA,925,ES,es,generic,,,frito,,1.0,100g,589.99,2468.51,False,26.8,8.9,4.9,4.0,50.3138,9.5,24.2,14.4,,,,8.4,430.0,1.075,True,0.0,2.6,0.0,62.0,2.5,180.0,387.0,720.0,2.9,,19.0,4.0,0.0,0.0,0.0,8.5,0.3,0.0,52.0,0.25,0.12,15.0,,,,,,,,,,,,,,,,,,,,,,"Cacahuete, frito, salado",cacahuete frito salado peanut fried salted,"Peanut, fried, salted",98,True,GRP-00146,OK,,,2026-09-20T03:50:39.818564+00:00,2026-09-20T03:50:39.818564+00:00
BEDCA-926,"Petit suisse, chocolate","Petit suisse, chocolate","Petit suisse, chocolate","Petit-suisse type cheese, chocolate flavour",petit suisse chocolate,,A0185 A0452 A0626 A0721 A0724 A0776 A0783 B1201 C0245 E0134 F0018 G0003 H0101 H0136 H0227 H0231 H0296 J0109 J0131 K0003 M0188 N0036 N0042 P0024 R0212 R0497 Z0112,BEDCA,926,ES,es,generic,,,,,1.0,100g,174.43,729.8,False,4.3,24.7,,,6.4,2.54,1.14,0.12,0.2433,,0.104,0.0,38.0,0.095,True,11.0,64.6,0.0,96.0,0.2,15.0,77.0,117.0,0.3,,8.0,0.4,40.5,0.0,0.3,0.1,0.57,0.3,3.0,0.04,0.14,0.2,,,0.16,0.532,1.545,0.636,0.948,0.099,0.022,0.005,0.002,,,,,,,,,,,"Petit suisse, chocolate",petit suisse chocolate type cheese flavour,"Petit-suisse type cheese, chocolate flavour",93,True,GRP-00647,OK,,,2026-09-20T03:50:39.818564+00:00,2026-09-20T03:50:39.818564+00:00
BEDCA-927,"Petit suisse, fresa","Petit suisse, fresa","Petit suisse, fresa","Petit-suisse type cheese, strawberry flavour",petit suisse fresa,,A0185 A0452 A0626 A0721 A0724 A0776 A0783 B1201 C0245 E0134 F0018 G0003 H0101 H0136 H0147 H0227 H0296 J0109 J0131 K0003 M0188 N0036 N0042 P0024 R0212 R0497 Z0112,BEDCA,927,ES,es,generic,,,,,1.0,100g,127.25,532.4,False,7.0,16.7,,,3.5,2.54,1.14,0.12,0.2433,,0.104,0.1,35.0,0.0875,True,11.0,72.7,0.0,120.0,0.1,13.0,81.0,109.0,0.2,,8.0,0.4,29.2,0.0,0.09,0.1,0.04,0.2,4.5,0.04,,0.2,,,0.16,0.532,1.545,0.636,0.948,0.099,0.022,0.005,0.002,,,,,,,,,,,"Petit suisse, fresa",petit suisse fresa type cheese strawberry flavour,"Petit-suisse type cheese, strawberry flavour",93,True,GRP-00648,OK,,,2026-09-20T03:50:39.818564+00:00,2026-09-20T03:50:39.818564+00:00
BEDCA-928,"Petit líquido, sabor fresa","Petit líquido, sabor fresa","Petit líquido, sabor fresa","Petit type cheese, liquid, strawberry flavour",petit liquido sabor fresa,,A0185 A0452 A0626 A0721 A0724 A0776 A0783 B1201 C0245 E0123 F0018 G0003 H0101 H0136 H0147 H0227 H0247 J0109 J0131 K0003 M0188 N0036 N0042 P0024 R0212 R0497 Z0112,BEDCA,928,ES,es,generic,,,,,1.0,100g,79.13,331.1,False,2.8,14.5,,,1.0,0.6,0.3,0.0,,,,0.1,41.0,0.1025,True,2.5,81.6,0.0,102.0,0.1,10.0,80.0,126.0,0.3,0.02,8.0,0.4,9.9,0.2,0.0,0.0,0.02,0.17,1.7,0.03,0.17,0.1,0.3,1.1,,,1.545,,,,,,,,,,,,,,,,,"Petit líquido, sabor fresa",petit liquido sabor fresa type cheese liquid strawberry flavour,"Petit type cheese, liquid, strawberry flavour",93,True,GRP-00645,OK,,,2026-09-20T03:50:39.818564+00:00,2026-09-20T03:50:39.818564+00:00
BEDCA-929,Queso Camembert 20-30% MG/ES,Queso Camembert 20-30% MG/ES,Queso Camembert 20-30% MG/ES,"Camembert cheese, 20-30% fidm",queso camembert 20 30 mg es,,A0314 A0452 A0626 A0720 A0724 A0776 B1201 C0245 E0105 F0001 G0003 H0107 H0253 H0298 J0131 K0003 M0001 N0001 P0024 R0212 R0497 Z0073 Z0112,BEDCA,929,ES,es,generic,,,,,1.0,100g,199.74,835.71,False,24.7,,,0.0,11.2381,7.0,3.3,0.32,,,,0.0,891.0,2.2275,True,30.0,59.7,0.0,315.0,0.2,24.0,286.0,136.0,1.4,,13.8,8.5,266.667,,0.17,0.3,0.28,1.1,66.0,0.05,0.67,1.2,,,,,,,,,,,,,,,,,,,,,,Queso Camembert 20-30% MG/ES,queso camembert 20 30 mg es cheese fidm,"Camembert cheese, 20-30% fidm",87,True,GRP-00705,OK,,,2026-09-20T03:50:39.818564+00:00,2026-09-20T03:50:39.818564+00:00
BEDCA-930,Queso camembert 60% mg/es,Queso camembert 60% mg/es,Queso camembert 60% mg/es,"Camembert cheese, 60% fidm",queso camembert 60 mg es,,A0314 A0452 A0626 A0720 A0724 A0776 B1201 C0245 E0105 F0018 G0003 H0107 H0288 H0296 H0298 J0131 K0003 M0001 N0001 P0024 R0212 R0497 Z0073 Z0112,BEDCA,930,ES,es,generic,,,,,1.0,100g,348.51,1458.15,False,13.8,,,0.0,33.0688,20.7,9.6,0.95,,,,0.0,526.0,1.315,True,100.0,52.5,0.0,295.0,0.37,67.0,190.5,76.0,1.714,,13.8,7.0,312.5,,0.4,0.6,0.2,2.6,96.0,0.05,0.43,0.93,,,,,,,,,,,,,,,,,,,,,,Queso camembert 60% mg/es,queso camembert 60 mg es cheese fidm,"Camembert cheese, 60% fidm",87,True,GRP-00706,OK,,,2026-09-20T03:50:39.818564+00:00,2026-09-20T03:50:39.818564+00:00
BEDCA-931,"Queso de Castilla-La Mancha, oveja y cabra","Queso de Castilla-La Mancha, oveja y cabra","Queso de Castilla-La Mancha, oveja y cabra","Lamb and goat cheese, ""castilla-la mancha"" type",queso de castilla la mancha oveja y cabra,,A0311 A0452 A0626 A0720 A0724 A0776 B2101 C0245 E0146 F0018 G0003 H0107 H0291 H0298 J0003 K0003 M0001 N0001 P0024 R0212 R0497 Z0112 Z0147,BEDCA,931,ES,es,generic,,,,,0.75,100g,404.75,1693.48,False,21.77,,,0.0,35.7672,24.12,8.59,1.09,,,,0.0,496.67,1.2417,True,90.0,39.68,0.0,682.33,0.37,129.67,462.33,63.0,2.07,,34.0,1.6,388.333,,0.25,0.6,0.1,1.5,20.0,0.03,0.3,0.1,,,,,,,,,,,,,,,,,,,,,,"Queso de Castilla-La Mancha, oveja y cabra",queso de castilla la mancha oveja cabra lamb and goat cheese type,"Lamb and goat cheese, ""castilla-la mancha"" type",87,True,GRP-00718,OK,,,2026-09-20T03:50:39.818564+00:00,2026-09-20T03:50:39.818564+00:00
BEDCA-932,"Queso de Castilla-La Mancha, oveja, vaca y cabra","Queso de Castilla-La Mancha, oveja, vaca y cabra","Queso de Castilla-La Mancha, oveja, vaca y cabra","Lamb, cow and goat cheese, ""castilla-la mancha"" type",queso de castilla la mancha oveja vaca y cabra,,A0311 A0452 A0626 A0720 A0724 A0776 B2247 C0245 E0146 F0018 G0003 H0107 H0291 H0298 J0003 K0003 M0001 N0001 P0024 R0212 R0497 Z0112 Z0147,BEDCA,932,ES,es,generic,,,,,0.98,100g,411.31,1720.93,False,23.5,,,0.0,35.7143,23.32,9.43,1.0,,,,0.0,459.0,1.1475,True,90.0,37.4,0.0,689.0,0.513,22.0,752.0,79.0,2.817,,34.0,1.6,388.333,,0.25,0.6,0.1,1.5,20.0,0.03,0.3,0.1,,,,,,,,,,,,,,,,,,,,,,"Queso de Castilla-La Mancha, oveja, vaca y cabra",queso de castilla la mancha oveja vaca cabra lamb cow and goat cheese type,"Lamb, cow and goat cheese, ""castilla-la mancha"" type",87,True,GRP-00717,OK,,,2026-09-20T03:50:39.818564+00:00,2026-09-20T03:50:39.818564+00:00
BEDCA-933,"Queso de castilla-león, oveja y vaca","Queso de castilla-león, oveja y vaca","Queso de castilla-león, oveja y vaca","Sheep and cow cheese, ""castilla-león"" type",queso de castilla leon oveja y vaca,,A0311 A0452 A0626 A0720 A0724 A0776 B2244 C0245 E0146 F0018 G0003 H0107 H0291 H0298 J0003 K0003 M0001 N0001 P0024 R0212 R0497 Z0112 Z0147,BEDCA,933,ES,es,generic,,,,,1.0,100g,408.31,1708.37,False,22.6,,,0.0,35.7884,23.29,9.67,0.86,,,,0.0,689.0,1.7225,True,90.0,37.3,0.0,734.0,0.483,21.0,528.0,86.0,2.85,,34.0,1.6,388.333,,0.25,0.6,0.1,1.5,20.0,0.03,0.3,0.1,,,,,,,,,,,,,,,,,,,,,,"Queso de castilla-león, oveja y vaca",queso de castilla leon oveja vaca sheep and cow cheese type,"Sheep and cow cheese, ""castilla-león"" type",87,True,GRP-00719,OK,,,2026-09-20T03:50:39.818564+00:00,2026-09-20T03:50:39.818564+00:00
BEDCA-934,"Queso fresco, cabra","Queso fresco, cabra","Queso fresco, cabra","Goat cheese, uncured",queso fresco cabra,,A0185 A0452 A0626 A0720 A0724 A0776 A0786 B2611 C0245 E0144 F0001 G0003 H0101 H0298 J0131 K0003 M0001 N0001 P0024 R0212 R0497 Z0112,BEDCA,934,ES,es,generic,,,crudo,,1.0,100g,296.57,1240.83,False,19.8,1.1,1.1,0.0,23.9333,15.3569,6.21968,0.814212,,,,0.0,480.0,1.2,True,60.7,50.2333,0.0,543.0,0.398,88.0,818.0,90.0,2.034,,2.0,2.8,65.0,,,0.05,0.09,0.78,5.0,0.04,0.24,0.26,,,,,,,,,,,,,,,,,,,,,,"Queso fresco, cabra",queso fresco cabra goat cheese uncured,"Goat cheese, uncured",98,True,GRP-00727,OK,,,2026-09-20T03:50:39.818564+00:00,2026-09-20T03:50:39.818564+00:00
BEDCA-935,"Castaña, tostada","Castaña, tostada","Castaña, tostada","Chestnut, roasted",castana tostada,,A0260 A0455 A0629 A0685 A0703 A0730 A0824 B1544 C0155 E0150 F0014 G0005 H0138 J0116 K0003 M0001 N0001 P0024 R0212 R0497 Z0109 Z0205,BEDCA,935,ES,es,generic,,,,,0.98,100g,224.43,939.0,False,4.0,39.7,7.9,31.8,5.3,3.2,0.6,1.3,,,,7.1,10.6,0.0265,True,0.0,40.48,0.0,47.3,1.06,39.0,87.6,591.6,0.6,,0.02,1.8,0.0,0.0,0.0,1.4,0.3,0.0,85.0,0.18,0.1,0.55,,,,,,,,,,,,,,,,,,,,,,"Castaña, tostada",castana tostada chestnut roasted,"Chestnut, roasted",98,True,GRP-00191,OK,,,2026-09-20T03:50:39.818564+00:00,2026-09-20T03:50:39.818564+00:00
BEDCA-937,"Zumo de limón, fresco","Zumo de limón, fresco","Zumo de limón, fresco","Lemon juice, fresh",zumo de limon fresco,,A0127 A0455 A0629 A0708 A0732 A0766 A0841 B1275 C0140 E0114 F0014 G0003 H0001 J0123 K0003 M0194 N0001 P0024 R0212 R0497 Z0112 Z0205,BEDCA,937,ES,es,generic,,,crudo,,1.0,100g,17.14,71.7,False,0.4,3.6,1.16,0.0,0.1,,,,,,,0.1,1.0,0.0025,True,0.0,90.8,0.0,7.0,0.1,6.0,7.0,123.0,,,1.0,1.0,2.0,37.0,0.0,0.04,0.05,0.0,16.0,0.04,0.01,0.1,,,,,,,,,,,,,,,,,,,,,,"Zumo de limón, fresco",zumo de limon fresco lemon juice fresh,"Lemon juice, fresh",93,True,GRP-00947,OK,,,2026-09-20T03:50:39.818564+00:00,2026-09-20T03:50:39.818564+00:00
BEDCA-938,"Guayaba, sin piel, cruda","Guayaba, sin piel, cruda","Guayaba, sin piel, cruda","Guava, without skin, raw",guayaba sin piel cruda,,A0143 A0455 A0629 A0649 A0707 A0732 A0833 B1333 C0139 E0150 F0003 G0003 H0003 J0001 K0003 M0001 N0001 P0024 R0001 Z0205 Z0215,BEDCA,938,ES,es,generic,,,crudo,,0.89,100g,56.99,238.44,False,0.82,11.9,,,0.6,0.17,,0.25,,,,5.4,4.0,0.01,True,0.0,81.3,0.0,17.0,0.6,13.0,31.0,290.0,0.55,0.1,1.5,0.6,72.5,273.0,0.0,1.12,0.14,0.0,14.0,0.03,0.04,1.1,0.15,,,,,,,,,,,,,,,,,,,,,"Guayaba, sin piel, cruda",guayaba sin piel cruda guava without skin raw,"Guava, without skin, raw",93,True,GRP-00373,OK,,,2026-09-20T03:50:39.818564+00:00,2026-09-20T03:50:39.818564+00:00
BEDCA-939,"Queso fresco, desnatado, con frutas","Queso fresco, desnatado, con frutas","Queso fresco, desnatado, con frutas","Uncured cheese, skimmed, with fruit",queso fresco desnatado con frutas,,A0185 A0452 A0626 A0720 A0724 A0774 A0786 B1201 C0245 E0134 F0018 G0003 H0101 H0147 H0248 J0131 J0135 K0003 M0001 N0001 P0024 R0212 R0497 Z0112,BEDCA,939,ES,es,generic,,,crudo,,1.0,100g,95.96,401.5,False,8.1,15.3,,,0.1,,,,,,,0.23,32.0,0.08,True,0.0,76.3,0.0,93.0,0.4,12.0,77.0,113.0,0.5,,2.0,2.8,2.4,,,0.0,0.1,0.18,5.7,0.04,,0.15,,,,,,,,,,,,,,,,,,,,,,"Queso fresco, desnatado, con frutas",queso fresco desnatado con frutas uncured cheese skimmed with fruit,"Uncured cheese, skimmed, with fruit",87,True,GRP-00729,OK,,,2026-09-20T03:50:39.818564+00:00,2026-09-20T03:50:39.818564+00:00
BEDCA-940,"Queso fundido, extragraso (>60% MG/ES)","Queso fundido, extragraso (>60% MG/ES)","Queso fundido, extragraso (>60% MG/ES)","Processed cheese, >60 % fidm",queso fundido extragraso 60 mg es,,A0110 A0310 A0452 A0626 A0720 A0724 A0774 B1201 C0245 E0147 F0018 G0003 H0101 H0296 J0135 K0003 M0001 N0001 P0024 R0212 R0497 Z0112,BEDCA,940,ES,es,generic,,,,,1.0,100g,323.45,1353.3,False,9.3,2.4,2.25,0.0,31.2,19.45,10.0,0.9,,,,0.0,472.0,1.18,True,100.0,52.2,0.0,261.0,0.414,29.0,457.0,92.0,0.675,,35.0,19.0,216.667,,0.2,0.6,0.08,0.25,3.0,0.04,0.35,0.07,,,,,,,,,,,,,,,,,,,,,,"Queso fundido, extragraso (>60% MG/ES)",queso fundido extragraso 60 mg es processed cheese fidm,"Processed cheese, >60 % fidm",98,True,GRP-00730,OK,,,2026-09-20T03:50:39.818564+00:00,2026-09-20T03:50:39.818564+00:00
BEDCA-941,Queso Gouda,Queso Gouda,Queso Gouda,Gouda cheese,queso gouda,,A0313 A0452 A0626 A0720 A0724 A0776 B1201 C0245 E0146 F0018 G0003 H0107 H0291 H0298 J0131 K0003 M0001 N0001 P0024 R0212 R0497 Z0112,BEDCA,941,ES,es,generic,Milk and dairy products,Cheese,,,0.98,100g,325.03,1359.92,False,20.36,,,0.0,27.4,17.7,7.8,0.66,,,,0.0,604.897,1.5122,True,110.0,42.35,0.0,854.0,0.4,29.0,490.0,114.0,2.2,,3.6,1.6,303.0,,0.24,0.53,0.07,1.7,21.0,0.03,0.28,0.07,,,,,,,,,,,,,,,,,,,,,,Queso Gouda,queso gouda cheese,Gouda cheese,87,True,GRP-00733,OK,,,2026-09-20T03:50:39.818564+00:00,2026-09-20T03:50:39.818564+00:00
BEDCA-942,"Queso manchego, en aceite","Queso manchego, en aceite","Queso manchego, en aceite","Cheese, ""manchego"" type, in oil",queso manchego en aceite,,A0311 A0452 A0626 A0720 A0724 A0776 B2247 C0245 E0146 F0018 G0003 H0107 H0291 H0298 J0003 K0038 M0001 N0001 P0024 R0212 R0497 Z0112 Z0147,BEDCA,942,ES,es,generic,,,en_conserva,,1.0,100g,465.42,1947.33,False,26.5,,,0.0,40.455,24.48,12.54,1.21,,,,0.0,707.0,1.7675,True,90.0,27.7,0.0,579.0,0.642,20.0,801.0,82.0,3.121,,34.0,1.6,436.667,,0.25,0.62,0.1,1.5,20.0,0.03,0.3,0.1,,,,,,,,,,,,,,,,,,,,,,"Queso manchego, en aceite",queso manchego en aceite cheese type in oil,"Cheese, ""manchego"" type, in oil",87,True,GRP-00740,OK,,,2026-09-20T03:50:39.818564+00:00,2026-09-20T03:50:39.818564+00:00
BEDCA-943,"Macedonia de frutas, conserva en su jugo","Macedonia de frutas, conserva en su jugo","Macedonia de frutas, conserva en su jugo","Fruit salad, canned in own juice",macedonia de frutas conserva en su jugo,,A0143 A0455 A0629 A0670 A0707 A0732 A0833 B1350 C0229 E0104 F0014 G0003 H0147 J0123 K0039 M0194 N0001 P0024 R0212 R0497 Z0112,BEDCA,943,ES,es,generic,,,en_conserva,,1.0,100g,106.12,444.0,False,0.9,25.0,,,0.1,0.004,0.005,0.011,,,,1.1,2.0,0.005,True,0.0,73.5,0.0,8.0,1.0,8.0,10.0,120.0,0.1,,2.0,1.0,9.0,3.0,0.0,0.32,0.01,0.0,4.0,0.02,0.01,0.3,,,,,,,,,,,,,,,,,,,,,,"Macedonia de frutas, conserva en su jugo",macedonia de frutas conserva en su jugo fruit salad canned in own juice,"Fruit salad, canned in own juice",93,True,GRP-00483,OK,,,2026-09-20T03:50:39.818564+00:00,2026-09-20T03:50:39.818564+00:00
BEDCA-944,Queso munster,Queso munster,Queso munster,Muenster-type cheese,queso munster,,A0314 A0452 A0626 A0720 A0724 A0776 B1201 C0245 E0105 F0001 G0003 H0107 H0289 H0298 J0131 K0003 M0001 N0001 P0024 R0212 R0497 Z0072 Z0112,BEDCA,944,ES,es,generic,,,,,1.0,100g,331.48,1386.93,False,19.1,,,0.0,28.709,18.2,8.3,0.63,,,,0.0,930.0,2.325,True,90.0,48.5,0.0,430.0,0.4,21.0,350.0,131.0,2.7,,,14.5,165.833,0.0,0.2,0.58,0.06,1.5,12.0,0.01,0.3,0.1,,,0.022,0.067,0.199,0.086,0.117,0.005,0.033,,,,,,,,,,,,,Queso munster,queso munster muenster type cheese,Muenster-type cheese,87,True,GRP-00743,OK,,,2026-09-20T03:50:39.818564+00:00,2026-09-20T03:50:39.818564+00:00
BEDCA-945,"Queso para untar, con finas hierbas","Queso para untar, con finas hierbas","Queso para untar, con finas hierbas","Cheese spread, with spice and herbs  ",queso para untar con finas hierbas,,A0109 A0452 A0626 A0720 A0724 A0776 A0786 B1201 C0245 E0119 F0018 G0003 H0107 H0130 H0227 H0296 H0367 H0368 J0135 K0003 M0001 N0001 P0024 R0212 R0497 Z0112,BEDCA,945,ES,es,generic,,,,,1.0,100g,250.36,1047.5,False,6.5,3.1,,,23.9,14.3,6.6,0.7,,,,0.0,29.0,0.0725,True,65.0,66.5,0.0,78.0,0.1,7.0,55.0,82.0,0.1,,40.4,2.7,162.3,3.8,1.2,0.24,0.08,0.6,2.8,0.06,0.29,1.0,,,,,,,,,,,,,,,,,,,,,,"Queso para untar, con finas hierbas",queso para untar con finas hierbas cheese spread with spice and herbs,"Cheese spread, with spice and herbs  ",93,True,GRP-00744,OK,,,2026-09-20T03:50:39.818564+00:00,2026-09-20T03:50:39.818564+00:00
BEDCA-946,"Melocotón, desecado","Melocotón, desecado","Melocotón, desecado","Peach, dried",melocoton desecado,,A0143 A0455 A0629 A0707 A0732 A0756 A0834 B1350 C0229 E0133 F0003 G0003 H0138 J0116 K0003 M0001 N0001 P0024 R0212 R0497 Z0112,BEDCA,946,ES,es,generic,,,deshidratado,,1.0,100g,270.42,1131.42,False,3.6,61.3,,,0.76,0.08,0.28,0.37,,,,8.2,6.0,0.015,True,0.0,26.1,0.0,36.0,6.8,54.0,120.0,1100.0,0.8,0.36,23.0,2.2,74.2,4.8,0.0,0.0,0.07,0.0,14.0,0.0,0.21,5.3,0.56,,,,,,,,,,,,,,,,,,,,,"Melocotón, desecado",melocoton desecado peach dried,"Peach, dried",93,True,GRP-00505,OK,,,2026-09-20T03:50:39.818564+00:00,2026-09-20T03:50:39.818564+00:00
BEDCA-947,"Queso para untar, con salmón","Queso para untar, con salmón","Queso para untar, con salmón","Cheese spread, with salmon",queso para untar con salmon,,A0109 A0452 A0626 A0720 A0724 A0776 A0786 B1201 C0245 E0119 F0018 G0003 H0107 H0130 H0153 H0296 H0367 H0368 J0135 K0003 M0001 N0001 P0024 R0212 R0497 Z0112,BEDCA,947,ES,es,generic,,,,,1.0,100g,257.15,1075.9,False,7.3,3.1,,,24.3,14.3,6.6,0.7,,,,0.0,32.0,0.08,True,3.1,65.3,0.0,84.0,0.1,7.0,59.0,89.0,0.2,,40.4,2.7,163.2,3.8,1.2,0.24,0.07,0.6,2.8,0.06,0.29,1.0,,,,,,,,,,,,,,,,,,,,,,"Queso para untar, con salmón",queso para untar con salmon cheese spread with,"Cheese spread, with salmon",93,True,GRP-00745,OK,,,2026-09-20T03:50:39.818564+00:00,2026-09-20T03:50:39.818564+00:00
BEDCA-948,"Queso para untar, natural, bajo en calorías","Queso para untar, natural, bajo en calorías","Queso para untar, natural, bajo en calorías","Cheese spread, plain, light",queso para untar natural bajo en calorias,,A0109 A0452 A0626 A0720 A0724 A0776 A0786 B1201 C0245 E0119 F0018 G0003 H0107 H0130 H0247 H0367 H0368 J0135 K0003 M0001 N0001 P0024 P0132 R0212 R0497 Z0112,BEDCA,948,ES,es,generic,,,,,1.0,100g,141.09,590.3,False,14.2,4.2,,,13.0,7.6,2.6,0.3,,,,0.0,480.0,1.2,True,37.6,74.1,0.0,110.0,0.2,25.0,150.0,190.0,0.2,,20.1,1.1,62.2,0.5,0.18,0.24,0.02,0.4,4.0,0.01,0.15,0.3,,,,,,,,,,,,,,,,,,,,,,"Queso para untar, natural, bajo en calorías",queso para untar natural bajo en calorias cheese spread plain light,"Cheese spread, plain, light",84,True,GRP-00746,REVIEW,"kcal declarada (141) se aleja de la estimada por macros (191), 26% de diferencia",,2026-09-20T03:50:39.818564+00:00,2026-09-20T03:50:39.818564+00:00
BEDCA-950,"Yogur líquido, aromatizado sabor s/e","Yogur líquido, aromatizado sabor s/e","Yogur líquido, aromatizado sabor s/e","Drinking yogurt, flavoured n/e",yogur liquido aromatizado sabor s e,,A0101 A0452 A0626 A0721 A0724 A0776 A0778 B1201 C0235 E0102 F0014 G0003 H0101 H0117 H0158 H0184 H0247 H0362 J0123 K0003 M0188 N0036 N0042 P0024 R0212 R0497 Z0112,BEDCA,950,ES,es,generic,,,,,1.0,100g,75.96,317.8,False,2.9,12.8,12.8,0.0,1.376,0.9,0.4,,,,,0.0,45.0,0.1125,True,,81.5,0.0,107.0,0.1,11.0,81.0,135.0,0.3,,4.0,1.0,,0.0,,,0.05,0.2,5.0,0.03,0.16,0.09,,,,,,,,,,,,,,,,,,,,,,"Yogur líquido, aromatizado sabor s/e",yogur liquido aromatizado sabor drinking yogurt flavoured,"Drinking yogurt, flavoured n/e",98,True,GRP-00930,OK,,,2026-09-20T03:50:39.818564+00:00,2026-09-20T03:50:39.818564+00:00
BEDCA-952,"Yogur líquido, entero, con cereales","Yogur líquido, entero, con cereales","Yogur líquido, entero, con cereales","Liquid yogurt, whole milk, with cereals",yogur liquido entero con cereales,,A0101 A0452 A0626 A0721 A0724 A0776 A0778 B1201 C0235 E0139 F0014 G0003 H0101 H0117 H0168 H0184 H0247 H0319 H0322 H0323 J0123 K0003 M0187 N0036 P0024 R0212 R0497 Z0112,BEDCA,952,ES,es,generic,,,,,1.0,100g,113.98,476.9,False,2.9,20.8,,,2.0,0.9,0.4,,,,,0.0,41.0,0.1025,True,,74.3,0.0,110.0,0.12,13.0,88.0,142.0,0.33,,4.0,1.0,16.5,0.0,0.1,,0.07,0.3,5.0,0.03,0.14,0.42,,,,,,,,,,,,,,,,,,,,,,"Yogur líquido, entero, con cereales",yogur liquido entero con cereales liquid yogurt whole milk with cereals,"Liquid yogurt, whole milk, with cereals",93,True,GRP-00933,OK,,,2026-09-20T03:50:39.818564+00:00,2026-09-20T03:50:39.818564+00:00
BEDCA-953,"Yogur, búlgaro","Yogur, búlgaro","Yogur, búlgaro","Yogurt, bulgarian-style",yogur bulgaro,,A0101 A0452 A0626 A0721 A0724 A0776 A0778 B1201 C0235 E0135 F0014 G0003 H0101 H0184 H0247 J0001 K0003 M0187 N0036 N0042 P0024 Z0215,BEDCA,953,ES,es,generic,,,,,1.0,100g,73.95,309.4,False,5.0,5.8,,,3.4,2.2,0.7,,,,,0.0,44.0,0.11,True,11.0,85.8,0.0,110.0,,11.0,90.0,160.0,0.4,,17.0,2.9,33.9,1.0,1.0,,0.05,0.4,6.0,0.03,0.18,0.8,,,,,,,,,,,,,,,,,,,,,,"Yogur, búlgaro",yogur bulgaro yogurt bulgarian style,"Yogurt, bulgarian-style",93,True,GRP-00904,OK,,,2026-09-20T03:50:39.818564+00:00,2026-09-20T03:50:39.818564+00:00
BEDCA-955,"Yogur, desnatado, con cereales","Yogur, desnatado, con cereales","Yogur, desnatado, con cereales","Yogurt, skimmed, with cereals",yogur desnatado con cereales,,A0101 A0452 A0626 A0721 A0724 A0776 A0778 B1201 C0235 E0134 F0014 G0003 H0101 H0184 H0228 H0248 H0319 H0322 H0323 J0123 K0003 M0188 N0036 N0042 P0024 R0212 R0497 Z0112,BEDCA,955,ES,es,generic,,,,,1.0,100g,51.27,214.5,False,4.2,8.2,,,0.1,,,,,,,0.0,64.6,0.1615,True,1.6,87.5,0.0,145.0,,13.7,101.5,222.0,0.5,,20.6,2.9,134.0,1.3,,,0.37,0.4,26.0,0.04,0.19,1.0,,,,,,,,,,,,,,,,,,,,,,"Yogur, desnatado, con cereales",yogur desnatado con cereales yogurt skimmed with cereals,"Yogurt, skimmed, with cereals",87,True,GRP-00907,OK,,,2026-09-20T03:50:39.818564+00:00,2026-09-20T03:50:39.818564+00:00
BEDCA-956,"Níspero, con piel, crudo","Níspero, con piel, crudo","Níspero, con piel, crudo","Medlar, with skin, raw",nispero con piel crudo,,A0143 A0455 A0629 A0669 A0707 A0732 A0833 B2014 C0229 E0150 F0003 G0003 H0003 J0001 K0003 M0001 N0001 P0024 R0212 R0497 Z0112,BEDCA,956,ES,es,generic,,,crudo,,1.0,100g,52.56,219.9,False,0.4,12.1,,,0.2,,,0.09,,,,1.7,1.0,0.0025,True,0.0,85.6,0.0,16.0,0.28,13.0,27.0,266.0,0.05,0.04,1.0,0.6,218.0,2.0,0.0,0.89,0.1,0.0,14.0,0.2,0.06,0.1,,,,,,,,,,,,,,,,,,,,,,"Níspero, con piel, crudo",nispero con piel crudo medlar with skin raw,"Medlar, with skin, raw",87,True,GRP-00563,OK,,,2026-09-20T03:50:39.818564+00:00,2026-09-20T03:50:39.818564+00:00
BEDCA-961,"Cerdo, solomillo, asado","Cerdo, solomillo, asado","Cerdo, solomillo, asado","Pork, sirloin, roasted",cerdo solomillo asado,,A0150 A0459 A0633 A0714 A0726 A0737 A0799 B1136 C0269 E0150 F0014 G0005 H0001 J0001 K0003 M0001 N0001 P0024 R0212 R0497 Z0027 Z0112,BEDCA,961,ES,es,generic,,,asado,,1.0,100g,158.59,663.53,False,28.8,0.0,0.0,0.0,4.70094,1.7,2.2,0.58,,,,0.0,65.0,0.1625,True,73.0,65.2,0.0,9.0,1.5,25.0,290.0,540.0,2.4,,1.1,6.9,,,,0.1,0.4,0.6,6.0,0.9,0.4,4.7,0.7,,,,,,,,,,,,,,,,,,,,,"Cerdo, solomillo, asado",cerdo solomillo asado pork sirloin roasted,"Pork, sirloin, roasted",98,True,GRP-00209,OK,,,2026-09-20T03:50:39.818564+00:00,2026-09-20T03:50:39.818564+00:00
BEDCA-962,"Ciervo, parte s/e, crudo, con grasa separable","Ciervo, parte s/e, crudo, con grasa separable","Ciervo, parte s/e, crudo, con grasa separable","Deer, piece n/e, raw, with separable fat",ciervo parte s e crudo con grasa separable,,A0150 A0459 A0633 A0714 A0726 A0737 A0794 B1583 C0268 E0152 F0003 G0003 H0003 J0001 K0003 M0001 N0001 P0024 R0212 R0497 Z0018 Z0112,BEDCA,962,ES,es,generic,,,crudo,,1.0,100g,104.35,436.6,False,22.2,0.0,,,1.6,0.8,0.4,0.4,,0.164,1.666,0.0,55.0,0.1375,True,50.0,76.2,0.0,5.0,3.3,25.0,210.0,340.0,2.4,0.25,6.0,9.7,0.0,0.0,,0.2,0.37,6.31,4.0,0.22,0.48,6.37,,,,0.255,1.713,1.188,1.657,1.287,0.01,0.379,0.113,0.041,,,,,,,,,,"Ciervo, parte s/e, crudo, con grasa separable",ciervo parte crudo con grasa separable deer piece raw with fat,"Deer, piece n/e, raw, with separable fat",93,True,GRP-00255,OK,,,2026-09-20T03:50:39.818564+00:00,2026-09-20T03:50:39.818564+00:00
BEDCA-964,"Conejo, entero, estofado","Conejo, entero, estofado","Conejo, entero, estofado","Rabbit, whole, stewed",conejo entero estofado,,A0150 A0459 A0633 A0726 A0737 A0793 B1323 C0269 E0150 F0014 G0020 H0001 J0001 K0003 M0001 N0001 P0024 R0212 R0497 Z0110,BEDCA,964,ES,es,generic,,,,,0.98,100g,194.56,814.06,False,29.0,0.0,0.0,0.0,8.67725,3.4,2.8,2.0,,,,0.0,37.0,0.0925,True,90.0,62.3,0.0,17.0,2.1,21.0,213.0,255.0,0.9,0.06,3.0,16.0,7.00167,0.0,0.2,0.01,0.47,9.8,4.0,0.07,0.24,8.1,0.8,1.0,,,,,,,,,,,,,,,,,,,,"Conejo, entero, estofado",conejo entero estofado rabbit whole stewed,"Rabbit, whole, stewed",98,True,GRP-00271,OK,,,2026-09-20T03:50:39.818564+00:00,2026-09-20T03:50:39.818564+00:00
BEDCA-965,"Jamón cocido, categoría s/e","Jamón cocido, categoría s/e","Jamón cocido, categoría s/e","Cooked ham, category n/e",jamon cocido categoria s e,,A0279 A0459 A0633 A0714 A0726 A0737 A0793 B1136 C0125 E0145 F0014 G0012 H0227 H0253 J0108 K0003 M0001 N0001 P0024 R0212 R0497 Z0112,BEDCA,965,ES,es,generic,,,cocido,,1.0,100g,113.48,474.8,False,21.0,0.4,,,3.0,1.1,1.4,0.36,,,,0.0,970.0,2.425,True,50.0,75.6,0.0,9.6,2.1,17.5,239.0,270.0,2.8,0.12,10.9,11.0,,19.0,0.7,0.08,0.2,0.7,0.2,0.46,0.18,11.4,1.03,3.0,,,,,,,,,,,,,,,,,,,,"Jamón cocido, categoría s/e",jamon cocido categoria cooked ham category,"Cooked ham, category n/e",93,True,GRP-00418,OK,,,2026-09-20T03:50:39.818564+00:00,2026-09-20T03:50:39.818564+00:00
BEDCA-966,"Corazón de cordero, crudo","Corazón de cordero, crudo","Corazón de cordero, crudo","Heart, lamb, raw",corazon de cordero crudo,,A0150 A0459 A0633 A0716 A0726 A0739 A0796 B1669 C0201 E0150 F0003 G0001 H0003 J0001 K0003 M0001 N0001 P0024 R0212 R0497 Z0112,BEDCA,966,ES,es,generic,,,crudo,,0.78,100g,118.3,494.97,False,16.5,0.21,,,5.7,2.3,1.6,0.6,,,,0.0,89.0,0.2225,True,135.0,77.6,0.0,6.0,4.6,17.0,175.0,316.0,1.87,0.4,7.0,32.0,0.0,5.0,0.2,0.37,0.39,8.0,2.0,0.31,0.86,6.14,2.63,4.0,,,,,,,,,,,,,,,,,,,,"Corazón de cordero, crudo",corazon de cordero crudo heart lamb raw,"Heart, lamb, raw",93,True,GRP-00275,OK,,,2026-09-20T03:50:39.818564+00:00,2026-09-20T03:50:39.818564+00:00
BEDCA-967,"Hígado, de cerdo, crudo","Hígado, de cerdo, crudo","Hígado, de cerdo, crudo","Liver, pork, raw",higado de cerdo crudo,,A0150 A0459 A0633 A0714 A0726 A0739 A0796 B1136 C0176 E0150 F0003 G0003 H0003 J0001 K0003 M0001 N0001 P0024 R0212 R0497 Z0112,BEDCA,967,ES,es,generic,,,crudo,,0.83,100g,119.67,500.7,False,21.4,0.0,,,3.7,1.2,0.52,0.81,0.2515,0.1,0.796,0.0,87.0,0.2175,True,301.0,72.4,0.0,8.0,13.0,21.0,350.0,330.0,6.9,0.0,10.0,52.7,6495.0,26.0,2.2,0.17,0.69,25.0,212.0,0.4,3.0,15.0,6.65,,0.003,0.035,0.942,0.975,0.821,0.507,0.019,0.289,0.014,0.067,,,,,,,,,,"Hígado, de cerdo, crudo",higado de cerdo crudo liver pork raw,"Liver, pork, raw",93,True,GRP-00396,OK,,,2026-09-20T03:50:39.818564+00:00,2026-09-20T03:50:39.818564+00:00
BEDCA-968,Paté de pimienta,Paté de pimienta,Paté de pimienta,Pepper paté,pate de pimienta,,A0221 A0459 A0633 A0667 A0714 A0726 B1136 C0176 E0146 F0014 G0005 H0229 J0131 K0003 M0001 N0001 P0024 R0212 R0497 Z0100 Z0112,BEDCA,968,ES,es,generic,,,,,1.0,100g,288.81,1208.4,False,11.9,11.3,,,28.0,10.48,12.84,3.02,0.3658,,3.599,0.0,660.0,1.65,True,96.0,48.8,0.0,38.0,3.5,11.0,145.0,93.0,2.9,,36.2,25.7,5835.7,1.0,0.9,1.6,0.13,6.3,103.0,0.06,0.8,4.0,,,0.035,0.398,6.732,3.44,10.293,3.487,0.224,0.112,,,,,,,,,,,,Paté de pimienta,pate de pimienta pepper,Pepper paté,93,True,GRP-00624,OK,,,2026-09-20T03:50:39.818564+00:00,2026-09-20T03:50:39.818564+00:00
BEDCA-969,"Pato, entero, asado","Pato, entero, asado","Pato, entero, asado","Duck, whole, roasted",pato entero asado,,A0273 A0459 A0633 A0715 A0726 A0741 A0795 B1316 C0267 E0152 F0014 G0005 H0003 J0001 K0003 M0001 N0001 P0024 R0212 R0497 Z0003 Z0111,BEDCA,969,ES,es,generic,,,asado,,1.0,100g,188.61,789.13,False,25.0,0.0,0.0,0.0,9.84127,2.7,5.4,1.2,,,,0.0,85.0,0.2125,True,120.0,64.2,0.0,13.0,2.7,20.0,200.0,260.0,0.31,,1.2,24.0,23.0017,0.0,1.0,0.02,0.25,1.2,10.0,0.26,0.47,5.1,1.5,,,,,,,,,,,,,,,,,,,,,"Pato, entero, asado",pato entero asado duck whole roasted,"Duck, whole, roasted",98,True,GRP-00625,OK,,,2026-09-20T03:50:39.818564+00:00,2026-09-20T03:50:39.818564+00:00
BEDCA-970,"Corazón de pollo, crudo","Corazón de pollo, crudo","Corazón de pollo, crudo","Heart, chicken, raw",corazon de pollo crudo,,A0150 A0459 A0633 A0716 A0726 A0739 A0796 B1457 C0201 E0150 F0003 G0001 H0003 J0001 K0003 M0001 N0001 P0024 R0212 R0497 Z0112,BEDCA,970,ES,es,generic,,,crudo,,1.0,100g,148.51,621.37,False,15.6,0.71,,,9.3,2.7,2.4,2.7,,,,0.0,111.0,0.2775,True,136.0,74.4,0.0,22.0,1.7,15.0,164.0,262.0,3.1,0.35,7.0,4.3,9.0,6.0,0.2,1.2,0.36,4.24,72.0,0.43,1.24,4.88,2.6,,,,,,,,,,,,,,,,,,,,,"Corazón de pollo, crudo",corazon de pollo crudo heart chicken raw,"Heart, chicken, raw",93,True,GRP-00276,OK,,,2026-09-20T03:50:39.818564+00:00,2026-09-20T03:50:39.818564+00:00
BEDCA-971,"Chufa, cruda","Chufa, cruda","Chufa, cruda","Tigger nut, raw",chufa cruda,,A0152 A0455 A0629 A0681 A0706 A0731 A0826 B2159 C0239 E0150 F0003 G0003 H0001 J0001 K0001 M0001 N0001 P0024 R0212 R0497 Z0112 Z0205,BEDCA,971,ES,es,generic,,,crudo,,1.0,100g,407.69,1705.77,False,6.13,42.5402,14.71,29.1495,23.74,4.01689,16.4693,2.20929,,,,17.4,37.63,0.0941,True,0.0,7.095,0.0,69.54,3.41,86.88,232.225,519.2,4.19,,0.0,0.0,0.0,6.0,0.0,10.0,0.33,0.0,141.0,0.23,0.1,1.8,,,,,,,,,,,,,,,,,,,,,,"Chufa, cruda",chufa cruda tigger nut raw,"Tigger nut, raw",98,True,GRP-00253,OK,,,2026-09-20T03:50:39.818564+00:00,2026-09-20T03:50:39.818564+00:00
BEDCA-972,"Corazón, de cerdo, crudo","Corazón, de cerdo, crudo","Corazón, de cerdo, crudo","Pork, heart, raw",corazon de cerdo crudo,,A0150 A0459 A0633 A0716 A0726 A0739 A0796 B1136 C0201 E0150 F0003 G0001 H0003 J0001 K0003 M0001 N0001 P0024 R0212 R0497 Z0112,BEDCA,972,ES,es,generic,,,crudo,,0.95,100g,114.48,479.0,False,17.3,1.3,,,4.4,1.2,1.0,1.1,,,,0.0,80.0,0.2,True,131.0,78.7,0.0,5.0,4.3,20.0,176.0,257.0,2.2,0.41,0.0,10.4,10.0,5.3,0.2,0.63,0.29,2.7,2.0,0.46,1.06,6.6,2.51,4.0,,,,,,,,,,,,,,,,,,,,"Corazón, de cerdo, crudo",corazon de cerdo crudo pork heart raw,"Pork, heart, raw",93,True,GRP-00274,OK,,,2026-09-20T03:50:39.818564+00:00,2026-09-20T03:50:39.818564+00:00
BEDCA-973,"Corazón, de vaca/buey, cocido","Corazón, de vaca/buey, cocido","Corazón, de vaca/buey, cocido","Beef (cow/ox), heart, boiled",corazon de vaca buey cocido,,A0150 A0459 A0633 A0716 A0726 A0739 A0796 B1201 C0201 E0150 F0014 G0014 H0003 J0001 K0003 M0001 N0001 P0024 R0212 R0497 Z0112,BEDCA,973,ES,es,generic,,,cocido,,1.0,100g,163.46,683.92,False,27.9,0.0,0.0,0.0,5.6654,2.3,1.4,0.77,,,,0.0,100.0,0.25,True,200.0,65.0,0.0,6.0,7.3,25.0,230.0,232.0,3.5,0.6,7.0,38.9,0.0,2.0,1.4,0.7,0.15,14.0,2.0,0.2,1.4,3.1,1.6,,,,,,,,,,,,,,,,,,,,,"Corazón, de vaca/buey, cocido",corazon de vaca buey cocido beef cow ox heart boiled,"Beef (cow/ox), heart, boiled",98,True,GRP-00277,OK,,,2026-09-20T03:50:39.818564+00:00,2026-09-20T03:50:39.818564+00:00
BEDCA-974,"Cordero, pierna, con grasa, asada","Cordero, pierna, con grasa, asada","Cordero, pierna, con grasa, asada","Lamb, leg, with separable fat, baked",cordero pierna con grasa asada,,A0150 A0459 A0633 A0714 A0726 A0737 A0799 B1669 C0269 E0150 F0003 G0003 H0003 J0131 K0003 M0001 N0001 P0024 R0212 R0497 Z0024 Z0110,BEDCA,974,ES,es,generic,,,asado,,1.0,100g,221.75,927.78,False,25.0,0.0,0.0,0.0,13.5887,6.4,5.7,0.85,,,,0.0,60.0,0.15,True,84.0,60.0,0.0,9.0,2.2,22.0,180.0,286.0,4.6,0.1,3.0,4.0,,0.0,,0.1,0.15,2.0,3.0,0.12,0.26,6.0,0.6,3.0,,,,,,,,,,,,,,,,,,,,"Cordero, pierna, con grasa, asada",cordero pierna con grasa asada lamb leg with separable fat baked,"Lamb, leg, with separable fat, baked",98,True,GRP-00290,OK,,,2026-09-20T03:50:39.818564+00:00,2026-09-20T03:50:39.818564+00:00
BEDCA-975,"Gallina, entera, cruda","Gallina, entera, cruda","Gallina, entera, cruda","Hen, whole, raw",gallina entera cruda,,A0273 A0459 A0633 A0715 A0726 A0741 A0795 B1713 C0267 E0150 F0003 G0003 H0001 J0001 K0003 M0001 N0001 P0024 R0212 R0497 Z0003 Z0054,BEDCA,975,ES,es,generic,,,crudo,,0.76,100g,230.35,963.8,False,17.3,0.0,,,18.1,5.1,7.4,3.5,,,,0.0,61.0,0.1525,True,72.0,64.6,0.0,10.0,1.0,18.7,169.0,196.0,1.1,,5.0,12.0,24.0,2.0,1.5,0.3,0.32,0.31,8.0,0.09,0.19,6.4,,,,,,,,,,,,,,,,,,,,,,"Gallina, entera, cruda",gallina entera cruda hen whole raw,"Hen, whole, raw",93,True,GRP-00352,OK,,,2026-09-20T03:50:39.818564+00:00,2026-09-20T03:50:39.818564+00:00
BEDCA-976,"Pato, entero, crudo","Pato, entero, crudo","Pato, entero, crudo","Duck, whole, raw",pato entero crudo,,A0273 A0459 A0633 A0715 A0726 A0741 A0795 B1316 C0267 E0152 F0003 G0003 H0003 J0001 K0003 M0001 N0001 P0024 R0212 R0497 Z0003 Z0112,BEDCA,976,ES,es,generic,,,crudo,,0.89,100g,137.52,575.4,False,19.7,0.0,,,6.5,2.0,3.2,1.0,,,,0.0,80.0,0.2,True,110.0,73.8,0.0,10.0,2.0,15.0,200.0,280.0,2.8,0.25,1.2,13.9,24.0,3.0,1.0,0.02,0.34,3.0,25.0,0.1,0.3,5.3,1.6,6.0,,,,,,,,,,,,,,,,,,,,"Pato, entero, crudo",pato entero crudo duck whole raw,"Duck, whole, raw",93,True,GRP-00626,OK,,,2026-09-20T03:50:39.818564+00:00,2026-09-20T03:50:39.818564+00:00
BEDCA-977,"Pichón, sin piel, asado","Pichón, sin piel, asado","Pichón, sin piel, asado","Pigeon, part n/e, without skin, roasted",pichon sin piel asado,,A0273 A0459 A0633 A0715 A0726 A0741 A0795 B1304 C0268 E0150 F0014 G0005 H0001 J0001 K0003 M0001 N0001 P0024 R0212 R0497 Z0054 Z0110,BEDCA,977,ES,es,generic,,,asado,,1.0,100g,176.86,740.0,False,37.0,0.0,0.0,0.0,3.0,0.78,1.1,0.64,,,,0.0,100.0,0.25,True,75.0,58.0,0.0,15.0,20.0,35.0,400.0,400.0,0.7,,2.0,16.0,7.00167,0.0,0.2,,0.8,0.8,8.0,0.3,0.15,7.0,,,,,,,,,,,,,,,,,,,,,,"Pichón, sin piel, asado",pichon sin piel asado pigeon part without skin roasted,"Pigeon, part n/e, without skin, roasted",98,True,GRP-00652,OK,,,2026-09-20T03:50:39.818564+00:00,2026-09-20T03:50:39.818564+00:00
BEDCA-978,"Oca, sin piel, asada","Oca, sin piel, asada","Oca, sin piel, asada","Goose, part n/e, without skin, roasted",oca sin piel asada,,A0273 A0459 A0633 A0655 A0715 A0726 A0795 B1253 C0268 E0152 F0014 G0005 H0003 J0001 K0003 M0001 N0001 P0024 Z0003 Z0018,BEDCA,978,ES,es,generic,,,asado,,1.0,100g,274.51,1148.56,False,29.1,0.0,0.0,0.0,17.672,7.3,6.9,2.5,,,,0.0,120.0,0.3,True,75.0,52.0,0.0,12.0,3.7,28.0,290.0,400.0,2.6,,1.2,24.0,7.0,0.0,0.01,0.02,0.45,1.2,12.0,0.09,0.4,4.1,1.6,,,,,,,,,,,,,,,,,,,,,"Oca, sin piel, asada",oca sin piel asada goose part without skin roasted,"Goose, part n/e, without skin, roasted",98,True,GRP-00569,OK,,,2026-09-20T03:50:39.818564+00:00,2026-09-20T03:50:39.818564+00:00
BEDCA-979,Crema de cacahuete,Crema de cacahuete,Crema de cacahuete,Peanut butter,crema de cacahuete,,A0260 A0467 A0641 A0663 A0722 A0730 A0824 B1337 C0136 E0119 F0014 G0003 H0124 H0158 H0263 H0367 J0123 K0001 M0134 M0215 N0001 P0024 R0212 R0497 Z0112,BEDCA,979,ES,es,generic,"Legumes, nuts, oilseeds and spices","Processed legumes, nuts, oilseeds and spices",,,1.0,100g,599.6,2508.73,False,25.5,11.2,5.7,5.5,50.9414,10.1,25.8,12.8,,0.027,12.233,7.0,313.0,0.7825,True,0.0,1.2,0.0,40.0,2.0,180.0,366.0,750.0,3.0,,0.5,4.1,0.0,0.0,0.0,5.0,0.5,0.0,67.0,0.15,0.1,15.0,,,0.0,0.02,4.741,2.181,24.812,12.215,0.027,0.018,0.0,0.0,,,,,,,,,,Crema de cacahuete,crema de cacahuete peanut butter,Peanut butter,98,True,GRP-00294,OK,,,2026-09-20T03:50:39.818564+00:00,2026-09-20T03:50:39.818564+00:00
BEDCA-980,"Pollo, entero, con piel, asado","Pollo, entero, con piel, asado","Pollo, entero, con piel, asado","Chicken, whole, with skin, roasted",pollo entero con piel asado,,A0273 A0459 A0633 A0715 A0726 A0741 A0795 B1457 C0267 E0150 F0014 G0005 H0003 J0003 K0003 M0001 N0001 P0024 R0212 R0497 Z0111,BEDCA,980,ES,es,generic,,,asado,,1.0,100g,176.67,739.2,False,32.6,0.0,0.0,0.0,5.0,1.42,1.86,0.8,,,,0.0,80.0,0.2,True,91.3,62.3,0.0,12.0,1.3,24.0,200.0,300.0,0.9,,6.0,24.0,7.0,0.0,0.2,0.2,0.44,0.3,8.0,0.07,0.17,7.7,1.1,,,,,,,,,,,,,,,,,,,,,"Pollo, entero, con piel, asado",pollo entero con piel asado chicken whole with skin roasted,"Chicken, whole, with skin, roasted",98,True,GRP-00675,OK,,,2026-09-20T03:50:39.818564+00:00,2026-09-20T03:50:39.818564+00:00
BEDCA-981,"Vaca/buey, solomillo, crudo","Vaca/buey, solomillo, crudo","Vaca/buey, solomillo, crudo","Beef, sirloin, raw",vaca buey solomillo crudo,,A0150 A0459 A0633 A0714 A0726 A0737 A0794 B1201 C0269 E0152 F0003 G0003 H0001 J0001 K0003 M0001 N0001 P0024 R0212 R0497 Z0027 Z0112,BEDCA,981,ES,es,generic,,,crudo,,0.79,100g,135.28,566.0,False,23.5,0.0,,,4.5,2.0,1.9,0.2,,,,0.0,88.0,0.22,True,51.0,72.0,0.0,5.0,5.0,22.0,210.0,290.0,1.8,0.02,1.0,8.0,,0.0,0.5,0.45,0.26,2.0,4.0,0.45,0.8,6.3,0.8,1.0,,,,,,,,,,,,,,,,,,,,"Vaca/buey, solomillo, crudo",vaca buey solomillo crudo beef sirloin raw,"Beef, sirloin, raw",93,True,GRP-00889,OK,,,2026-09-20T03:50:39.818564+00:00,2026-09-20T03:50:39.818564+00:00
BEDCA-982,"Salchicha, tipo viena","Salchicha, tipo viena","Salchicha, tipo viena","Sausage, viena type",salchicha tipo viena,,A0221 A0459 A0633 A0667 A0714 A0726 A0798 B1105 C0268 E0151 F0014 G0003 H0172 H0227 H0253 H0306 J0001 K0003 M0003 N0001 P0024 R0212 R0497 Z0018 Z0019 Z0096 Z0099,BEDCA,982,ES,es,generic,,,,,1.0,100g,272.83,1141.5,False,10.3,2.0,,,25.2,9.3,12.5,1.7,,,,0.0,953.0,2.3825,True,52.0,62.5,0.0,10.0,0.88,7.0,49.0,101.0,1.6,0.03,5.5,16.9,0.0,0.0,0.2,0.22,0.12,1.02,4.0,0.34,0.11,1.61,0.35,,,,,,,,,,,,,,,,,,,,,"Salchicha, tipo viena",salchicha tipo viena sausage type,"Sausage, viena type",93,True,GRP-00803,OK,,,2026-09-20T03:50:39.818564+00:00,2026-09-20T03:50:39.818564+00:00
BEDCA-983,"Lengua, de buey, cruda","Lengua, de buey, cruda","Lengua, de buey, cruda","Tongue, ox, raw",lengua de buey cruda,,A0150 A0459 A0633 A0716 A0726 A0739 A0796 B1201 C0189 E0150 F0003 G0003 H0003 J0131 K0003 M0001 N0001 P0024 R0212 R0497 Z0112,BEDCA,983,ES,es,generic,,,crudo,,0.7,100g,217.95,911.9,False,14.9,3.7,,,16.1,7.0,7.2,0.9,0.544,,0.458,0.0,69.0,0.1725,True,87.0,65.3,0.0,7.0,2.8,17.1,133.0,315.0,3.2,0.17,14.0,9.4,0.0,3.1,1.7,0.67,0.71,3.79,7.0,0.3,0.38,14.7,0.65,,0.018,0.534,3.327,1.801,4.064,0.404,0.042,0.054,,,,,,,,,,,,"Lengua, de buey, cruda",lengua de buey cruda tongue ox raw,"Tongue, ox, raw",93,True,GRP-00456,OK,,,2026-09-20T03:50:39.818564+00:00,2026-09-20T03:50:39.818564+00:00
BEDCA-984,"Ternera, solomillo, asado","Ternera, solomillo, asado","Ternera, solomillo, asado","Veal, sirloin, roasted, with separable fat",ternera solomillo asado,,A0150 A0459 A0633 A0714 A0726 A0737 A0799 B1349 C0269 E0150 F0014 G0005 H0001 J0001 K0003 M0001 N0001 P0024 R0212 R0497 Z0027 Z0109,BEDCA,984,ES,es,generic,,,asado,,1.0,100g,156.41,654.41,False,28.4,0.0,0.0,0.0,4.63799,1.8,2.0,0.62,,,,0.0,93.0,0.2325,True,98.0,65.1,0.0,17.0,1.3,25.0,236.0,375.0,2.1,,4.9,8.7,,0.0,,0.15,0.35,1.2,10.0,0.07,0.29,8.6,,,,,,,,,,,,,,,,,,,,,,"Ternera, solomillo, asado",ternera solomillo asado veal sirloin roasted with separable fat,"Veal, sirloin, roasted, with separable fat",98,True,GRP-00865,OK,,,2026-09-20T03:50:39.818564+00:00,2026-09-20T03:50:39.818564+00:00
BEDCA-985,"Lengua, de ternera, cruda","Lengua, de ternera, cruda","Lengua, de ternera, cruda","Tongue, veal, roasted",lengua de ternera cruda,,A0150 A0459 A0633 A0716 A0726 A0739 A0796 B1349 C0189 E0150 F0014 G0005 H0003 J0001 K0003 M0001 N0001 P0024 R0212 R0497 Z0112,BEDCA,985,ES,es,generic,,,crudo,,1.0,100g,135.11,565.3,False,17.8,0.0,0.0,0.0,7.1,3.0,3.3,0.4,0.544,,0.458,0.0,80.0,0.2,True,62.0,74.2,0.0,8.0,2.6,14.0,170.0,234.0,2.3,,14.0,14.7,,3.1,0.0,0.3,0.15,5.0,5.0,0.15,0.33,3.1,,,0.018,0.534,3.327,1.801,4.064,0.404,0.042,0.054,,,,,,,,,,,,"Lengua, de ternera, cruda",lengua de ternera cruda tongue veal roasted,"Tongue, veal, roasted",98,True,GRP-00459,OK,,,2026-09-20T03:50:39.818564+00:00,2026-09-20T03:50:39.818564+00:00
BEDCA-986,"Liebre, entera, cruda","Liebre, entera, cruda","Liebre, entera, cruda","Hare, whole, raw",liebre entera cruda,,A0150 A0459 A0633 A0714 A0726 A0737 A0793 B2695 C0269 E0150 F0003 G0003 H0001 J0001 K0003 M0001 N0001 P0024 R0212 R0497 Z0215,BEDCA,986,ES,es,generic,,,crudo,,0.8,100g,192.23,804.3,False,29.9,0.0,,,8.0,0.9,0.82,0.58,,,,0.0,50.0,0.125,True,65.0,62.1,0.0,9.05,2.4,24.0,220.0,360.0,2.2,0.22,2.0,17.0,0.0,0.0,,0.27,0.3,1.0,5.0,0.09,0.06,10.5,0.8,,,,,,,,,,,,,,,,,,,,,"Liebre, entera, cruda",liebre entera cruda hare whole raw,"Hare, whole, raw",93,True,GRP-00473,OK,,,2026-09-20T03:50:39.818564+00:00,2026-09-20T03:50:39.818564+00:00
BEDCA-988,"Salchicha, tipo país, a la plancha","Salchicha, tipo país, a la plancha","Salchicha, tipo país, a la plancha","Sausage, ""país"" type, griddle",salchicha tipo pais a la plancha,,A0221 A0459 A0633 A0667 A0714 A0726 A0799 B1136 C0269 E0134 F0014 G0006 H0229 H0262 J0131 K0003 M0001 N0001 P0024 R0212 R0497 Z0096 Z0099,BEDCA,988,ES,es,generic,,,a_la_plancha,,1.0,100g,384.04,1606.81,False,18.57,0.86,0.86,0.0,34.5,8.57,10.68,2.42,,,,0.0,857.14,2.1428,True,85.71,42.86,0.0,21.43,1.71,11.43,178.57,214.29,3.93,,5.5,9.2,0.0,1.14,0.0,0.29,0.23,1.14,2.14,0.29,0.18,3.2,,,,,,,,,,,,,,,,,,,,,,"Salchicha, tipo país, a la plancha",salchicha tipo pais la plancha sausage type griddle,"Sausage, ""país"" type, griddle",98,True,GRP-00802,OK,,,2026-09-20T03:50:39.818564+00:00,2026-09-20T03:50:39.818564+00:00
BEDCA-989,"Ternera, parte s/e, asada","Ternera, parte s/e, asada","Ternera, parte s/e, asada","Veal, part n/e, roasted, with separable fat",ternera parte s e asada,,A0150 A0459 A0633 A0714 A0726 A0737 A0799 B1349 C0269 E0150 F0014 G0005 H0001 J0001 K0003 M0001 N0001 P0024 R0212 R0497 Z0018 Z0111,BEDCA,989,ES,es,generic,,,asado,,1.0,100g,221.01,924.69,False,29.5,0.0,0.0,0.0,11.4376,4.4,5.1,1.4,,,,0.0,84.0,0.21,True,107.0,56.8,0.0,12.0,1.2,23.0,245.0,378.0,2.1,,3.0,15.1,,0.0,,0.15,0.33,1.3,10.0,0.09,0.3,7.2,,,,,,,,,,,,,,,,,,,,,,"Ternera, parte s/e, asada",ternera parte asada veal part roasted with separable fat,"Veal, part n/e, roasted, with separable fat",98,True,GRP-00863,OK,,,2026-09-20T03:50:39.818564+00:00,2026-09-20T03:50:39.818564+00:00
BEDCA-990,"Pavo, pechuga, sin piel, a la plancha","Pavo, pechuga, sin piel, a la plancha","Pavo, pechuga, sin piel, a la plancha","Turkey, breast, without skin, grilled",pavo pechuga sin piel a la plancha,,A0273 A0459 A0633 A0715 A0726 A0741 A0795 B1236 C0268 E0150 F0014 G0006 H0003 J0001 K0003 M0001 N0001 P0024 R0212 R0497 Z0003 Z0045 Z0111,BEDCA,990,ES,es,generic,,,a_la_plancha,,1.0,100g,144.88,606.18,False,29.9,0.0,0.0,0.0,2.6455,1.0,0.6,0.9,,,,0.0,156.0,0.39,True,69.0,66.9,0.0,11.0,1.4,21.0,170.0,267.0,2.1,,2.0,22.4,0.00167,0.0,0.0,0.2,0.54,0.37,8.0,0.06,0.13,6.8,,,,,,,,,,,,,,,,,,,,,,"Pavo, pechuga, sin piel, a la plancha",pavo pechuga sin piel la plancha turkey breast without skin grilled,"Turkey, breast, without skin, grilled",98,True,GRP-00632,OK,,,2026-09-20T03:50:39.818564+00:00,2026-09-20T03:50:39.818564+00:00
BEDCA-991,"Ternera, lomo, crudo, con grasa separable","Ternera, lomo, crudo, con grasa separable","Ternera, lomo, crudo, con grasa separable","Veal, loin, raw, with separable fat",ternera lomo crudo con grasa separable,,A0150 A0459 A0633 A0714 A0726 A0737 A0794 B1349 C0269 E0150 F0003 G0003 H0001 J0001 K0003 M0001 N0001 P0024 R0212 R0497 Z0031 Z0112,BEDCA,991,ES,es,generic,,,crudo,,1.0,100g,111.26,465.5,False,20.2,0.0,,,3.3,1.0,1.1,0.34,,,,0.0,60.0,0.15,True,80.0,76.5,0.0,9.2,1.8,12.9,200.0,350.0,3.5,0.1,5.6,8.8,,0.0,,0.2,0.28,1.0,9.5,0.04,0.17,7.6,1.39,,,,,,,,,,,,,,,,,,,,,"Ternera, lomo, crudo, con grasa separable",ternera lomo crudo con grasa separable veal loin raw with fat,"Veal, loin, raw, with separable fat",93,True,GRP-00862,OK,,,2026-09-20T03:50:39.818564+00:00,2026-09-20T03:50:39.818564+00:00
BEDCA-992,"Pollo, muslo, con piel, asado","Pollo, muslo, con piel, asado","Pollo, muslo, con piel, asado","Chicken, leg, with skin, roasted",pollo muslo con piel asado,,A0273 A0459 A0633 A0715 A0726 A0741 A0795 B1457 C0267 E0150 F0014 G0005 H0003 J0003 K0003 M0001 N0001 P0024 R0212 R0497 Z0110 Z0159,BEDCA,992,ES,es,generic,,,asado,,1.0,100g,226.24,946.6,False,26.3,0.0,0.0,0.0,13.5,3.7,5.2,3.0,,,,0.0,89.0,0.2225,True,91.0,59.4,0.0,11.0,1.3,19.0,140.0,190.0,1.1,,6.9,7.3,39.0,0.0,0.4,0.27,0.33,0.3,7.0,0.07,0.21,6.2,1.2,2.0,,,,,,,,,,,,,,,,,,,,"Pollo, muslo, con piel, asado",pollo muslo con piel asado chicken leg with skin roasted,"Chicken, leg, with skin, roasted",98,True,GRP-00680,OK,,,2026-09-20T03:50:39.818564+00:00,2026-09-20T03:50:39.818564+00:00
BEDCA-993,"Pollo, muslo, con piel, crudo","Pollo, muslo, con piel, crudo","Pollo, muslo, con piel, crudo","Chicken, leg, with skin, raw",pollo muslo con piel crudo,,A0273 A0459 A0633 A0715 A0726 A0741 A0795 B1457 C0267 E0150 F0003 G0003 H0003 J0003 K0003 M0001 N0001 P0024 R0212 R0497 Z0112 Z0159,BEDCA,993,ES,es,generic,,,crudo,,1.0,100g,109.3,457.3,False,19.5,,,,3.4,1.4,1.4,0.49,,,,0.0,82.0,0.205,True,68.3,77.1,0.0,12.4,1.5,21.0,151.0,204.0,0.8,0.07,6.9,13.5,,1.7,,0.1,0.42,,11.4,0.1,0.2,7.8,1.23,,,,,,,,,,,,,,,,,,,,,"Pollo, muslo, con piel, crudo",pollo muslo con piel crudo chicken leg with skin raw,"Chicken, leg, with skin, raw",87,True,GRP-00681,OK,,,2026-09-20T03:50:39.818564+00:00,2026-09-20T03:50:39.818564+00:00
BEDCA-994,"Pollo, pechuga, con piel, crudo","Pollo, pechuga, con piel, crudo","Pollo, pechuga, con piel, crudo","Chicken, breast, with skin, raw",pollo pechuga con piel crudo,,A0273 A0459 A0633 A0715 A0726 A0741 A0795 B1457 C0267 E0150 F0003 G0003 H0003 J0003 K0003 M0001 N0001 P0024 R0212 R0497 Z0112 Z0158,BEDCA,994,ES,es,generic,,,crudo,,1.0,100g,104.47,437.1,False,23.1,0.0,,,1.2,0.33,0.3,0.28,,,,0.0,65.0,0.1625,True,58.0,75.7,0.0,22.8,1.5,22.4,196.0,255.0,1.4,0.041,1.8,,0.34,,,0.27,0.35,0.35,4.8,0.1,0.12,8.7,0.82,,,,,,,,,,,,,,,,,,,,,"Pollo, pechuga, con piel, crudo",pollo pechuga con piel crudo chicken breast with skin raw,"Chicken, breast, with skin, raw",93,True,GRP-00683,OK,,,2026-09-20T03:50:39.818564+00:00,2026-09-20T03:50:39.818564+00:00
BEDCA-995,"Vaca/buey, parte s/e, asado","Vaca/buey, parte s/e, asado","Vaca/buey, parte s/e, asado","Beef, part n/e, roasted, with separable fat",vaca buey parte s e asado,,A0150 A0459 A0633 A0714 A0726 A0737 A0799 B1201 C0269 E0152 F0014 G0005 H0001 J0001 K0003 M0001 N0001 P0024 R0212 R0497 Z0018 Z0110,BEDCA,995,ES,es,generic,,,asado,,1.0,100g,229.7,961.06,False,31.0,0.0,0.0,0.0,11.7314,5.0,5.7,0.48,,,,0.0,60.0,0.15,True,70.0,55.7,0.0,15.0,4.0,24.0,200.0,270.0,4.6,,6.0,3.0,,0.0,,0.3,0.3,2.0,8.0,0.05,0.3,3.0,,,,,,,,,,,,,,,,,,,,,,"Vaca/buey, parte s/e, asado",vaca buey parte asado beef part roasted with separable fat,"Beef, part n/e, roasted, with separable fat",98,True,GRP-00886,OK,,,2026-09-20T03:50:39.818564+00:00,2026-09-20T03:50:39.818564+00:00
BEDCA-996,"Vaca/buey, solomillo, a la plancha","Vaca/buey, solomillo, a la plancha","Vaca/buey, solomillo, a la plancha","Beef, sirloin, grilled",vaca buey solomillo a la plancha,,A0150 A0459 A0633 A0714 A0726 A0737 A0799 B1201 C0269 E0152 F0014 G0006 H0001 J0001 K0003 M0001 N0001 P0024 R0212 R0497 Z0027 Z0110,BEDCA,996,ES,es,generic,,,a_la_plancha,,1.0,100g,165.86,693.95,False,28.1,0.0,0.0,0.0,5.8447,2.6,2.7,0.27,,,,0.0,60.0,0.15,True,60.0,64.0,0.0,6.0,3.0,25.0,240.0,400.0,4.3,,6.0,3.0,,0.0,,0.3,0.4,2.0,15.0,0.09,0.3,4.5,,,,,,,,,,,,,,,,,,,,,,"Vaca/buey, solomillo, a la plancha",vaca buey solomillo la plancha beef sirloin grilled,"Beef, sirloin, grilled",98,True,GRP-00888,OK,,,2026-09-20T03:50:39.818564+00:00,2026-09-20T03:50:39.818564+00:00
BEDCA-997,"Vaca/buey, parte s/e, estofado","Vaca/buey, parte s/e, estofado","Vaca/buey, parte s/e, estofado","Beef, part n/e, stewed, with separable fat",vaca buey parte s e estofado,,A0150 A0459 A0633 A0714 A0726 A0737 A0799 B1201 C0269 E0152 F0014 G0020 H0001 J0001 K0003 M0001 N0001 P0024 R0212 R0497 Z0018 Z0109,BEDCA,997,ES,es,generic,,,,,1.0,100g,195.57,818.27,False,30.0,0.0,0.0,0.0,8.33158,3.6,4.0,0.34,,,,0.0,68.0,0.17,True,70.0,60.8,0.0,11.0,3.7,23.0,240.0,320.0,1.0,,6.0,3.0,,0.0,,0.45,0.3,2.0,10.0,0.06,0.26,4.0,,,,,,,,,,,,,,,,,,,,,,"Vaca/buey, parte s/e, estofado",vaca buey parte estofado beef part stewed with separable fat,"Beef, part n/e, stewed, with separable fat",98,True,GRP-00887,OK,,,2026-09-20T03:50:39.818564+00:00,2026-09-20T03:50:39.818564+00:00
BEDCA-999,"Grosella, cruda","Grosella, cruda","Grosella, cruda","Red currant, raw",grosella cruda,,A0143 A0455 A0629 A0671 A0707 A0732 A0833 B1055 C0140 E0150 F0003 G0003 H0003 J0001 K0003 M0001 N0001 P0024 R0212 R0497 Z0112 Z0205,BEDCA,999,ES,es,generic,,,crudo,,1.0,100g,26.55,111.1,False,1.1,5.0,5.0,,0.2,,,0.09,,,,8.2,3.0,0.0075,True,0.0,82.8,0.0,36.0,1.2,13.0,30.0,280.0,0.0,0.11,1.0,0.6,3.5,40.0,0.0,0.1,0.05,0.0,40.0,0.04,0.06,0.3,0.06,,,,,,,,,,,,,,,,,,,,,"Grosella, cruda",grosella cruda red currant raw,"Red currant, raw",93,True,GRP-00370,OK,,,2026-09-20T03:50:39.818564+00:00,2026-09-20T03:50:39.818564+00:00
BEDCA-1000,Leche de cabra,Leche de cabra,Leche de cabra,Goat's milk,leche de cabra,,A0148 A0452 A0626 A0719 A0724 A0740 A0780 B2611 C0235 E0123 F0001 G0003 H0003 J0001 K0003 M0001 N0001 P0024 R0212 R0497 Z0112,BEDCA,1000,ES,es,generic,Milk and dairy products,"Milk, whey and cream",,,1.0,100g,64.44,269.64,False,3.4,4.4,4.4,0.0,3.7037,2.5,0.9,0.1,,0.0253,0.143,0.0,45.0,0.1125,True,11.0,87.5,0.0,120.0,0.1,14.0,103.0,185.0,0.5,0.03,0.0,2.0,40.0,2.0,0.06,0.03,0.04,0.1,1.0,0.04,0.15,1.1,0.41,0.0,0.206,0.518,1.378,0.6,1.14,0.131,0.022,0.012,0.0019,0.0014,,,,,,,,,,Leche de cabra,leche de cabra goat milk,Goat's milk,98,True,GRP-00443,OK,,,2026-09-20T03:50:39.818564+00:00,2026-09-20T03:50:39.818564+00:00
BEDCA-1001,"Lima, cruda","Lima, cruda","Lima, cruda","Lime, raw",lima cruda,,A0143 A0455 A0629 A0668 A0707 A0732 A0833 B1067 C0229 E0150 F0003 G0003 H0003 J0001 K0003 M0001 N0001 P0024 R0212 R0497 Z0112,BEDCA,1001,ES,es,generic,,,crudo,,0.74,100g,8.27,34.6,False,0.6,1.0,1.0,0.0,0.2,,,0.1,,,,2.8,3.0,0.0075,True,0.0,89.1,0.0,24.0,0.6,8.0,22.0,144.0,0.1,0.06,1.5,0.4,1.83333,42.0,0.0,0.8,0.04,0.0,10.0,0.03,0.02,0.2,0.22,,,,,,,,,,,,,,,,,,,,,"Lima, cruda",lima cruda lime raw,"Lime, raw",93,True,GRP-00475,OK,,,2026-09-20T03:50:39.818564+00:00,2026-09-20T03:50:39.818564+00:00
BEDCA-1002,Leche de oveja,Leche de oveja,Leche de oveja,Sheep's milk,leche de oveja,,A0148 A0452 A0626 A0719 A0724 A0740 A0780 B2610 C0235 E0123 F0001 G0003 H0003 J0001 K0003 M0001 N0001 P0024 R0212 R0497 Z0112,BEDCA,1002,ES,es,generic,,,,,1.0,100g,99.22,415.12,False,5.6,5.0,5.0,0.0,6.34921,4.1,1.6,0.3,,,,0.0,40.0,0.1,True,11.0,82.1,0.0,183.0,0.1,16.0,141.0,146.0,0.5,0.05,5.0,1.7,45.8333,4.0,0.18,0.11,0.08,0.5,5.0,0.05,0.23,1.7,0.45,0.0,0.259,0.673,1.523,0.59,1.02,0.13,0.068,,,,,,,,,,,,,Leche de oveja,leche de oveja sheep milk,Sheep's milk,98,True,GRP-00445,OK,,,2026-09-20T03:50:39.818564+00:00,2026-09-20T03:50:39.818564+00:00
BEDCA-1003,"Litchi, crudo","Litchi, crudo","Litchi, crudo","Litchis, raw",litchi crudo,,A0143 A0455 A0629 A0670 A0707 A0732 A0833 B1212 C0229 E0150 F0003 G0003 H0003 J0001 K0003 M0001 N0001 P0024 R0212 R0497 Z0112,BEDCA,1003,ES,es,generic,,,crudo,,0.62,100g,66.87,279.78,False,0.9,14.6,14.5,0.1,0.44,0.1,0.1,0.1,,,,1.3,1.0,0.0025,True,0.0,82.7,0.0,5.0,0.4,8.0,27.0,156.0,0.3,0.15,1.0,0.6,0.0,60.0,0.0,0.1,0.05,0.0,70.0,0.03,0.06,0.3,,,,,,,,,,,,,,,,,,,,,,"Litchi, crudo",litchi crudo litchis raw,"Litchis, raw",98,True,GRP-00477,OK,,,2026-09-20T03:50:39.818564+00:00,2026-09-20T03:50:39.818564+00:00
BEDCA-1005,Queso Cheddar,Queso Cheddar,Queso Cheddar,Cheddar cheese,queso cheddar,,A0311 A0452 A0626 A0720 A0724 A0776 B1201 C0245 E0147 F0001 G0003 H0107 H0133 H0292 H0298 J0131 K0003 M0001 N0001 P0024 R0212 R0497 Z0112 Z0147,BEDCA,1005,ES,es,generic,Milk and dairy products,Cheese,,,1.0,100g,403.16,1686.82,False,26.0,0.1,,0.0,33.5979,21.3,9.5,0.95,,,,0.0,700.0,1.75,True,110.0,36.0,0.0,740.0,0.4,28.0,470.0,100.0,2.3,,39.0,12.0,344.167,0.0,0.26,0.8,0.08,1.5,20.0,0.04,0.5,6.1,0.36,0.0,,,,,,,,,,,,,,,,,,,,Queso Cheddar,queso cheddar cheese,Cheddar cheese,93,True,GRP-00711,OK,,,2026-09-20T03:50:39.818564+00:00,2026-09-20T03:50:39.818564+00:00
BEDCA-1006,"Membrillo, crudo","Membrillo, crudo","Membrillo, crudo","Quince, raw",membrillo crudo,,A0143 A0455 A0629 A0649 A0707 A0732 A0833 B1298 C0229 E0150 F0003 G0003 H0003 J0001 K0003 M0001 N0001 P0024 R0212 R0497 Z0112,BEDCA,1006,ES,es,generic,,,crudo,,0.61,100g,28.81,120.53,False,0.3,6.3,6.3,,0.225,,0.08,0.1,,,,6.4,3.0,0.0075,True,0.0,84.2,0.0,14.0,0.3,6.0,19.0,200.0,0.5,0.13,,0.6,4.0,15.0,0.0,0.89,0.04,0.0,3.0,0.02,0.02,0.2,0.18,,,,,,,,,,,,,,,,,,,,,"Membrillo, crudo",membrillo crudo quince raw,"Quince, raw",93,True,GRP-00509,OK,,,2026-09-20T03:50:39.818564+00:00,2026-09-20T03:50:39.818564+00:00
BEDCA-1007,"Petit Suisse, natural azucarado","Petit Suisse, natural azucarado","Petit Suisse, natural azucarado","Petit-suisse type cheese, plain, with sugar",petit suisse natural azucarado,,A0185 A0452 A0626 A0721 A0724 A0776 A0783 B1201 C0245 E0119 F0018 G0003 H0101 H0136 H0296 J0109 J0131 K0003 M0188 N0036 N0042 P0024 R0212 R0497 Z0112,BEDCA,1007,ES,es,generic,,,,,1.0,100g,121.33,507.65,False,7.33333,14.3667,14.3667,0.0,3.75,2.54,1.14,0.12,0.2433,,0.104,0.0,55.5,0.1388,True,11.3,72.4333,0.0,120.0,0.1,12.9,108.5,157.0,0.4,,8.0,0.4,31.0,0.0,0.1,0.1,0.045,0.295,3.35,0.04,0.23,0.2,,,0.16,0.532,1.545,0.636,0.948,0.099,0.022,0.005,0.002,,,,,,,,,,,"Petit Suisse, natural azucarado",petit suisse natural azucarado type cheese plain with sugar,"Petit-suisse type cheese, plain, with sugar",98,True,GRP-00649,OK,,,2026-09-20T03:50:39.818564+00:00,2026-09-20T03:50:39.818564+00:00
BEDCA-1008,"Papaya, cruda","Papaya, cruda","Papaya, cruda","Papaya, without skin, raw",papaya cruda,,A0143 A0455 A0629 A0672 A0707 A0732 A0833 B1249 C0229 E0150 F0003 G0003 H0003 J0001 K0003 M0001 N0001 P0024 R0212 R0497 Z0112,BEDCA,1008,ES,es,generic,,,crudo,,0.72,100g,33.26,139.18,False,0.5,7.6,7.6,0.0,,,,,,,,1.9,3.0,0.0075,True,0.0,89.4,0.0,20.0,0.4,13.0,11.0,214.0,0.12,0.02,1.0,0.6,52.0,64.0,0.0,0.01,0.02,0.0,45.0,0.03,0.03,0.3,0.22,,,,,,,,,,,,,,,,,,,,,"Papaya, cruda",papaya cruda without skin raw,"Papaya, without skin, raw",87,True,GRP-00599,OK,,,2026-09-20T03:50:39.818564+00:00,2026-09-20T03:50:39.818564+00:00
BEDCA-1009,"Arroz integral, hervido","Arroz integral, hervido","Arroz integral, hervido","Rice, brown, boiled",arroz integral hervido,,A0125 A0457 A0631 A0696 A0729 A0814 B1322 C0133 E0150 F0014 G0014 H0003 J0116 K0003 M0001 N0001 P0024 R0212 R0497 Z0112 Z0205,BEDCA,1009,ES,es,generic,,,hervido,,1.0,100g,111.57,466.8,False,2.6,22.9,0.4,24.2,0.9,0.2,0.33,0.32,,,,1.8,5.0,0.0125,True,0.0,71.8,0.0,10.0,0.48,43.0,83.0,43.0,0.63,0.1,1.1,9.8,0.0,0.0,0.0,0.2,0.15,0.0,10.0,0.1,0.02,1.3,0.28,,,,,,,,,,,,,,,,,,,,,"Arroz integral, hervido",arroz integral hervido rice brown boiled,"Rice, brown, boiled",98,True,GRP-00069,OK,,,2026-09-20T03:50:39.818564+00:00,2026-09-20T03:50:39.818564+00:00
BEDCA-1010,"Avena, cruda","Avena, cruda","Avena, cruda","Oat, raw",avena cruda,,A0125 A0457 A0631 A0696 A0729 A0812 B1219 C0155 E0150 F0003 G0003 H0003 J0001 K0003 M0001 N0001 P0024 R0212 R0497 Z0112 Z0205,BEDCA,1010,ES,es,generic,,,crudo,,1.0,100g,399.07,1669.7,False,16.9,66.3,,,6.9,1.2,2.2,2.5,,,,10.6,2.0,0.005,True,0.0,0.0,0.0,54.0,4.72,177.0,523.0,429.0,3.97,0.63,6.0,5.0,0.0,0.0,0.0,0.7,0.12,0.0,56.0,0.76,0.14,0.96,1.35,,,,,,,,,,,,,,,,,,,,,"Avena, cruda",avena cruda oat raw,"Oat, raw",93,True,GRP-00080,OK,,,2026-09-20T03:50:39.818564+00:00,2026-09-20T03:50:39.818564+00:00
BEDCA-1011,Queso Gruyer,Queso Gruyer,Queso Gruyer,Gruyere cheese,queso gruyer,,A0186 A0311 A0452 A0626 A0720 A0724 A0776 B1201 C0245 E0122 F0001 G0003 H0247 H0253 H0328 J0001 K0003 M0001 N0001 P0024 R0212 R0497 Z0112,BEDCA,1011,ES,es,generic,,,,,1.0,100g,373.41,1562.36,False,23.42,0.36,,0.0,31.3,18.8,8.7,1.1,,,,0.0,429.14,1.0728,True,120.0,35.5,0.0,880.0,0.8,51.0,710.0,120.0,2.3,0.03,2.0,14.5,240.167,0.0,0.26,0.8,0.07,1.6,5.0,0.04,0.19,6.0,0.56,,,,,,,,,,,,,,,,,,,,,Queso Gruyer,queso gruyer gruyere cheese,Gruyere cheese,93,True,GRP-00735,OK,,,2026-09-20T03:50:39.818564+00:00,2026-09-20T03:50:39.818564+00:00
BEDCA-1012,Almidón de maíz,Almidón de maíz,Almidón de maíz,Corn starch,almidon de maiz,,A0149 A0457 A0631 A0662 A0696 A0729 A0812 B1232 C0203 E0106 F0003 G0003 H0134 H0138 J0003 K0003 M0001 N0001 P0024 R0212 R0497 Z0205 Z0215,BEDCA,1012,ES,es,generic,Grains and grain-based products,Cereals and similar,,,1.0,100g,372.46,1558.37,False,0.26,91.3,,,0.0,,,,,,,0.9,9.0,0.0225,True,0.0,7.5,0.0,2.0,0.47,3.0,13.0,3.0,0.06,0.05,0.5,2.8,0.0,0.0,0.0,0.0,0.0,0.0,0.0,0.0,0.0,0.3,0.0,,,,,,,,,,,,,,,,,,,,,Almidón de maíz,almidon de maiz corn starch,Corn starch,87,True,GRP-00046,OK,,,2026-09-20T03:50:39.818564+00:00,2026-09-20T03:50:39.818564+00:00
BEDCA-1013,"Pera, enlatada en almíbar","Pera, enlatada en almíbar","Pera, enlatada en almíbar","Pear, canned, in syrup",pera enlatada en almibar,,A0143 A0455 A0629 A0662 A0707 A0732 A0833 B1344 C0229 E0133 F0014 G0003 H0136 J0123 K0023 M0194 N0001 P0024 R0212 R0497 Z0112,BEDCA,1013,ES,es,generic,,,en_conserva,,1.0,100g,61.5,257.3,False,0.2,14.5,14.5,,0.2,0.007,0.02,0.023,,,,1.7,5.0,0.0125,True,0.0,83.3,0.0,6.0,0.3,4.0,7.0,66.0,0.1,0.02,,0.4,1.7,1.0,0.0,0.2,0.02,0.0,2.0,0.01,0.02,0.2,0.04,0.02,,,,,,,,,,,,,,,,,,,,"Pera, enlatada en almíbar",pera enlatada en almibar pear canned in syrup,"Pear, canned, in syrup",98,True,GRP-00635,OK,,,2026-09-20T03:50:39.818564+00:00,2026-09-20T03:50:39.818564+00:00
BEDCA-1014,"Cebada, cruda","Cebada, cruda","Cebada, cruda","Barley, raw",cebada cruda,,A0125 A0457 A0631 A0683 A0696 A0729 A0812 B1230 C0133 E0150 F0003 G0003 H0001 J0001 K0003 M0001 N0001 P0024 R0212 R0497 Z0205 Z0215,BEDCA,1014,ES,es,generic,,,crudo,,1.0,100g,321.68,1345.9,False,10.6,64.0,,,2.1,0.3,0.2,0.7,,,,14.8,4.0,0.01,True,0.0,8.5,0.0,50.0,6.0,91.0,380.0,560.0,3.3,0.3,7.0,1.0,0.0,0.0,0.0,0.9,0.56,0.0,50.0,0.31,0.1,7.8,0.7,10.0,,,,,,,,,,,,,,,,,,,,"Cebada, cruda",cebada cruda barley raw,"Barley, raw",93,True,GRP-00194,OK,,,2026-09-20T03:50:39.818564+00:00,2026-09-20T03:50:39.818564+00:00
BEDCA-1015,"Agua, con gas, embotellada","Agua, con gas, embotellada","Agua, con gas, embotellada","Sparkling water, bottled",agua con gas embotellada,,A0112 A0465 A0639 A0709 A0734 A0844 B1217 C0005 E0123 F0001 G0003 H0175 J0001 K0003 M0203 N0001 P0024 R0212 R0497 Z0112,BEDCA,1015,ES,es,generic,,,,,1.0,100g,0.0,0.0,False,0.0,0.0,0.0,0.0,,,,,,,,0.0,111.0,0.2775,True,0.0,100.0,0.0,2.77,0.0,0.83,0.0,4.8,0.0,,1.0,,0.0,0.0,0.0,0.0,0.0,0.0,0.0,0.0,0.0,0.0,,,,,,,,,,,,,,,,,,,,,,"Agua, con gas, embotellada",agua con gas embotellada sparkling water bottled,"Sparkling water, bottled",87,True,GRP-00023,OK,,,2026-09-20T03:50:39.818564+00:00,2026-09-20T03:50:39.818564+00:00
BEDCA-1017,"Uva negra, cruda","Uva negra, cruda","Uva negra, cruda","Red grape, raw",uva negra cruda,,A0143 A0455 A0629 A0671 A0707 A0732 A0833 B2121 C0140 E0150 F0003 G0003 H0003 J0001 K0003 M0001 N0001 P0024 R0212 R0497 Z0112,BEDCA,1017,ES,es,generic,,,crudo,,0.9,100g,71.61,299.6,False,0.6,15.5,15.5,0.0,0.7,0.054,0.007,0.048,,,,0.4,2.0,0.005,True,0.0,80.7,0.0,4.0,0.3,4.0,16.0,320.0,0.1,,2.0,0.1,7.0,4.0,0.0,0.7,0.1,0.0,27.0,0.04,0.02,0.3,0.05,,,,,,,,,,,,,,,,,,,,,"Uva negra, cruda",uva negra cruda red grape raw,"Red grape, raw",98,True,GRP-00884,OK,,,2026-09-20T03:50:39.818564+00:00,2026-09-20T03:50:39.818564+00:00
BEDCA-1018,Cereales desayuno base de arroz chocolateado,Cereales desayuno base de arroz chocolateado,Cereales desayuno base de arroz chocolateado,"Breakfast cereal, rice with chocolate",cereales desayuno base de arroz chocolateado,,A0258 A0457 A0631 A0692 A0729 A0768 A0816 B1322 C0208 E0153 F0014 G0003 H0138 H0181 H0215 H0216 H0227 H0231 H0268 J0116 K0003 M0155 N0001 P0024 R0212 R0497 Z0112,BEDCA,1018,ES,es,generic,,,,,1.0,100g,385.97,1614.9,False,6.0,86.6,,,1.1,1.0,0.6,0.1,,,,1.7,400.0,1.0,True,0.0,6.3,0.0,453.0,7.9,39.6,89.3,200.7,1.0,,4.8,9.2,0.0,0.0,0.0,0.0,1.7,0.8,167.0,1.2,1.3,15.0,,,,,,,,,,,,,,,,,,,,,,Cereales desayuno base de arroz chocolateado,cereales desayuno base de arroz chocolateado breakfast cereal rice with chocolate,"Breakfast cereal, rice with chocolate",93,True,GRP-00212,OK,,,2026-09-20T03:50:39.818564+00:00,2026-09-20T03:50:39.818564+00:00
BEDCA-1019,"Café, en grano o molido, descafeinado","Café, en grano o molido, descafeinado","Café, en grano o molido, descafeinado","Coffee, seed or powder, descaffeinated",cafe en grano o molido descafeinado,,A0268 A0465 A0639 A0662 A0710 A0845 B1305 C0155 E0117 F0014 G0003 H0138 H0140 J0001 K0003 M0001 N0001 P0024 R0212 R0497 Z0112,BEDCA,1019,ES,es,generic,,,,,1.0,100g,301.96,1263.4,False,10.4,30.4,,,15.4,5.2,1.1,5.1,,,,58.2,69.0,0.1725,True,0.0,43.8,0.0,120.0,3.8,222.0,148.0,1869.0,0.0,0.76,0.0,0.0,0.0,0.0,0.0,0.0,0.0,0.0,0.0,0.0,0.19,9.3,0.0,0.0,,,,,,,,,,,,,,,,,,,,"Café, en grano o molido, descafeinado",cafe en grano molido descafeinado coffee seed or powder descaffeinated,"Coffee, seed or powder, descaffeinated",93,True,GRP-00151,OK,,,2026-09-20T03:50:39.818564+00:00,2026-09-20T03:50:39.818564+00:00
BEDCA-1020,"Garbanzo, seco, crudo","Garbanzo, seco, crudo","Garbanzo, seco, crudo","Chickpea, dried, raw",garbanzo seco crudo,,A0152 A0455 A0629 A0680 A0704 A0731 A0831 B1172 C0133 E0150 F0003 G0003 H0138 J0116 J0123 K0003 M0001 N0001 P0024 R0212 R0497 Z0052 Z0112,BEDCA,1020,ES,es,generic,,,crudo,,1.0,100g,334.24,1398.47,False,19.305,49.2463,6.176,43.07,6.3,0.4275,1.8,2.8125,,0.102,2.629,14.9667,30.0,0.075,True,0.0,7.275,0.0,143.0,6.8,122.0,310.0,1000.0,2.0,,1.5,2.0,21.5,4.1,0.0,3.1,0.15,0.0,185.0,0.45,0.14,1.7,1.59,,0.0,0.009,0.508,0.086,1.365,2.629,0.102,0.0,0.0,0.0,,,,,,,,,,"Garbanzo, seco, crudo",garbanzo seco crudo chickpea dried raw,"Chickpea, dried, raw",98,True,GRP-00359,OK,,,2026-09-20T03:50:39.818564+00:00,2026-09-20T03:50:39.818564+00:00
BEDCA-1021,"Cerdo, solomillo, crudo","Cerdo, solomillo, crudo","Cerdo, solomillo, crudo","Pork, sirloin, raw",cerdo solomillo crudo,,A0150 A0459 A0633 A0714 A0726 A0737 A0794 B1136 C0269 E0150 F0003 G0001 H0247 J0001 K0003 M0001 N0001 P0024 Z0027,BEDCA,1021,ES,es,generic,,,crudo,,1.0,100g,130.43,545.7,False,21.0,0.0,0.0,0.0,5.1,2.05142,2.36703,0.441846,,,,0.0,53.0,0.1325,True,72.0,74.4,0.0,8.0,1.2,25.0,230.0,420.0,1.6,0.02,2.4,14.0,,0.0,,0.1,0.45,0.7,4.0,1.0,0.26,4.3,1.53,2.02,,,,,,,,,,,,,,,,,,,,"Cerdo, solomillo, crudo",cerdo solomillo crudo pork sirloin raw,"Pork, sirloin, raw",98,True,GRP-00210,OK,,,2026-09-20T03:50:39.818564+00:00,2026-09-20T03:50:39.818564+00:00
BEDCA-1022,"Anís, seco","Anís, seco","Anís, seco","Anisette, dry",anis seco,,A0277 A0465 A0639 A0713 A0734 A0850 B1347 C0174 E0139 F0014 G0003 H0136 H0148 H0229 H0232 H0270 K0003 M0132 N0040 N0042 P0024 R0212 Z0112 Z0170,BEDCA,1022,ES,es,generic,,,,,1.0,100g,263.98,1104.5,False,0.0,1.0,1.0,,,,,,,,,0.0,3.0,0.0075,True,0.0,61.4,37.5,0.0,0.0,0.0,0.0,2.0,,,0.0,0.0,0.0,0.0,0.0,0.0,0.0,0.0,0.0,0.0,0.0,0.0,,,,,,,,,,,,,,,,,,,,,,"Anís, seco",anis seco anisette dry,"Anisette, dry",87,True,GRP-00058,OK,,,2026-09-20T03:50:39.818564+00:00,2026-09-20T03:50:39.818564+00:00
BEDCA-1024,"Corazón, de vaca/buey, crudo","Corazón, de vaca/buey, crudo","Corazón, de vaca/buey, crudo","Beef (cow/ox), heart, raw",corazon de vaca buey crudo,,A0150 A0459 A0633 A0716 A0726 A0739 A0796 B1349 C0201 E0150 F0003 G0001 H0003 J0001 K0003 M0001 N0001 P0024 R0212 R0497 Z0112,BEDCA,1024,ES,es,generic,,,crudo,,1.0,100g,104.04,435.31,False,17.0,0.0,0.0,0.0,3.95437,1.6,0.98,0.54,,,,0.0,92.0,0.23,True,140.0,76.6,0.0,6.0,4.8,23.0,210.0,263.0,2.0,0.34,7.0,33.3,0.0,6.0,1.0,0.52,0.3,13.0,3.0,0.44,0.96,7.3,2.78,,,,,,,,,,,,,,,,,,,,,"Corazón, de vaca/buey, crudo",corazon de vaca buey crudo beef cow ox heart raw,"Beef (cow/ox), heart, raw",98,True,GRP-00278,OK,,,2026-09-20T03:50:39.818564+00:00,2026-09-20T03:50:39.818564+00:00
BEDCA-1026,Cereales desayuno base de arroz y miel,Cereales desayuno base de arroz y miel,Cereales desayuno base de arroz y miel,"Breakfast cereal, rice with honey",cereales desayuno base de arroz y miel,,A0631 A0692 A0729 A0768 A0816 B1322 C0208 E0153 F0014 G0003 H0138 H0149 H0181 H0215 H0216 H0227 H0268 J0116 K0003 M0155 N0001 P0024 R0212 R0497 Z0112,BEDCA,1026,ES,es,generic,,,,,1.0,100g,383.05,1602.7,False,5.1,87.0,,,1.0,0.27,0.34,0.38,,,,1.0,0.4,0.001,True,0.0,5.9,0.0,267.0,10.0,27.5,95.0,140.0,0.85,,5.0,25.6,566.0,51.0,4.25,0.5,1.7,0.85,200.0,1.2,1.6,15.3,,,,,,,,,,,,,,,,,,,,,,Cereales desayuno base de arroz y miel,cereales desayuno base de arroz miel breakfast cereal rice with honey,"Breakfast cereal, rice with honey",93,True,GRP-00214,OK,,,2026-09-20T03:50:39.818564+00:00,2026-09-20T03:50:39.818564+00:00
BEDCA-1027,Néctar de ciruela,Néctar de ciruela,Néctar de ciruela,Plum nectar,nectar de ciruela,,A0196 A0465 A0639 A0663 A0708 A0734 A0841 B1206 C0140 E0121 F0018 G0003 H0148 H0154 H0211 J0135 K0003 M0194 N0001 P0024 R0212 R0497 Z0112,BEDCA,1027,ES,es,generic,,,,,1.0,100g,15.03,62.9,False,0.3,3.4,,,,,,,,,,1.0,18.0,0.045,True,0.0,95.3,0.0,5.73,0.16,3.28,7.78,77.81,0.0,,0.0,,10.24,1.26,0.0,0.29,0.02,0.0,1.23,0.03,0.02,,,,,,,,,,,,,,,,,,,,,,,Néctar de ciruela,nectar de ciruela plum,Plum nectar,82,True,GRP-00552,OK,,,2026-09-20T03:50:39.818564+00:00,2026-09-20T03:50:39.818564+00:00
BEDCA-1028,"Cereales desayuno base de arroz, trigo y fruta","Cereales desayuno base de arroz, trigo y fruta","Cereales desayuno base de arroz, trigo y fruta","Breakfast cereal, rice, wheat and fruit",cereales desayuno base de arroz trigo y fruta,,A0258 A0457 A0631 A0692 A0729 A0768 A0816 B1322 C0208 E0153 F0014 G0003 H0138 H0181 H0215 H0216 H0227 H0268 H0319 H0364 J0116 K0003 M0155 N0001 P0024 R0212 R0497 Z0112,BEDCA,1028,ES,es,generic,,,,,1.0,100g,354.25,1482.2,False,5.8,76.6,,,2.2,1.4,,,,,,5.8,800.0,2.0,True,0.0,9.6,0.0,21.0,8.6,56.0,145.0,313.6,1.4,,4.0,20.6,7.4,90.0,7.5,11.4,3.0,1.5,300.0,2.1,2.4,27.0,,,,,,,,,,,,,,,,,,,,,,"Cereales desayuno base de arroz, trigo y fruta",cereales desayuno base de arroz trigo fruta breakfast cereal rice wheat and fruit,"Breakfast cereal, rice, wheat and fruit",93,True,GRP-00213,OK,,,2026-09-20T03:50:39.818564+00:00,2026-09-20T03:50:39.818564+00:00
BEDCA-1029,"Ternera, solomillo, sin grasa, crudo","Ternera, solomillo, sin grasa, crudo","Ternera, solomillo, sin grasa, crudo","Veal, sirloin, raw, with separable fat",ternera solomillo sin grasa crudo,,A0150 A0459 A0633 A0714 A0726 A0737 A0794 B1349 C0269 E0152 F0003 G0003 H0003 J0001 K0003 M0001 N0001 P0024 R0212 R0497 Z0027 Z0112,BEDCA,1029,ES,es,generic,,,crudo,,1.0,100g,109.12,456.57,False,20.19,0.0,0.0,0.0,3.06333,1.27743,1.30915,0.332768,,,,0.0,92.0,0.23,True,73.5,75.0,0.0,12.6,1.7,22.3,210.0,328.0,3.1,0.12,4.9,8.7,,0.0,,0.075,0.445,1.6,11.1,0.1,0.25,6.8,1.45,,,,,,,,,,,,,,,,,,,,,"Ternera, solomillo, sin grasa, crudo",ternera solomillo sin grasa crudo veal sirloin raw with separable fat,"Veal, sirloin, raw, with separable fat",98,True,GRP-00866,OK,,,2026-09-20T03:50:39.818564+00:00,2026-09-20T03:50:39.818564+00:00
BEDCA-1030,"Ternera, costilla, cruda","Ternera, costilla, cruda","Ternera, costilla, cruda","Veal, rib, raw, with separable fat",ternera costilla cruda,,A0150 A0459 A0633 A0714 A0726 A0737 A0794 B1349 C0269 E0122 F0003 G0003 H0003 J0001 K0003 M0001 N0001 P0024 R0212 R0497 Z0023 Z0112,BEDCA,1030,ES,es,generic,,,crudo,,1.0,100g,139.72,584.6,False,20.0,0.0,0.0,0.0,6.6107,2.6,2.9,0.8,,,,0.0,90.0,0.225,True,76.0,72.0,0.0,12.0,2.0,20.0,204.0,350.0,2.1,0.03,10.0,7.0,,0.0,,0.08,0.43,1.4,9.0,0.11,0.26,6.7,,,,,,,,,,,,,,,,,,,,,,"Ternera, costilla, cruda",ternera costilla cruda veal rib raw with separable fat,"Veal, rib, raw, with separable fat",98,True,GRP-00861,OK,,,2026-09-20T03:50:39.818564+00:00,2026-09-20T03:50:39.818564+00:00
BEDCA-1031,Cereales desayuno base de maíz y miel,Cereales desayuno base de maíz y miel,Cereales desayuno base de maíz y miel,"Breakfast cereal, corn with honey",cereales desayuno base de maiz y miel,,A0258 A0457 A0631 A0692 A0729 A0768 A0816 B1379 C0155 E0153 F0014 G0003 H0100 H0138 H0149 H0181 H0216 H0274 H0309 J0116 K0003 M0155 N0001 P0024 R0212 R0497 Z0112,BEDCA,1031,ES,es,generic,,,,,1.0,100g,392.57,1642.5,False,6.0,83.0,,,3.5,0.7,,,,,,3.0,500.0,1.25,True,0.0,4.5,0.0,453.0,7.9,17.4,51.3,79.0,0.4,,3.3,4.9,4.7,0.1,4.2,0.3,1.7,0.8,167.0,1.2,1.3,15.0,,,,,,,,,,,,,,,,,,,,,,Cereales desayuno base de maíz y miel,cereales desayuno base de maiz miel breakfast cereal corn with honey,"Breakfast cereal, corn with honey",93,True,GRP-00216,OK,,,2026-09-20T03:50:39.818564+00:00,2026-09-20T03:50:39.818564+00:00
BEDCA-1032,Cereales desayuno base de maíz y trigo,Cereales desayuno base de maíz y trigo,Cereales desayuno base de maíz y trigo,"Breakfast cereal, corn and wheat",cereales desayuno base de maiz y trigo,,A0258 A0457 A0631 A0692 A0729 A0768 A0816 B1379 C0155 E0153 F0014 G0003 H0100 H0138 H0181 H0215 H0216 H0274 H0319 J0116 K0003 M0155 N0001 P0024 R0212 R0497 Z0112,BEDCA,1032,ES,es,generic,,,,,1.0,100g,379.21,1586.6,False,6.0,80.8,,,3.0,1.8,,,,,,3.4,600.0,1.5,True,0.0,6.8,0.0,500.0,24.0,50.0,170.0,0.0,0.0,0.0,0.0,0.0,0.0,102.0,0.0,17.0,3.4,1.7,340.0,2.4,2.7,31.0,10.0,0.0,,,,,,,,,,,,,,,,,,,,Cereales desayuno base de maíz y trigo,cereales desayuno base de maiz trigo breakfast cereal corn and wheat,"Breakfast cereal, corn and wheat",93,True,GRP-00217,OK,,,2026-09-20T03:50:39.818564+00:00,2026-09-20T03:50:39.818564+00:00
BEDCA-1034,Cereales desayuno base de trigo azucarado,Cereales desayuno base de trigo azucarado,Cereales desayuno base de trigo azucarado,"Breakfast cereal, wheat with sugar",cereales desayuno base de trigo azucarado,,A0258 A0457 A0631 A0692 A0729 A0768 A0816 B1312 C0155 E0153 F0014 G0003 H0100 H0138 H0158 H0181 H0215 H0216 H0274 J0116 K0003 M0155 N0001 P0024 R0212 R0497 Z0112,BEDCA,1034,ES,es,generic,,,,,1.0,100g,383.01,1602.5,False,7.0,84.0,,,1.5,0.4,,,,,,3.5,10.0,0.025,True,0.0,4.0,0.0,267.0,7.9,10.4,26.0,72.2,2.77,,9.5,2.1,10.7,0.0,4.2,0.1,1.7,0.8,167.0,1.2,1.3,15.0,,,,,,,,,,,,,,,,,,,,,,Cereales desayuno base de trigo azucarado,cereales desayuno base de trigo azucarado breakfast cereal wheat with sugar,"Breakfast cereal, wheat with sugar",93,True,GRP-00220,OK,,,2026-09-20T03:50:39.818564+00:00,2026-09-20T03:50:39.818564+00:00
BEDCA-1035,Cereales desayuno base de trigo y arroz,Cereales desayuno base de trigo y arroz,Cereales desayuno base de trigo y arroz,"Breakfast cereal, wheat and rice",cereales desayuno base de trigo y arroz,,A0258 A0457 A0631 A0692 A0729 A0768 A0816 B1312 C0155 E0153 F0014 G0003 H0100 H0138 H0181 H0194 H0215 H0216 H0274 H0321 J0116 K0003 M0155 N0001 P0024 R0212 R0497 Z0112,BEDCA,1035,ES,es,generic,,,,,1.0,100g,378.59,1584.0,False,16.0,75.0,,,1.0,0.3,,,,,,2.5,792.9,1.9823,True,0.0,5.5,0.0,15.7,2.2,57.9,159.5,180.2,1.7,,4.7,9.2,0.0,100.0,8.3,0.3,3.3,1.7,333.0,2.3,2.7,30.0,,,,,,,,,,,,,,,,,,,,,,Cereales desayuno base de trigo y arroz,cereales desayuno base de trigo arroz breakfast cereal wheat and rice,"Breakfast cereal, wheat and rice",93,True,GRP-00221,OK,,,2026-09-20T03:50:39.818564+00:00,2026-09-20T03:50:39.818564+00:00
BEDCA-1036,Cereales desayuno base de trigo y frutas,Cereales desayuno base de trigo y frutas,Cereales desayuno base de trigo y frutas,"Breakfast cereal, wheat and fruit",cereales desayuno base de trigo y frutas,,A0258 A0457 A0631 A0692 A0729 A0768 A0816 B1312 C0155 E0153 F0014 G0003 H0100 H0138 H0181 H0194 H0215 H0216 H0274 H0364 J0116 K0003 M0155 N0001 P0024 R0212 R0497 Z0112,BEDCA,1036,ES,es,generic,,,,,1.0,100g,365.2,1528.0,False,8.0,71.0,,,5.0,2.5,,,,,,1.8,600.0,1.5,True,0.0,16.0,0.0,26.8,8.8,60.0,104.0,181.1,1.1,,6.1,9.6,6.0,2.5,0.1,0.3,1.3,0.65,250.0,0.9,1.0,11.3,,,,,,,,,,,,,,,,,,,,,,Cereales desayuno base de trigo y frutas,cereales desayuno base de trigo frutas breakfast cereal wheat and fruit,"Breakfast cereal, wheat and fruit",93,True,GRP-00222,OK,,,2026-09-20T03:50:39.818564+00:00,2026-09-20T03:50:39.818564+00:00
BEDCA-1038,Cereales desayuno base de trigo y miel,Cereales desayuno base de trigo y miel,Cereales desayuno base de trigo y miel,"Breakfast cereal, wheat and honey",cereales desayuno base de trigo y miel,,A0258 A0457 A0631 A0692 A0729 A0768 A0816 B1312 C0155 E0153 F0014 G0003 H0100 H0138 H0149 H0181 H0194 H0215 H0216 H0274 J0116 K0003 M0155 N0001 P0024 R0212 R0497 Z0112,BEDCA,1038,ES,es,generic,,,,,1.0,100g,394.86,1652.1,False,5.7,88.0,,,1.6,0.34,0.34,0.44,,,,1.5,0.1,0.0003,True,0.0,3.2,0.0,12.4,10.0,26.4,84.5,184.0,0.7,,8.5,5.9,0.3,51.0,4.25,0.5,1.7,0.85,200.0,1.2,1.6,15.3,,,,,,,,,,,,,,,,,,,,,,Cereales desayuno base de trigo y miel,cereales desayuno base de trigo miel breakfast cereal wheat and honey,"Breakfast cereal, wheat and honey",93,True,GRP-00223,OK,,,2026-09-20T03:50:39.818564+00:00,2026-09-20T03:50:39.818564+00:00
BEDCA-1039,"Cereales desayuno base de trigo, avena, maiz y miel","Cereales desayuno base de trigo, avena, maiz y miel","Cereales desayuno base de trigo, avena, maiz y miel","Breakfast cereal, wheat, oat, corn and honey",cereales desayuno base de trigo avena maiz y miel,,A0258 A0457 A0631 A0692 A0729 A0768 A0816 B1312 C0155 E0153 F0014 G0003 H0100 H0138 H0149 H0181 H0194 H0215 H0216 H0274 H0320 H0322 J0116 K0003 M0155 N0001 P0024 R0212 R0497 Z0112,BEDCA,1039,ES,es,generic,,,,,1.0,100g,396.82,1660.3,False,8.0,79.0,,,4.9,1.0,,,,,,3.0,0.7,0.0018,True,0.0,5.1,0.0,18.0,11.9,78.0,230.0,241.0,1.9,,8.5,5.9,0.3,51.0,3.5,0.0,1.7,0.85,170.0,1.2,1.4,15.3,,,,,,,,,,,,,,,,,,,,,,"Cereales desayuno base de trigo, avena, maiz y miel",cereales desayuno base de trigo avena maiz miel breakfast cereal wheat oat corn and honey,"Breakfast cereal, wheat, oat, corn and honey",93,True,GRP-00219,OK,,,2026-09-20T03:50:39.818564+00:00,2026-09-20T03:50:39.818564+00:00
BEDCA-1040,"Cereales desayuno base de trigo, avena, maíz, miel y nueces","Cereales desayuno base de trigo, avena, maíz, miel y nueces","Cereales desayuno base de trigo, avena, maíz, miel y nueces","Breakfast cereal, wheat, oat, corn, honey and nuts",cereales desayuno base de trigo avena maiz miel y nueces,,A0258 A0457 A0631 A0692 A0729 A0768 A0816 B1312 C0155 E0153 F0014 G0003 H0100 H0138 H0149 H0177 H0181 H0194 H0215 H0216 H0274 H0320 H0322 J0116 K0003 M0155 N0001 P0024 R0212 R0497 Z0112,BEDCA,1040,ES,es,generic,,,,,1.0,100g,390.97,1635.8,False,11.0,80.0,,,2.4,2.4,0.88,0.86,,,,4.4,775.0,1.9375,True,0.0,2.2,0.0,30.0,13.9,110.0,360.7,335.0,2.8,,25.1,5.1,0.0,0.0,0.0,0.71,0.6,0.0,60.0,0.1,0.13,4.79,,,,,,,,,,,,,,,,,,,,,,"Cereales desayuno base de trigo, avena, maíz, miel y nueces",cereales desayuno base de trigo avena maiz miel nueces breakfast cereal wheat oat corn honey and nuts,"Breakfast cereal, wheat, oat, corn, honey and nuts",93,True,GRP-00218,OK,,,2026-09-20T03:50:39.818564+00:00,2026-09-20T03:50:39.818564+00:00
BEDCA-1042,"Cereales desayuno, maíz azucarado","Cereales desayuno, maíz azucarado","Cereales desayuno, maíz azucarado","Breakfast cereal, corn with sugar",cereales desayuno maiz azucarado,,A0258 A0457 A0631 A0692 A0729 A0768 A0816 B1379 C0155 E0153 F0014 G0003 H0100 H0138 H0158 H0181 H0194 H0215 H0216 H0274 H0309 J0116 K0003 M0155 N0001 P0024 R0212 R0497 Z0112,BEDCA,1042,ES,es,generic,,,,,1.0,100g,380.26,1591.0,False,4.5,88.0,,,0.5,0.5,,,,,,1.5,0.5,0.0013,True,0.0,5.5,0.0,13.1,10.0,16.2,48.8,99.1,0.3,,4.7,4.7,9.3,51.0,4.25,0.1,1.7,0.85,200.0,1.2,1.6,15.3,,,,,,,,,,,,,,,,,,,,,,"Cereales desayuno, maíz azucarado",cereales desayuno maiz azucarado breakfast cereal corn with sugar,"Breakfast cereal, corn with sugar",93,True,GRP-00225,OK,,,2026-09-20T03:50:39.818564+00:00,2026-09-20T03:50:39.818564+00:00
BEDCA-1043,Croissant de chocolate,Croissant de chocolate,Croissant de chocolate,Croissant with chocolate,croissant de chocolate,,A0151 A0458 A0632 A0695 A0729 A0768 A0821 B1421 C0208 E0105 F0014 G0005 H0231 H0256 H0272 J0003 K0003 M0001 N0001 P0024 R0212 R0497 Z0112,BEDCA,1043,ES,es,generic,Grains and grain-based products,Fine bakery wares,,,1.0,100g,478.56,2002.3,False,5.6,79.1,,,15.2,6.6,5.8,1.3,0.078,,,3.0,110.0,0.275,True,130.0,0.0,0.0,82.0,4.0,16.0,87.0,170.0,2.0,,7.7,5.2,0.13,0.0,3.0,3.5,0.07,0.0,4.0,0.11,0.03,0.9,,,0.107,0.158,5.488,0.68,3.894,1.482,0.018,,,,,,,,,,,,,Croissant de chocolate,croissant de chocolate with,Croissant with chocolate,93,True,GRP-00303,OK,,,2026-09-20T03:50:39.818564+00:00,2026-09-20T03:50:39.818564+00:00
BEDCA-1044,"Donut, de chocolate","Donut, de chocolate","Donut, de chocolate","Doughnut, with chocolate",donut de chocolate,,A0248 A0458 A0632 A0695 A0729 A0768 A0821 B1312 C0208 E0105 F0014 G0029 H0158 H0184 H0186 H0227 H0233 H0263 H0355 H0408 H0472 H0555 H0580 J0001 K0003 M0001 N0001 P0024 R0212 R0497 Z0112,BEDCA,1044,ES,es,generic,,,,,1.0,100g,452.2,1892.0,False,4.93,51.33,,,25.25,13.47,8.618,1.96,0.2576,0.166,1.794,1.9,440.6,1.1015,True,19.0,16.76,0.0,97.5,4.0,19.3,107.3,103.4,3.3,,6.3,6.8,4.0,1.3,0.0,2.02,0.024,0.1,65.0,0.163,0.125,1.59,,,3.71,1.358,3.675,3.792,8.352,1.794,0.166,0.0,0.0,0.0,,,,,,,,,,"Donut, de chocolate",donut de chocolate doughnut with,"Doughnut, with chocolate",93,True,GRP-00311,OK,,,2026-09-20T03:50:39.818564+00:00,2026-09-20T03:50:39.818564+00:00
BEDCA-1045,"Guisante, congelado, hervido","Guisante, congelado, hervido","Guisante, congelado, hervido","Pea, frozen, boiled",guisante congelado hervido,,A0152 A0455 A0629 A0650 A0704 A0730 A0831 B1338 C0133 E0131 F0014 G0014 H0001 J0136 K0003 M0166 M0197 N0001 P0024 R0212 R0497 Z0112 Z0205,BEDCA,1045,ES,es,generic,,,hervido,,1.0,100g,60.35,252.5,False,6.0,6.89409,2.62136,4.27273,0.9,0.2,0.1,0.5,,,,7.3,2.0,0.005,True,0.0,78.3,0.0,35.0,1.6,21.0,99.0,150.0,0.7,,1.6,0.88,67.5,14.86,0.0,0.18,0.09,0.0,47.0,0.26,0.09,1.6,,,,,,,,,,,,,,,,,,,,,,"Guisante, congelado, hervido",guisante congelado hervido pea frozen boiled,"Pea, frozen, boiled",98,True,GRP-00377,OK,,,2026-09-20T03:50:39.818564+00:00,2026-09-20T03:50:39.818564+00:00
BEDCA-1046,"Galleta ,tipo ""digestiva"", con chocolate","Galleta ,tipo ""digestiva"", con chocolate","Galleta ,tipo ""digestiva"", con chocolate","Cookie, ""digestive"" type, with chocolate",galleta tipo digestiva con chocolate,,A0203 A0458 A0632 A0663 A0695 A0729 A0821 B1312 C0133 E0140 F0014 G0005 H0158 H0272 H0355 J0100 K0003 M0001 N0001 P0024 R0212 R0497 Z0112,BEDCA,1046,ES,es,generic,,,,,1.0,100g,510.95,2137.8,False,6.8,66.5,,,24.1,12.2,8.9,1.8,,,,3.1,450.0,1.125,True,51.0,0.0,0.0,84.0,2.1,41.0,130.0,210.0,1.0,0.24,7.4,4.3,,0.0,,1.1,0.08,,8.6,0.08,0.11,2.7,,,,,,,,,,,,,,,,,,,,,,"Galleta ,tipo ""digestiva"", con chocolate",galleta tipo digestiva con chocolate cookie digestive type with,"Cookie, ""digestive"" type, with chocolate",93,True,GRP-00345,OK,,,2026-09-20T03:50:39.818564+00:00,2026-09-20T03:50:39.818564+00:00
BEDCA-1047,"Sesos, de ternera, crudos","Sesos, de ternera, crudos","Sesos, de ternera, crudos","Brain, veal, raw",sesos de ternera crudos,,A0150 A0459 A0633 A0716 A0726 A0739 A0796 B1349 C0199 E0151 F0003 G0003 H0003 J0001 K0003 M0001 N0001 P0024 R0212 R0497 Z0112,BEDCA,1047,ES,es,generic,,,crudo,,1.0,100g,118.31,495.0,False,10.4,0.0,0.0,0.0,8.6,2.0,1.7,1.0,0.0288,0.439,0.461,0.0,127.0,0.3175,True,2100.0,79.0,0.0,12.0,2.1,14.0,320.0,260.0,1.4,0.22,,10.0,0.0,18.0,0.0,1.2,0.16,10.0,6.0,0.16,0.26,4.0,2.72,,0.003,0.015,0.86,1.117,1.118,0.036,0.048,0.425,0.031,0.36,,,,,,,,,,"Sesos, de ternera, crudos",sesos de ternera crudos brain veal raw,"Brain, veal, raw",98,True,GRP-00839,OK,,,2026-09-20T03:50:39.818564+00:00,2026-09-20T03:50:39.818564+00:00
BEDCA-1048,"Galleta, barquillo, con jalea de frutas","Galleta, barquillo, con jalea de frutas","Galleta, barquillo, con jalea de frutas","Biscuit, fruit jam filled, comercial",galleta barquillo con jalea de frutas,,A0203 A0458 A0632 A0663 A0695 A0729 A0821 B1421 C0208 E0140 F0014 G0005 H0122 H0136 H0186 H0207 H0227 H0272 J0116 K0003 M0001 N0001 P0024 R0212 R0497 Z0112,BEDCA,1048,ES,es,generic,,,,,1.0,100g,367.69,1538.4,False,5.2,73.0,55.7,17.3,5.64854,1.8,2.3,1.3,0.0318,,,2.0,188.0,0.47,True,20.0,11.5,0.0,23.0,1.3,17.0,84.0,97.0,0.23,,6.5,3.4,145.0,1.0,0.61,0.45,0.07,0.0,12.0,0.04,0.09,0.09,,,11.15,4.305,2.281,2.038,0.88,0.284,0.007,,,,,,,,,,,,,"Galleta, barquillo, con jalea de frutas",galleta barquillo con jalea de frutas biscuit fruit jam filled comercial,"Biscuit, fruit jam filled, comercial",98,True,GRP-00341,OK,,,2026-09-20T03:50:39.818564+00:00,2026-09-20T03:50:39.818564+00:00
BEDCA-1049,"Guisante, seco, crudo","Guisante, seco, crudo","Guisante, seco, crudo","Pea, dried, raw",guisante seco crudo,,A0152 A0455 A0629 A0650 A0704 A0730 A0831 B1338 C0133 E0131 F0001 G0003 H0138 J0116 K0003 M0001 N0001 P0024 R0212 R0497 Z0052 Z0112,BEDCA,1049,ES,es,generic,,,crudo,,1.0,100g,335.64,1404.3,False,21.6,56.0,,,2.3,0.77,0.66,0.23,,0.035,0.152,16.7,40.0,0.1,True,0.0,3.4,0.0,72.0,5.3,123.0,330.0,900.0,3.5,0.87,2.0,1.6,42.0,2.0,0.0,0.3,0.13,0.0,42.0,0.7,0.2,5.2,1.76,,0.0,0.0,0.064,0.007,0.035,0.152,0.035,0.0,0.0,0.0,,,,,,,,,,"Guisante, seco, crudo",guisante seco crudo pea dried raw,"Pea, dried, raw",93,True,GRP-00378,OK,,,2026-09-20T03:50:39.818564+00:00,2026-09-20T03:50:39.818564+00:00
BEDCA-1050,"Galleta, cubierta de chocolate","Galleta, cubierta de chocolate","Galleta, cubierta de chocolate","Cookie, chocolate covered",galleta cubierta de chocolate,,A0203 A0458 A0632 A0663 A0695 A0729 A0821 B1312 C0208 E0140 F0014 G0003 H0158 H0184 H0228 H0263 H0351 H0355 J0001 K0003 M0001 N0001 P0024 R0212 R0497 Z0112,BEDCA,1050,ES,es,generic,,,,,1.0,100g,541.09,2263.9,False,5.7,67.4,,,27.6,16.7,8.0,1.1,0.068,,,2.9,160.0,0.4,True,22.0,0.0,0.0,110.0,1.7,42.0,130.0,230.0,0.8,0.25,20.1,5.7,,0.0,0.0,1.43,0.04,0.0,6.0,0.03,0.13,1.7,,,0.955,0.482,4.747,3.899,5.759,1.536,0.111,,,,,,,,,,,,,"Galleta, cubierta de chocolate",galleta cubierta de chocolate cookie covered,"Cookie, chocolate covered",93,True,GRP-00342,OK,,,2026-09-20T03:50:39.818564+00:00,2026-09-20T03:50:39.818564+00:00
BEDCA-1051,"Galletas, con chocolate, tipo ""cookies""","Galletas, con chocolate, tipo ""cookies""","Galletas, con chocolate, tipo ""cookies""","Cookie, with chocolate",galletas con chocolate tipo cookies,,A0203 A0458 A0632 A0663 A0695 A0729 A0821 B1312 C0208 E0140 F0014 G0003 H0158 H0184 H0228 H0231 H0263 H0351 J0001 K0003 M0001 N0001 P0024 R0212 R0497 Z0112,BEDCA,1051,ES,es,generic,,,,,1.0,100g,489.13,2046.54,False,6.2,64.3,26.7,37.6,22.92,6.9527,8.9542,6.0046,0.805,,,1.8,220.0,0.55,True,88.0,5.7,0.0,78.0,1.3,12.0,82.0,92.0,0.7,,29.1,2.8,245.833,0.0,2.2,2.32,0.07,0.0,5.0,0.12,0.08,0.8,,,2.587,1.346,7.621,4.496,10.981,2.908,0.095,,,,,,,,,,,,,"Galletas, con chocolate, tipo ""cookies""",galletas con chocolate tipo cookies cookie with,"Cookie, with chocolate",98,True,GRP-00347,OK,,,2026-09-20T03:50:39.818564+00:00,2026-09-20T03:50:39.818564+00:00
BEDCA-1052,"Galletas, de mantequilla","Galletas, de mantequilla","Galletas, de mantequilla",Butter cookie,galletas de mantequilla,,A0203 A0458 A0632 A0663 A0695 A0729 B1312 C0208 E0140 F0014 G0005 H0136 H0186 H0228 H0271 H0351 J0001 K0003 M0001 N0001 P0024 R0212 R0497 Z0112,BEDCA,1052,ES,es,generic,,,,,1.0,100g,481.6,2015.0,False,7.0,68.0,25.0,43.0,20.0,11.2,6.1,1.0,0.382,,,1.6,410.0,1.025,True,107.0,2.0,0.0,60.0,1.8,17.0,85.0,130.0,0.9,,8.5,5.6,190.667,0.0,0.5,1.3,0.05,,13.0,0.16,0.04,0.9,,,0.81,1.826,10.917,3.254,7.515,1.441,0.103,,,,,,,,,,,,,"Galletas, de mantequilla",galletas de mantequilla butter cookie,Butter cookie,98,True,GRP-00348,OK,,,2026-09-20T03:50:39.818564+00:00,2026-09-20T03:50:39.818564+00:00
BEDCA-1053,"Hígado, de vaca/buey, crudo","Hígado, de vaca/buey, crudo","Hígado, de vaca/buey, crudo","Liver, beef, raw",higado de vaca buey crudo,,A0150 A0459 A0633 A0714 A0726 A0739 A0796 B1201 C0176 E0150 F0003 G0003 H0003 J0001 K0003 M0001 N0001 P0024 R0212 R0497 Z0112,BEDCA,1053,ES,es,generic,,,crudo,,1.0,100g,135.52,567.0,False,21.1,3.5,0.0,3.5,4.02159,1.5,0.64,0.84,0.2515,0.1,0.796,0.0,96.0,0.24,True,300.0,70.0,0.0,7.0,7.2,17.0,358.0,325.0,4.0,3.2,3.0,41.3,10250.0,25.0,1.2,0.5,0.8,81.0,266.0,0.26,2.9,12.78,7.62,,0.003,0.035,0.942,0.975,0.821,0.507,0.019,0.289,0.014,0.067,,,,,,,,,,"Hígado, de vaca/buey, crudo",higado de vaca buey crudo liver beef raw,"Liver, beef, raw",98,True,GRP-00398,OK,,,2026-09-20T03:50:39.818564+00:00,2026-09-20T03:50:39.818564+00:00
BEDCA-1054,Harina de avena,Harina de avena,Harina de avena,Oat flour,harina de avena,,A0149 A0457 A0631 A0693 A0729 A0759 A0813 B1219 C0208 E0106 F0003 G0003 H0138 J0116 K0003 M0001 N0001 P0024 R0212 R0497 Z0112 Z0205,BEDCA,1054,ES,es,generic,Grains and grain-based products,Cereals and similar,,,1.0,100g,351.98,1472.7,False,15.0,57.7,,,6.4,1.1,2.1,2.4,,,,10.0,9.0,0.0225,True,0.0,10.9,0.0,52.0,3.8,110.0,380.0,350.0,4.5,,20.0,8.6,0.0,0.0,0.0,1.7,0.12,0.0,3.8,0.5,0.14,0.1,1.3,20.0,,,,,,,,,,,,,,,,,,,,Harina de avena,harina de avena oat flour,Oat flour,93,True,GRP-00386,OK,,,2026-09-20T03:50:39.818564+00:00,2026-09-20T03:50:39.818564+00:00
BEDCA-1055,"Harina de avena, cocida en agua","Harina de avena, cocida en agua","Harina de avena, cocida en agua","Oat flour, boiled in water",harina de avena cocida en agua,,A0149 A0457 A0631 A0693 A0729 A0759 A0813 B1219 C0208 E0106 F0014 G0014 H0138 J0116 K0003 M0001 N0001 P0024 R0212 R0497 Z0112 Z0205,BEDCA,1055,ES,es,generic,,,cocido,,1.0,100g,46.15,193.1,False,1.4,8.0,,,0.9,0.16,0.32,0.36,,,,0.8,580.0,1.45,True,0.0,88.9,0.0,5.0,0.5,15.0,45.0,40.0,1.5,,8.3,5.6,1.1,0.0,0.0,0.2,0.01,0.0,5.0,0.05,0.01,0.1,0.1,,,,,,,,,,,,,,,,,,,,,"Harina de avena, cocida en agua",harina de avena cocida en agua oat flour boiled in water,"Oat flour, boiled in water",93,True,GRP-00385,OK,,,2026-09-20T03:50:39.818564+00:00,2026-09-20T03:50:39.818564+00:00
BEDCA-1056,Harina de cebada,Harina de cebada,Harina de cebada,Barley flour,harina de cebada,,A0149 A0457 A0631 A0693 A0729 A0759 A0813 B1230 C0208 E0106 F0003 G0003 H0138 J0116 K0003 M0001 N0001 P0024 R0212 R0497 Z0112 Z0205,BEDCA,1056,ES,es,generic,,,,,1.0,100g,359.51,1504.2,False,10.5,74.5,,,1.6,0.34,0.21,0.77,,,,10.1,4.0,0.01,True,0.0,3.3,0.0,32.0,2.68,96.0,296.0,309.0,2.0,0.34,5.0,8.6,0.0,0.0,0.0,0.2,0.4,0.0,8.0,0.37,0.11,6.27,0.145,,,,,,,,,,,,,,,,,,,,,Harina de cebada,harina de cebada barley flour,Barley flour,93,True,GRP-00387,OK,,,2026-09-20T03:50:39.818564+00:00,2026-09-20T03:50:39.818564+00:00
BEDCA-1057,"Néctar de frutas exóticas, envasado","Néctar de frutas exóticas, envasado","Néctar de frutas exóticas, envasado",Tropical fruit nectar,nectar de frutas exoticas envasado,,A0196 A0465 A0639 A0663 A0708 A0734 A0841 B1024 C0140 E0121 F0018 G0003 H0148 H0154 H0211 J0135 K0003 M0194 N0001 P0024 R0212 R0497 Z0112,BEDCA,1057,ES,es,generic,,,,,1.0,100g,55.26,231.2,False,0.4,13.2,13.2,0.0,,,,,,,,,3.0,0.0075,True,0.0,86.2,0.0,15.0,0.1,8.0,10.0,120.0,,,1.0,,16.6667,15.0,0.0,0.3,0.01,0.0,5.0,0.04,0.03,0.25,,,,,,,,,,,,,,,,,,,,,,"Néctar de frutas exóticas, envasado",nectar de frutas exoticas envasado tropical fruit,Tropical fruit nectar,82,True,GRP-00553,OK,,,2026-09-20T03:50:39.818564+00:00,2026-09-20T03:50:39.818564+00:00
BEDCA-1059,"Pavo, muslo, con piel, crudo","Pavo, muslo, con piel, crudo","Pavo, muslo, con piel, crudo","Turkey, leg, with skin, raw",pavo muslo con piel crudo,,A0273 A0459 A0633 A0715 A0726 A0741 A0795 B1236 C0268 E0150 F0003 G0003 H0003 J0001 K0003 M0001 N0001 P0024 R0212 R0497 Z0003 Z0024 Z0112,BEDCA,1059,ES,es,generic,,,crudo,,0.73,100g,150.72,630.61,False,18.9,0.0,0.0,0.0,8.35979,2.6,3.0,2.3,,,,0.0,71.0,0.1775,True,72.0,71.5,0.0,13.0,1.5,27.0,211.0,201.0,1.6,0.11,2.0,26.5,,0.0,,,0.32,0.38,10.0,0.07,0.2,2.9,0.91,,,,,,,,,,,,,,,,,,,,,"Pavo, muslo, con piel, crudo",pavo muslo con piel crudo turkey leg with skin raw,"Turkey, leg, with skin, raw",98,True,GRP-00630,OK,,,2026-09-20T03:50:39.818564+00:00,2026-09-20T03:50:39.818564+00:00
BEDCA-1060,"Masa de hojaldre, cruda","Masa de hojaldre, cruda","Masa de hojaldre, cruda","Puff pastry, raw",masa de hojaldre cruda,,A0160 A0457 A0632 A0695 A0729 A0768 A0821 B1312 C0208 E0140 F0003 G0003 H0221 J0001 K0003 M0001 N0001 P0024 R0212 R0497 Z0112,BEDCA,1060,ES,es,generic,,,crudo,,1.0,100g,407.97,1706.95,False,4.85,31.6796,0.679612,31.0,29.35,10.6297,12.0662,5.36274,2.998,0.014,3.046,1.5,340.0,0.85,True,41.0,30.35,0.0,66.5,1.0,15.5,57.0,66.5,0.35,,17.2,24.2,145.833,1.0,1.3,1.47,0.06,0.0,12.5,0.14,0.01,0.9,,,0.055,0.226,8.657,1.764,5.045,3.046,0.014,0.0,0.0,0.0,,,,,,,,,,"Masa de hojaldre, cruda",masa de hojaldre cruda puff pastry raw,"Puff pastry, raw",98,True,GRP-00496,OK,,,2026-09-20T03:50:39.818564+00:00,2026-09-20T03:50:39.818564+00:00
BEDCA-1061,"Néctar de mango, envasado","Néctar de mango, envasado","Néctar de mango, envasado",Mango nectar,nectar de mango envasado,,A0196 A0465 A0639 A0663 A0708 A0734 A0841 B1270 C0140 E0121 F0018 G0003 H0148 H0154 H0211 J0135 K0003 M0194 N0001 P0024 R0212 R0497 Z0112,BEDCA,1061,ES,es,generic,,,,,1.0,100g,56.48,236.3,False,0.2,13.7,13.5,0.2,,,,,,,,0.2,4.0,0.01,True,0.0,85.4,0.0,2.0,0.2,6.0,4.0,21.0,,,0.8,0.3,14.5,13.0,0.0,0.3,0.01,0.0,5.0,,0.01,0.25,,,,,,,,,,,,,,,,,,,,,,"Néctar de mango, envasado",nectar de mango envasado,Mango nectar,87,True,GRP-00554,OK,,,2026-09-20T03:50:39.818564+00:00,2026-09-20T03:50:39.818564+00:00
BEDCA-1062,"Napolitana, rellena con crema de cacao","Napolitana, rellena con crema de cacao","Napolitana, rellena con crema de cacao","Flaky pastry, filled with chocolate cream",napolitana rellena con crema de cacao,,A0202 A0458 A0632 A0695 A0729 A0768 A0821 B1421 C0208 E0140 F0014 G0005 H0158 H0186 H0207 H0221 H0231 J0001 K0003 M0001 N0001 P0024 R0212 R0497 Z0112,BEDCA,1062,ES,es,generic,,,,,1.0,100g,466.3,1951.0,False,7.0,49.0,,,27.0,2.3,4.77,9.04,0.1462,,,7.2,498.0,1.245,True,50.0,17.0,0.0,79.4,3.9,19.8,118.0,0.0,2.3,,7.5,3.0,2.96,0.0,1.23,5.51,0.05,3.23,63.4,,0.1,1.5,,,0.002,0.014,1.209,0.894,4.218,9.35,0.027,,,,,,,,,,,,,"Napolitana, rellena con crema de cacao",napolitana rellena con crema de cacao flaky pastry filled with chocolate cream,"Flaky pastry, filled with chocolate cream",93,True,GRP-00545,OK,,,2026-09-20T03:50:39.818564+00:00,2026-09-20T03:50:39.818564+00:00
BEDCA-1063,"Riñón, de cordero, crudo","Riñón, de cordero, crudo","Riñón, de cordero, crudo","Kidney, lamb, raw",rinon de cordero crudo,,A0150 A0459 A0633 A0716 A0726 A0739 A0796 B1669 C0196 E0150 F0003 G0003 H0003 J0001 K0003 M0001 N0001 P0024 R0212 R0497 Z0112,BEDCA,1063,ES,es,generic,,,crudo,,1.0,100g,94.78,396.55,False,16.8,0.0,0.0,0.0,2.99866,1.0,0.66,0.58,0.0214,0.051,0.931,0.0,180.0,0.45,True,375.0,78.2,0.0,12.0,7.4,16.0,255.0,255.0,2.4,0.42,6.0,93.0,133.0,8.0,,0.43,0.26,54.0,30.0,0.5,2.1,7.51,4.22,,0.003,0.046,1.194,0.815,1.113,0.683,0.032,0.248,0.008,0.011,,,,,,,,,,"Riñón, de cordero, crudo",rinon de cordero crudo kidney lamb raw,"Kidney, lamb, raw",98,True,GRP-00788,OK,,,2026-09-20T03:50:39.818564+00:00,2026-09-20T03:50:39.818564+00:00
BEDCA-1064,"Pan blanco, de barra, sin sal","Pan blanco, de barra, sin sal","Pan blanco, de barra, sin sal","White bread, without salt",pan blanco de barra sin sal,,A0178 A0458 A0632 A0662 A0695 A0729 A0817 B1312 C0208 E0147 F0014 G0005 H0256 J0003 K0003 M0001 N0001 P0024 P0080 R0212 R0497 Z0112,BEDCA,1064,ES,es,generic,,,,,1.0,100g,261.67,1094.82,False,8.0,53.9,1.9,52.0,1.14925,0.23,0.14,0.4,,,,3.5,2.0,0.005,True,0.0,32.0,0.0,20.0,1.7,26.0,90.0,100.0,0.6,,7.3,5.6,0.0,0.0,0.0,0.18,0.12,0.0,23.0,0.09,0.05,1.0,,,,,,,,,,,,,,,,,,,,,,"Pan blanco, de barra, sin sal",pan blanco de barra sin sal white bread without salt,"White bread, without salt",98,True,GRP-00578,OK,,,2026-09-20T03:50:39.818564+00:00,2026-09-20T03:50:39.818564+00:00
BEDCA-1065,"Lenteja, seca, cruda","Lenteja, seca, cruda","Lenteja, seca, cruda","Lentil, dried, raw",lenteja seca cruda,,A0152 A0455 A0629 A0680 A0704 A0730 A0831 B1268 C0133 E0150 F0003 G0003 H0138 J0116 J0123 K0003 M0001 N0001 P0024 R0212 R0497 Z0052 Z0215,BEDCA,1065,ES,es,generic,,,crudo,,1.0,100g,308.86,1292.26,False,24.7674,48.6954,1.27,49.4,1.17286,0.172121,0.216734,0.549431,,,,9.6975,226.78,0.567,True,0.0,8.845,0.0,57.291,6.87368,74.3168,256.04,463.05,3.9,1.02,1.6,9.9,13.3333,1.7,0.0,0.9,0.65,0.0,117.1,0.62,0.39,3.0,1.85,,,,,,,,,,,,,,,,,,,,,"Lenteja, seca, cruda",lenteja seca cruda lentil dried raw,"Lentil, dried, raw",98,True,GRP-00466,OK,,,2026-09-20T03:50:39.818564+00:00,2026-09-20T03:50:39.818564+00:00
BEDCA-1066,"Pan blanco, tipo ""baguette""","Pan blanco, tipo ""baguette""","Pan blanco, tipo ""baguette""","White bread, ""baguette"" type",pan blanco tipo baguette,,A0178 A0458 A0632 A0662 A0695 A0729 A0817 B1312 C0208 E0147 F0014 G0005 H0256 J0003 K0003 M0001 N0001 P0024 R0212 R0497 Z0112,BEDCA,1066,ES,es,generic,,,,,1.0,100g,269.79,1128.82,False,8.0,55.9,1.9,54.0,1.14925,0.23,0.14,0.4,,,,3.5,650.0,1.625,True,0.0,29.0,0.0,23.0,1.5,26.0,90.0,120.0,0.6,,7.3,5.6,0.0,0.0,0.0,0.18,0.12,0.0,23.0,0.09,0.05,1.0,,,,,,,,,,,,,,,,,,,,,,"Pan blanco, tipo ""baguette""",pan blanco tipo baguette white bread type,"White bread, ""baguette"" type",98,True,GRP-00582,OK,,,2026-09-20T03:50:39.818564+00:00,2026-09-20T03:50:39.818564+00:00
BEDCA-1067,Pan de avena,Pan de avena,Pan de avena,Oat bread,pan de avena,,A0178 A0458 A0632 A0662 A0695 A0729 A0817 B1219 C0208 E0147 F0014 G0005 H0256 J0003 K0003 M0001 N0001 P0024 R0212 R0497 Z0112,BEDCA,1067,ES,es,generic,,,,,1.0,100g,270.1,1130.1,False,8.4,48.5,,,4.4,0.7,1.6,1.7,,,,4.0,23.4,0.0585,True,0.0,34.7,0.0,43.0,3.15,68.0,147.0,165.0,1.02,0.21,12.2,24.6,2.0,0.0,0.0,0.61,0.07,0.03,62.0,0.4,0.24,3.14,0.34,,,,,,,,,,,,,,,,,,,,,Pan de avena,pan de avena oat bread,Oat bread,93,True,GRP-00585,OK,,,2026-09-20T03:50:39.818564+00:00,2026-09-20T03:50:39.818564+00:00
BEDCA-1068,Zumo de piña y uva,Zumo de piña y uva,Zumo de piña y uva,Pineapple and grape juice,zumo de pina y uva,,A0127 A0455 A0629 A0708 A0732 A0766 A0841 B1484 C0140 E0114 F0014 G0003 H0362 J0123 K0003 M0194 N0001 P0024 R0212 R0497 Z0112 Z0205,BEDCA,1068,ES,es,generic,,,,,1.0,100g,55.26,231.2,False,0.6,13.0,,,,0.005,0.009,0.028,,,,,7.3,0.0182,True,0.0,86.4,0.0,15.4,0.19,12.3,25.6,117.2,0.2,,,0.1,1.03,2.7,0.0,0.04,0.04,0.51,1.04,0.05,,0.2,,,,,,,,,,,,,,,,,,,,,,Zumo de piña y uva,zumo de pina uva pineapple and grape juice,Pineapple and grape juice,82,True,GRP-00951,OK,,,2026-09-20T03:50:39.818564+00:00,2026-09-20T03:50:39.818564+00:00
BEDCA-1069,"Riñón, de ternera, crudo","Riñón, de ternera, crudo","Riñón, de ternera, crudo","Kidney, veal, raw",rinon de ternera crudo,,A0150 A0459 A0633 A0716 A0726 A0739 A0796 B1349 C0196 E0150 F0003 G0003 H0003 J0001 K0003 M0001 N0001 P0024 R0212 R0497 Z0112,BEDCA,1069,ES,es,generic,,,crudo,,1.0,100g,106.5,445.59,False,16.8,0.0,0.0,0.0,4.32396,1.4,0.96,0.87,0.0214,0.051,0.931,0.0,184.0,0.46,True,375.0,77.0,0.0,10.0,8.6,16.0,260.0,260.0,1.9,0.5,6.0,93.0,140.0,12.0,1.0,0.2,0.48,25.0,55.0,0.34,2.2,7.0,3.3,,0.003,0.046,1.194,0.815,1.113,0.683,0.032,0.248,0.008,0.011,,,,,,,,,,"Riñón, de ternera, crudo",rinon de ternera crudo kidney veal raw,"Kidney, veal, raw",98,True,GRP-00789,OK,,,2026-09-20T03:50:39.818564+00:00,2026-09-20T03:50:39.818564+00:00
BEDCA-1070,Pan de cebada,Pan de cebada,Pan de cebada,Barley bread,pan de cebada,,A0178 A0458 A0632 A0662 A0695 A0729 A0817 B1230 C0208 E0147 F0014 G0005 H0256 J0003 K0003 M0001 N0001 P0024 R0212 R0497 Z0112 Z0113,BEDCA,1070,ES,es,generic,,,,,1.0,100g,197.85,827.8,False,6.4,39.9,,,1.1,0.5,0.3,0.7,,,,4.6,1.5,0.0037,True,2.0,52.6,0.0,3.7,0.3,9.7,93.2,61.2,2.4,,21.4,7.3,3.8,0.2,0.3,0.8,0.1,0.1,47.3,0.15,0.06,5.2,,,,,,,,,,,,,,,,,,,,,,Pan de cebada,pan de cebada barley bread,Barley bread,93,True,GRP-00586,OK,,,2026-09-20T03:50:39.818564+00:00,2026-09-20T03:50:39.818564+00:00
BEDCA-1071,Pan de maíz,Pan de maíz,Pan de maíz,Corn bread,pan de maiz,,A0178 A0458 A0632 A0662 A0695 A0729 A0817 B1232 C0208 E0147 F0014 G0005 H0256 J0003 K0003 M0001 N0001 P0024 R0212 R0497 Z0112 Z0113,BEDCA,1071,ES,es,generic,Grains and grain-based products,Bread and similar products,,,1.0,100g,313.12,1310.1,False,7.2,48.1,,,10.0,1.76,5.1,1.2,,,,2.4,778.0,1.945,True,61.0,32.3,0.0,73.0,1.9,20.0,376.0,128.0,0.63,0.06,80.0,9.9,44.0,0.8,0.0,0.85,0.1,0.16,55.0,0.24,0.27,1.5,0.44,,,,,,,,,,,,,,,,,,,,,Pan de maíz,pan de maiz corn bread,Corn bread,93,True,GRP-00589,OK,,,2026-09-20T03:50:39.818564+00:00,2026-09-20T03:50:39.818564+00:00
BEDCA-1072,"Pasta alimenticia, con huevo, hervida","Pasta alimenticia, con huevo, hervida","Pasta alimenticia, con huevo, hervida","Pasta, with egg, boiled",pasta alimenticia con huevo hervida,,A0275 A0457 A0631 A0694 A0729 A0768 A0815 B1079 C0208 E0153 F0014 G0014 H0138 H0186 H0366 J0116 K0003 M0001 N0001 P0024 R0212 R0497 Z0112,BEDCA,1072,ES,es,generic,,,hervido,,1.0,100g,125.34,524.42,False,4.7,22.9,0.6,22.3,1.49254,0.3,0.5,0.2,,,,1.0,2.0,0.005,True,8.0,70.0,0.0,10.0,0.4,12.0,45.0,23.0,0.3,,2.9,1.9,4.0,0.0,0.7,0.05,0.04,0.09,7.0,0.03,0.02,0.4,,,,,,,,,,,,,,,,,,,,,,"Pasta alimenticia, con huevo, hervida",pasta alimenticia con huevo hervida with egg boiled,"Pasta, with egg, boiled",98,True,GRP-00602,OK,,,2026-09-20T03:50:39.818564+00:00,2026-09-20T03:50:39.818564+00:00
BEDCA-1073,"Pasta alimenticia, con vegetales, cruda","Pasta alimenticia, con vegetales, cruda","Pasta alimenticia, con vegetales, cruda","Pasta, with vegetables, raw",pasta alimenticia con vegetales cruda,,A0275 A0457 A0631 A0694 A0729 A0768 A0815 B1079 C0208 E0153 F0003 G0003 H0138 H0212 J0116 K0003 M0001 N0001 P0024 R0212 R0497 Z0112,BEDCA,1073,ES,es,generic,,,crudo,,1.0,100g,338.67,1417.0,False,12.0,67.0,,,2.0,0.5,,,,,,6.0,0.01,0.0,True,0.0,13.0,0.0,34.0,4.3,46.0,116.0,285.0,0.76,,10.0,62.2,8.0,0.0,0.0,0.1,0.13,0.0,17.0,1.0,0.53,10.1,,,,,,,,,,,,,,,,,,,,,,"Pasta alimenticia, con vegetales, cruda",pasta alimenticia con vegetales cruda with vegetables raw,"Pasta, with vegetables, raw",93,True,GRP-00603,OK,,,2026-09-20T03:50:39.818564+00:00,2026-09-20T03:50:39.818564+00:00
BEDCA-1074,"Pasta alimenticia, integral, cruda","Pasta alimenticia, integral, cruda","Pasta alimenticia, integral, cruda","Pasta, whole, raw",pasta alimenticia integral cruda,,A0275 A0457 A0631 A0694 A0729 A0768 A0815 B1079 C0133 E0140 F0003 G0003 H0138 J0116 K0003 M0001 N0001 P0024 R0212 R0497 Z0112,BEDCA,1074,ES,es,generic,,,crudo,,1.0,100g,345.53,1445.7,False,13.4,66.2,,,2.5,0.4,0.3,1.1,,,,11.5,8.0,0.02,True,0.0,0.0,0.0,40.0,3.63,143.0,258.0,215.0,2.37,0.45,1.9,73.0,0.0,0.0,0.0,0.25,0.22,0.0,0.0,0.49,0.14,6.2,0.98,,,,,,,,,,,,,,,,,,,,,"Pasta alimenticia, integral, cruda",pasta alimenticia integral cruda whole raw,"Pasta, whole, raw",93,True,GRP-00605,OK,,,2026-09-20T03:50:39.818564+00:00,2026-09-20T03:50:39.818564+00:00
BEDCA-1075,"Sesos, de cerdo, crudos","Sesos, de cerdo, crudos","Sesos, de cerdo, crudos","Brain, pork, raw",sesos de cerdo crudos,,A0150 A0459 A0633 A0716 A0726 A0739 A0796 B1136 C0199 E0150 F0003 G0003 H0003 J0001 K0003 M0001 N0001 P0024 R0212 R0497 Z0112,BEDCA,1075,ES,es,generic,,,crudo,,1.0,100g,122.66,513.2,False,10.6,0.0,0.0,0.0,9.0,2.0,1.6,1.4,0.0288,0.439,0.461,0.0,153.0,0.3825,True,2000.0,78.0,0.0,10.0,3.6,20.0,400.0,312.0,1.4,0.24,,15.9,0.0,17.0,0.01,1.2,0.2,2.9,6.0,0.16,0.28,4.3,2.8,,0.003,0.015,0.86,1.117,1.118,0.036,0.048,0.425,0.031,0.36,,,,,,,,,,"Sesos, de cerdo, crudos",sesos de cerdo crudos brain pork raw,"Brain, pork, raw",98,True,GRP-00837,OK,,,2026-09-20T03:50:39.818564+00:00,2026-09-20T03:50:39.818564+00:00
BEDCA-1076,"Pasta alimenticia, integral, hervida","Pasta alimenticia, integral, hervida","Pasta alimenticia, integral, hervida","Pasta, whole, boiled",pasta alimenticia integral hervida,,A0275 A0457 A0631 A0694 A0729 A0768 A0815 B1079 C0133 E0140 F0014 G0014 H0138 J0116 K0003 M0001 N0001 P0024 R0212 R0497 Z0112,BEDCA,1076,ES,es,generic,,,hervido,,1.0,100g,121.32,507.6,False,4.7,23.2,,,0.9,0.1,0.1,0.4,,,,4.0,3.0,0.0075,True,0.0,63.7,0.0,15.0,1.06,30.0,89.0,44.0,0.81,0.17,1.9,25.9,0.0,0.0,0.0,0.01,0.08,0.0,5.0,0.11,0.04,1.3,0.42,,,,,,,,,,,,,,,,,,,,,"Pasta alimenticia, integral, hervida",pasta alimenticia integral hervida whole boiled,"Pasta, whole, boiled",93,True,GRP-00606,OK,,,2026-09-20T03:50:39.818564+00:00,2026-09-20T03:50:39.818564+00:00
BEDCA-1077,"Pasta alimenticia, rellena con carne, hervida","Pasta alimenticia, rellena con carne, hervida","Pasta alimenticia, rellena con carne, hervida","Pasta, filled with meat, boiled",pasta alimenticia rellena con carne hervida,,A0275 A0457 A0631 A0694 A0729 A0768 A0815 B1079 C0208 E0140 F0014 G0014 H0191 H0207 J0001 K0003 M0001 N0001 P0024 R0212 R0497 Z0112,BEDCA,1077,ES,es,generic,,,hervido,,1.0,100g,100.48,420.42,False,4.7,12.7,0.0,12.7,3.3682,1.3,1.6,0.32,,,,1.8,444.0,1.11,True,23.0,77.2,0.0,20.0,1.3,18.0,70.0,163.0,0.5,,10.0,20.0,25.0,0.0,0.1,0.3,0.2,,10.0,0.12,0.06,1.6,,,,,,,,,,,,,,,,,,,,,,"Pasta alimenticia, rellena con carne, hervida",pasta alimenticia rellena con carne hervida filled with meat boiled,"Pasta, filled with meat, boiled",98,True,GRP-00607,OK,,,2026-09-20T03:50:39.818564+00:00,2026-09-20T03:50:39.818564+00:00
BEDCA-1078,Pastel de manzana,Pastel de manzana,Pastel de manzana,Apple cake,pastel de manzana,,A0253 A0456 A0632 A0695 A0729 A0768 A0821 B1245 C0229 E0105 F0014 G0005 H0136 H0147 H0152 H0207 H0221 H0227 J0001 K0003 M0001 N0001 P0024 R0212 R0497 Z0112,BEDCA,1078,ES,es,generic,Grains and grain-based products,Fine bakery wares,,,1.0,100g,381.86,1597.7,False,3.5,57.4,,,15.2,8.9,4.2,0.6,2.855,0.123,2.066,2.1,626.0,1.565,True,60.0,22.2,0.0,82.0,4.0,35.0,87.0,117.0,2.0,0.1,5.0,1.0,37.0,7.0,0.34,0.52,0.07,0.0,7.0,0.1,0.03,0.9,0.0,,0.021,0.126,2.062,1.534,4.109,2.066,0.123,0.0,0.0,0.0,,,,,,,,,,Pastel de manzana,pastel de manzana apple cake,Apple cake,93,True,GRP-00613,OK,,,2026-09-20T03:50:39.818564+00:00,2026-09-20T03:50:39.818564+00:00
BEDCA-1079,"Zumo de pomelo, envasado","Zumo de pomelo, envasado","Zumo de pomelo, envasado",Grapefruit juice,zumo de pomelo envasado,,A0127 A0455 A0629 A0708 A0732 A0766 A0841 B1507 C0140 E0114 F0014 G0003 H0001 J0123 K0003 M0194 N0001 P0024 R0212 R0497 Z0112 Z0205,BEDCA,1079,ES,es,generic,,,,,1.0,100g,37.79,158.1,False,0.5,8.8,8.8,0.0,,,,,,,,,2.0,0.005,True,0.0,89.0,0.0,9.0,0.2,10.0,15.0,150.0,,,1.0,1.0,0.666667,29.0,0.0,0.08,0.02,0.0,7.0,0.04,0.02,0.23,0.03,,,,,,,,,,,,,,,,,,,,,"Zumo de pomelo, envasado",zumo de pomelo envasado grapefruit juice,Grapefruit juice,82,True,GRP-00953,OK,,,2026-09-20T03:50:39.818564+00:00,2026-09-20T03:50:39.818564+00:00
BEDCA-1080,"Sesos, de cordero, crudos","Sesos, de cordero, crudos","Sesos, de cordero, crudos","Brain, lamb, raw",sesos de cordero crudos,,A0150 A0459 A0633 A0716 A0726 A0739 A0796 B1669 C0199 E0151 F0003 G0003 H0003 J0001 K0003 M0001 N0001 P0024 R0212 R0497 Z0112,BEDCA,1080,ES,es,generic,,,crudo,,1.0,100g,135.25,565.9,False,10.0,0.0,0.0,0.0,10.7,2.4,2.1,1.3,0.0288,0.439,0.461,0.0,125.0,0.3125,True,2100.0,78.0,0.0,10.0,2.1,17.0,320.0,240.0,1.4,0.24,,9.0,0.0,18.0,0.0,1.2,0.1,8.0,6.0,0.2,0.25,2.1,0.92,,0.003,0.015,0.86,1.117,1.118,0.036,0.048,0.425,0.031,0.36,,,,,,,,,,"Sesos, de cordero, crudos",sesos de cordero crudos brain lamb raw,"Brain, lamb, raw",98,True,GRP-00838,OK,,,2026-09-20T03:50:39.818564+00:00,2026-09-20T03:50:39.818564+00:00
BEDCA-1081,Zumo de mango,Zumo de mango,Zumo de mango,Mango juice,zumo de mango,,A0127 A0455 A0629 A0708 A0732 A0766 A0841 B1270 C0140 E0114 F0014 G0003 H0001 J0123 K0003 M0194 N0001 P0024 R0212 R0497 Z0112 Z0205,BEDCA,1081,ES,es,generic,Fruit and vegetable juices and nectars,Fruit juices and nectars,,,1.0,100g,41.99,175.7,False,0.1,9.8,,,0.2,,,,,,,,9.0,0.0225,True,0.0,89.9,0.0,2.0,1.5,3.5,22.0,18.0,,,0.8,0.3,35.0,25.0,0.0,1.05,0.01,0.0,1.1,0.01,0.01,0.5,,,,,,,,,,,,,,,,,,,,,,Zumo de mango,zumo de mango juice,Mango juice,82,True,GRP-00948,OK,,,2026-09-20T03:50:39.818564+00:00,2026-09-20T03:50:39.818564+00:00
BEDCA-1083,"Quinoa, cruda","Quinoa, cruda","Quinoa, cruda","Quinoa, raw",quinoa cruda,,A0125 A0457 A0631 A0683 A0696 A0729 A0812 B2027 C0155 E0150 F0001 G0003 H0138 J0116 K0003 M0001 N0001 P0024 R0212 R0497 Z0205 Z0215,BEDCA,1083,ES,es,generic,,,crudo,,1.0,100g,305.08,1276.47,False,13.8,49.195,5.92233,43.2727,5.55555,0.5,1.4,2.1,,,,7.9,61.0,0.1525,True,0.0,11.5,0.0,79.0,7.8,210.0,230.0,780.0,3.3,,,8.5,0.0,0.0,0.0,0.45,0.2,0.0,30.0,0.2,0.4,2.9,,,,,,,,,,,,,,,,,,,,,,"Quinoa, cruda",quinoa cruda raw,"Quinoa, raw",98,True,GRP-00766,OK,,,2026-09-20T03:50:39.818564+00:00,2026-09-20T03:50:39.818564+00:00
BEDCA-1084,"Sémola de trigo, cruda","Sémola de trigo, cruda","Sémola de trigo, cruda","Ground wheat, raw",semola de trigo cruda,,A0149 A0457 A0631 A0696 A0729 A0759 A0812 B1079 C0208 E0117 F0003 G0003 H0138 J0116 K0003 M0001 N0001 P0024 R0212 R0497 Z0112 Z0205,BEDCA,1084,ES,es,generic,,,crudo,,1.0,100g,348.19,1456.84,False,12.6,70.4,,70.4,1.23881,0.16,0.13,0.54,,,,4.0,3.0,0.0075,True,0.0,11.0,0.0,20.0,1.1,40.0,143.0,193.0,3.4,,5.0,7.7,0.0,0.0,0.0,,0.13,0.0,23.0,0.2,0.07,2.7,,,,,,,,,,,,,,,,,,,,,,"Sémola de trigo, cruda",semola de trigo cruda ground wheat raw,"Ground wheat, raw",93,True,GRP-00833,OK,,,2026-09-20T03:50:39.818564+00:00,2026-09-20T03:50:39.818564+00:00
BEDCA-1085,"Sémola de trigo, hervida","Sémola de trigo, hervida","Sémola de trigo, hervida","Ground wheat, boiled",semola de trigo hervida,,A0149 A0457 A0631 A0696 A0729 A0759 A0812 B1079 C0208 E0117 F0014 G0014 H0138 J0116 K0003 M0001 N0001 P0024 R0212 R0497 Z0109 Z0205,BEDCA,1085,ES,es,generic,,,hervido,,1.0,100g,54.59,228.4,False,2.0,11.0,0.0,11.0,0.2,,,0.085,,,,0.6,3.0,0.0075,True,0.0,86.8,0.0,3.14,0.17,6.3,22.5,30.0,0.5,,5.0,7.7,0.0,0.0,0.0,,0.02,0.0,9.0,0.03,0.011,0.42,,,,,,,,,,,,,,,,,,,,,,"Sémola de trigo, hervida",semola de trigo hervida ground wheat boiled,"Ground wheat, boiled",93,True,GRP-00834,OK,,,2026-09-20T03:50:39.818564+00:00,2026-09-20T03:50:39.818564+00:00
BEDCA-1086,Sobao,Sobao,Sobao,"Traditional sponge cake, sobao",sobao,,A0210 A0456 A0630 A0698 A0735 A0768 A0864 B1312 C0208 E0105 F0014 G0005 H0152 H0158 H0178 H0221 J0003 K0003 M0001 N0001 P0024 R0212 R0497 Z0112,BEDCA,1086,ES,es,generic,,,,,1.0,100g,436.57,1826.6,False,5.9,46.7,,,25.2,7.6,8.5,2.0,0.153,,3.151,3.6,226.0,0.565,True,225.0,22.2,0.0,93.1,3.6,16.7,117.0,104.0,0.4,,15.0,9.1,46.5,0.0,0.42,2.5,0.07,0.7,39.1,0.16,0.15,0.9,,,0.626,0.585,4.916,0.883,4.798,3.149,0.027,0.002,,,,,,,,,,,,Sobao,sobao traditional sponge cake,"Traditional sponge cake, sobao",93,True,GRP-00843,OK,,,2026-09-20T03:50:39.818564+00:00,2026-09-20T03:50:39.818564+00:00
BEDCA-1088,"Trigo, entero, crudo","Trigo, entero, crudo","Trigo, entero, crudo","Wheat, whole, raw",trigo entero crudo,,A0125 A0457 A0631 A0683 A0696 A0729 A0812 B1312 C0155 E0150 F0003 G0003 H0001 J0001 K0003 M0001 N0001 P0024 R0212 R0497 Z0205 Z0215,BEDCA,1088,ES,es,generic,,,crudo,,1.0,100g,313.07,1309.9,False,11.7,61.0,,,2.0,0.37,0.27,1.1,,,,10.3,7.8,0.0195,True,0.0,15.0,0.0,43.7,3.3,147.0,344.42,421.0,4.1,,0.6,9.5,0.0,0.0,0.0,1.4,0.45,0.0,49.0,0.48,0.14,8.2,,,,,,,,,,,,,,,,,,,,,,"Trigo, entero, crudo",trigo entero crudo wheat whole raw,"Wheat, whole, raw",93,True,GRP-00877,OK,,,2026-09-20T03:50:39.818564+00:00,2026-09-20T03:50:39.818564+00:00
BEDCA-1089,"Zumo de lima, envasado","Zumo de lima, envasado","Zumo de lima, envasado",Lime juice,zumo de lima envasado,,A0127 A0455 A0629 A0708 A0732 A0766 A0841 B1067 C0140 E0114 F0014 G0003 H0001 J0123 K0003 M0194 N0001 P0024 R0212 R0497 Z0112 Z0205,BEDCA,1089,ES,es,generic,,,,,1.0,100g,15.33,64.12,False,0.3,3.2,3.2,0.0,0.125,,,,,,,0.1,2.0,0.005,True,0.0,92.5,0.0,12.0,0.2,7.0,10.0,75.0,,,1.5,0.1,1.66667,6.0,0.0,0.17,0.03,0.0,8.0,0.03,,0.16,0.14,,,,,,,,,,,,,,,,,,,,,"Zumo de lima, envasado",zumo de lima envasado lime juice,Lime juice,93,True,GRP-00946,OK,,,2026-09-20T03:50:39.818564+00:00,2026-09-20T03:50:39.818564+00:00
BEDCA-1090,Zumo de grosella roja,Zumo de grosella roja,Zumo de grosella roja,Red currant juice,zumo de grosella roja,,A0127 A0455 A0629 A0708 A0732 A0766 A0841 B1055 C0140 E0114 F0014 G0003 H0001 J0123 K0003 M0194 N0001 P0024 R0212 R0497 Z0112 Z0205,BEDCA,1090,ES,es,generic,,,,,1.0,100g,55.26,231.2,False,0.4,13.2,,,,,,,,,,,,,False,0.0,86.4,0.0,7.0,0.34,14.0,7.1,110.0,0.2,,1.0,0.1,5.0,6.0,0.0,,,0.0,,0.0,0.0,0.6,,,,,,,,,,,,,,,,,,,,,,Zumo de grosella roja,zumo de grosella roja red currant juice,Red currant juice,70,True,GRP-00945,OK,,,2026-09-20T03:50:39.818564+00:00,2026-09-20T03:50:39.818564+00:00
BEDCA-1091,Zumo de grosella negra,Zumo de grosella negra,Zumo de grosella negra,Black currant juice,zumo de grosella negra,,A0127 A0455 A0629 A0708 A0732 A0766 A0841 B1192 C0140 E0114 F0014 G0003 H0001 J0123 K0003 M0194 N0001 P0024 R0212 R0497 Z0112 Z0205,BEDCA,1091,ES,es,generic,,,,,1.0,100g,34.13,142.8,False,0.8,7.6,,,,,,,,,,0.0,,,False,0.0,87.4,0.0,26.0,5.2,13.0,29.0,190.0,0.1,0.04,1.0,0.1,0.0,37.0,0.0,0.54,0.11,0.0,4.0,0.01,0.03,0.03,0.14,0.0,,,,,,,,,,,,,,,,,,,,Zumo de grosella negra,zumo de grosella negra black currant juice,Black currant juice,76,True,GRP-00944,OK,,,2026-09-20T03:50:39.818564+00:00,2026-09-20T03:50:39.818564+00:00
BEDCA-1092,Vodka,Vodka,Vodka,Vodka,vodka,,A0120 A0465 A0639 A0713 A0734 A0850 B1324 C0133 E0123 F0014 G0003 H0232 H0270 J0003 K0003 M0130 N0040 P0024 R0212 R0497 Z0112,BEDCA,1092,ES,es,generic,Alcoholic beverages,Unsweetened spirits and liqueurs,,,1.0,100g,232.19,971.5,False,0.0,0.0,0.0,0.0,,,,,,,,0.0,1.0,0.0025,True,0.0,66.5,33.5,,,0.0,5.0,1.0,0.0,,0.0,0.0,0.0,0.0,0.0,0.0,0.0,0.0,0.0,0.0,0.0,0.0,,,,,,,,,,,,,,,,,,,,,,Vodka,vodka,,87,True,GRP-00901,OK,,,2026-09-20T03:50:39.818564+00:00,2026-09-20T03:50:39.818564+00:00
BEDCA-1094,"Té, infusión, con leche","Té, infusión, con leche","Té, infusión, con leche","Tea infusion, with milk",te infusion con leche,,A0268 A0465 A0639 A0710 A0734 A0762 A0845 B1623 C0200 E0123 F0014 G0003 H0148 H0184 J0003 K0003 M0001 N0001 P0024 R0212 R0497 Z0110 Z0205,BEDCA,1094,ES,es,generic,,,,,1.0,100g,37.78,158.07,False,1.7,2.45,2.3,0.15,2.36538,1.2032,0.6235,0.0656,,,,0.0,23.0,0.0575,True,7.0,94.0,0.0,55.0,0.05,1.5,40.0,90.0,0.18,,1.0,,15.8333,0.5,0.01,0.04,0.01,0.1,1.0,0.02,0.08,0.1,,,,,,,,,,,,,,,,,,,,,,"Té, infusión, con leche",te infusion con leche tea with milk,"Tea infusion, with milk",98,True,GRP-00858,OK,,,2026-09-20T03:50:39.818564+00:00,2026-09-20T03:50:39.818564+00:00
BEDCA-1095,"Vermut, s/e","Vermut, s/e","Vermut, s/e","Vermuth, n/e",vermut s e,,A0224 A0465 A0639 A0713 A0734 A0850 B1329 C0140 E0123 F0003 G0003 H0117 H0158 H0160 H0232 J0003 K0003 M0132 N0040 P0024 R0212 R0497 Z0112 Z0205,BEDCA,1095,ES,es,generic,,,,,1.0,100g,139.13,582.1,False,0.1,13.5,13.5,0.0,,,,,,,,0.0,23.0,0.0575,True,0.0,74.0,12.1,8.0,0.5,5.0,7.0,42.0,,,0.0,,,0.0,0.0,0.0,,0.0,,,,,,,,,,,,,,,,,,,,,,,,,,"Vermut, s/e",vermut vermuth,"Vermuth, n/e",87,True,GRP-00891,OK,,,2026-09-20T03:50:39.818564+00:00,2026-09-20T03:50:39.818564+00:00
BEDCA-1096,Ron,Ron,Ron,Rum,ron,,A0200 A0465 A0639 A0663 A0713 A0734 A0850 B1378 C0207 E0123 F0014 G0003 H0232 H0253 H0270 J0001 K0003 M0001 N0001 P0024 R0212 R0497 Z0112 Z0205,BEDCA,1096,ES,es,generic,Alcoholic beverages,Unsweetened spirits and liqueurs,,,1.0,100g,231.5,968.6,False,0.0,,,0.0,,,,,,,,0.0,1.0,0.0025,True,0.0,66.5,33.4,0.0,0.1,,5.0,2.0,0.0,,0.0,0.0,0.0,0.0,0.0,0.0,0.0,0.0,0.0,0.0,0.0,0.0,,,,,,,,,,,,,,,,,,,,,,Ron,ron rum,Rum,76,True,GRP-00793,OK,,,2026-09-20T03:50:39.818564+00:00,2026-09-20T03:50:39.818564+00:00
BEDCA-1097,"Refresco, sabor naranja, sin gas","Refresco, sabor naranja, sin gas","Refresco, sabor naranja, sin gas","Soft drink, orange flavoured, no carbonated",refresco sabor naranja sin gas,,A0241 A0465 A0639 A0709 A0734 A0843 B1217 C0005 E0123 F0001 G0003 H0136 H0200 H0227 J0001 K0003 M0001 N0001 P0024 R0212 R0497 Z0112,BEDCA,1097,ES,es,generic,,,,,1.0,100g,38.46,160.91,False,0.1,9.365,9.365,0.0,,,,,,,,0.0,1.0,0.0025,True,0.0,89.1,0.0,13.0,0.1,4.0,4.0,40.0,,,0.0,0.0,2.5,6.0,0.0,0.04,,0.0,4.0,0.02,,,,,,,,,,,,,,,,,,,,,,,,"Refresco, sabor naranja, sin gas",refresco sabor naranja sin gas soft drink orange flavoured no carbonated,"Soft drink, orange flavoured, no carbonated",87,True,GRP-00781,OK,,,2026-09-20T03:50:39.818564+00:00,2026-09-20T03:50:39.818564+00:00
BEDCA-1098,"Refresco, sabor limón, con gas","Refresco, sabor limón, con gas","Refresco, sabor limón, con gas","Carbonated drink, lemon",refresco sabor limon con gas,,A0241 A0465 A0639 A0709 A0734 A0843 B1217 C0005 E0123 F0001 G0003 H0109 H0136 H0200 H0227 J0001 K0003 M0001 N0001 P0024 R0212 R0497 Z0112,BEDCA,1098,ES,es,generic,,,,,1.0,100g,46.06,192.71,False,,11.3361,11.3361,0.0,,,,,,,,0.0,4.24184,0.0106,True,0.0,88.664,0.0,3.3587,0.04,5.64312,0.5,4.37308,,,0.0,0.0,,,0.0,,,0.0,,,0.02,,,,,,,,,,,,,,,,,,,,,,,"Refresco, sabor limón, con gas",refresco sabor limon con gas carbonated drink lemon,"Carbonated drink, lemon",82,True,GRP-00780,OK,,,2026-09-20T03:50:39.818564+00:00,2026-09-20T03:50:39.818564+00:00
BEDCA-1099,Néctar de pomelo,Néctar de pomelo,Néctar de pomelo,Grapefruit nectar,nectar de pomelo,,A0196 A0465 A0639 A0663 A0708 A0734 A0841 B1507 C0140 E0121 F0018 G0003 H0148 H0154 H0211 J0135 K0003 M0194 N0001 P0024 R0212 R0497 Z0112,BEDCA,1099,ES,es,generic,,,,,1.0,100g,14.63,61.2,False,0.2,3.4,,,,0.012,0.012,0.021,,,,0.2,0.16,0.0004,True,0.0,96.2,0.0,0.82,0.03,8.0,1.14,15.54,0.01,,1.0,0.1,2.09,3.29,0.0,0.02,0.0,0.0,0.99,0.0,0.0,0.02,,,,,,,,,,,,,,,,,,,,,,Néctar de pomelo,nectar de pomelo grapefruit,Grapefruit nectar,87,True,GRP-00560,OK,,,2026-09-20T03:50:39.818564+00:00,2026-09-20T03:50:39.818564+00:00
BEDCA-1100,Néctar de piña,Néctar de piña,Néctar de piña,Pineapple nectar,nectar de pina,,A0196 A0465 A0639 A0663 A0708 A0734 A0841 B1484 C0140 E0121 F0018 G0003 H0148 H0154 H0211 J0135 K0003 M0194 N0001 P0024 R0212 R0497 Z0112,BEDCA,1100,ES,es,generic,,,,,1.0,100g,22.35,93.5,False,0.2,5.3,,,,0.009,0.009,0.028,,,,0.3,0.64,0.0016,True,0.0,96.2,0.0,2.56,0.11,13.0,2.34,53.23,0.03,,6.0,0.1,2.77,4.31,0.0,0.02,0.02,0.0,2.34,0.02,0.0,0.06,,,,,,,,,,,,,,,,,,,,,,Néctar de piña,nectar de pina pineapple,Pineapple nectar,87,True,GRP-00559,OK,,,2026-09-20T03:50:39.818564+00:00,2026-09-20T03:50:39.818564+00:00
BEDCA-1101,"Néctar de pera, envasado","Néctar de pera, envasado","Néctar de pera, envasado",Pear nectar,nectar de pera envasado,,A0196 A0465 A0639 A0663 A0708 A0734 A0841 B1344 C0140 E0121 F0018 G0003 H0148 H0154 H0211 J0135 K0003 M0194 N0001 P0024 R0212 R0497 Z0112,BEDCA,1101,ES,es,generic,,,,,1.0,100g,64.6,270.3,False,0.2,15.7,15.7,0.0,,,,,,,,0.3,3.0,0.0075,True,0.0,82.3,0.0,5.0,0.1,4.0,6.0,75.0,,,1.0,1.0,0.833333,2.0,0.0,0.01,0.01,0.0,1.0,0.01,0.02,0.1,,,,,,,,,,,,,,,,,,,,,,"Néctar de pera, envasado",nectar de pera envasado pear,Pear nectar,87,True,GRP-00558,OK,,,2026-09-20T03:50:39.818564+00:00,2026-09-20T03:50:39.818564+00:00
BEDCA-1102,"Galleta, tipo ""Digestiva""","Galleta, tipo ""Digestiva""","Galleta, tipo ""Digestiva""","Cookie, ""digestive"" type",galleta tipo digestiva,,A0203 A0458 A0632 A0663 A0695 A0729 B1312 C0133 E0140 F0014 G0005 H0158 H0272 J0100 K0003 M0001 N0001 P0024 R0212 R0497 Z0112 Z0205,BEDCA,1102,ES,es,generic,,,,,1.0,100g,466.48,1951.75,False,6.3,63.2039,13.2039,50.0,20.8159,8.6,9.6,1.7,,,,4.6,600.0,1.5,True,41.0,2.5,0.0,92.0,3.2,23.0,88.0,170.0,0.5,0.28,11.3,5.0,0.0,0.0,0.0,3.2,0.09,0.09,13.0,0.14,0.11,2.4,0.3,,,,,,,,,,,,,,,,,,,,,"Galleta, tipo ""Digestiva""",galleta tipo digestiva cookie digestive type,"Cookie, ""digestive"" type",98,True,GRP-00346,OK,,,2026-09-20T03:50:39.818564+00:00,2026-09-20T03:50:39.818564+00:00
BEDCA-1103,"Néctar de naranja, envasado","Néctar de naranja, envasado","Néctar de naranja, envasado",Orange nectar,nectar de naranja envasado,,A0196 A0465 A0639 A0663 A0708 A0734 A0841 B1339 C0140 E0121 F0018 G0003 H0148 H0154 H0211 J0135 K0003 M0194 N0001 P0024 R0212 R0497 Z0112,BEDCA,1103,ES,es,generic,,,,,1.0,100g,42.26,176.8,False,0.3,10.1,10.1,0.0,,,,,,,,0.1,1.0,0.0025,True,0.0,88.5,0.0,6.0,0.1,7.0,10.0,114.0,,,1.0,,7.0,23.0,0.0,0.1,0.02,0.0,12.0,0.04,0.01,0.14,,,,,,,,,,,,,,,,,,,,,,"Néctar de naranja, envasado",nectar de naranja envasado orange,Orange nectar,87,True,GRP-00557,OK,,,2026-09-20T03:50:39.818564+00:00,2026-09-20T03:50:39.818564+00:00
BEDCA-1104,Néctar de melocotón,Néctar de melocotón,Néctar de melocotón,Peach nectar,nectar de melocoton,,A0196 A0465 A0639 A0663 A0708 A0734 A0841 B1350 C0140 E0121 F0018 G0003 H0148 H0154 H0211 J0135 K0003 M0194 N0001 P0024 R0212 R0497 Z0112,BEDCA,1104,ES,es,generic,,,,,1.0,100g,17.07,71.4,False,0.2,4.0,,,,,,,,,,0.5,20.0,0.05,True,0.0,95.3,0.0,3.34,0.17,3.76,9.18,108.52,0.03,,0.0,0.3,43.88,3.36,0.0,0.21,0.01,0.0,1.25,0.01,0.02,0.42,,,,,,,,,,,,,,,,,,,,,,Néctar de melocotón,nectar de melocoton peach,Peach nectar,82,True,GRP-00556,OK,,,2026-09-20T03:50:39.818564+00:00,2026-09-20T03:50:39.818564+00:00
BEDCA-1105,"Néctar de maracuyá, envasado","Néctar de maracuyá, envasado","Néctar de maracuyá, envasado",Maracuya nectar,nectar de maracuya envasado,,A0196 A0465 A0639 A0663 A0708 A0734 A0841 C0140 E0121 F0018 G0003 H0148 H0154 H0211 J0135 K0003 M0194 N0001 P0024 R0212 R0497 Z0112,BEDCA,1105,ES,es,generic,,,,,1.0,100g,52.82,221.0,False,0.2,12.8,12.8,0.0,,,,,,,,,2.0,0.005,True,0.0,85.0,0.0,2.0,0.1,4.0,5.0,70.0,,,0.0,0.2,33.3333,5.0,0.0,0.3,0.01,0.0,5.0,,0.03,0.4,,,,,,,,,,,,,,,,,,,,,,"Néctar de maracuyá, envasado",nectar de maracuya envasado,Maracuya nectar,82,True,GRP-00555,OK,,,2026-09-20T03:50:39.818564+00:00,2026-09-20T03:50:39.818564+00:00
BEDCA-1106,"Néctar de albaricoque, envasado","Néctar de albaricoque, envasado","Néctar de albaricoque, envasado",Apricot nectar,nectar de albaricoque envasado,,A0196 A0465 A0639 A0663 A0708 A0734 A0841 B1529 C0140 E0121 F0018 G0003 H0148 H0154 H0211 J0135 K0003 M0194 N0001 P0024 R0212 R0497 Z0112,BEDCA,1106,ES,es,generic,,,,,1.0,100g,57.7,241.4,False,0.4,13.8,13.8,0.0,,,,,,,,0.3,2.0,0.005,True,0.0,84.0,0.0,7.0,0.4,5.0,6.0,120.0,0.04,,1.0,1.0,100.0,3.0,0.0,0.2,0.03,0.0,2.0,0.01,0.02,0.2,,,,,,,,,,,,,,,,,,,,,,"Néctar de albaricoque, envasado",nectar de albaricoque envasado apricot,Apricot nectar,87,True,GRP-00551,OK,,,2026-09-20T03:50:39.818564+00:00,2026-09-20T03:50:39.818564+00:00
BEDCA-1107,Coñac,Coñac,Coñac,Cognac,conac,,A0200 A0465 A0639 A0663 A0713 A0734 A0850 B1329 C0140 E0123 F0014 G0003 H0232 H0253 H0270 J0104 K0003 M0130 N0040 P0024 R0212 R0497 Z0112,BEDCA,1107,ES,es,generic,,,,,1.0,100g,232.19,971.5,False,0.0,,,0.0,,,,,,,,0.0,2.0,0.005,True,0.0,66.5,33.5,0.0,0.0,0.0,0.0,2.0,0.0,,0.0,0.0,0.0,0.0,0.0,0.0,0.0,0.0,0.0,0.0,0.0,0.0,,,,,,,,,,,,,,,,,,,,,,Coñac,conac cognac,Cognac,76,True,GRP-00269,OK,,,2026-09-20T03:50:39.818564+00:00,2026-09-20T03:50:39.818564+00:00
BEDCA-1108,"Cerveza, oscura, 8°- 9°","Cerveza, oscura, 8°- 9°","Cerveza, oscura, 8°- 9°","Beer, stout, 8°- 9°",cerveza oscura 8 9,,A0195 A0465 A0639 A0662 A0711 A0734 B1230 C0102 E0123 F0001 G0003 H0229 H0232 H0246 J0001 K0003 M0001 N0001 P0024 R0212 R0497 Z0112,BEDCA,1108,ES,es,generic,,,,,1.0,100g,66.42,277.92,False,0.6,5.25714,5.25714,0.0,,,,,,,,0.0,11.5,0.0288,True,0.0,88.5,6.15,11.0,0.05,16.5,33.5,92.0,0.01,,8.0,1.2,,0.0,0.0,0.0,0.05,0.28,9.5,,0.055,0.815,,,,,,,,,,,,,,,,,,,,,,"Cerveza, oscura, 8°- 9°",cerveza oscura beer stout,"Beer, stout, 8°- 9°",87,True,GRP-00231,OK,,,2026-09-20T03:50:39.818564+00:00,2026-09-20T03:50:39.818564+00:00
BEDCA-1109,"Café, en polvo, sin reconstituir","Café, en polvo, sin reconstituir","Café, en polvo, sin reconstituir","Coffee, powder",cafe en polvo sin reconstituir,,A0268 A0465 A0639 A0662 A0710 A0845 B1305 C0155 E0117 F0014 G0003 H0138 J0001 K0003 M0001 N0001 P0024 R0212 R0497 Z0112,BEDCA,1109,ES,es,generic,,,deshidratado,,1.0,100g,110.33,461.6,False,18.5,8.0,4.0,4.0,0.3,0.12,,0.12,,,,0.0,39.0,0.0975,True,0.0,3.1,0.0,150.0,4.4,320.0,303.0,3750.0,1.1,,0.5,12.6,0.0,0.0,0.0,0.0,0.03,0.0,3.0,,0.09,28.2,,,,,,,,,,,,,,,,,,,,,,"Café, en polvo, sin reconstituir",cafe en polvo sin reconstituir coffee powder,"Coffee, powder",98,True,GRP-00152,OK,,,2026-09-20T03:50:39.818564+00:00,2026-09-20T03:50:39.818564+00:00
BEDCA-1110,Soda,Soda,Soda,Soda,soda,,A0241 A0465 A0639 A0709 A0734 A0842 B1217 C0005 E0123 F0014 G0003 H0100 H0108 H0175 J0123 K0003 M0194 N0001 P0024 P0103 P0132 R0212 R0497 Z0112,BEDCA,1110,ES,es,generic,Water and water-based beverages,Drinking water,,,1.0,100g,0.0,0.0,False,0.0,0.0,,,,0.0,0.0,0.0,,,,0.0,21.0,0.0525,True,0.0,100.0,0.0,5.0,0.01,2.0,0.0,2.0,0.1,,,0.0,0.0,0.0,0.0,0.0,0.0,0.0,0.0,0.0,0.0,0.0,,,,,,,,,,,,,,,,,,,,,,Soda,soda,,87,True,GRP-00845,OK,,,2026-09-20T03:50:39.818564+00:00,2026-09-20T03:50:39.818564+00:00
BEDCA-1111,Germen de trigo,Germen de trigo,Germen de trigo,Wheat germ,germen de trigo,,A0149 A0457 A0631 A0683 A0696 A0729 A0812 B1312 C0182 E0106 F0003 G0003 H0138 J0116 K0003 M0001 N0001 P0024 R0212 R0497 Z0205 Z0215,BEDCA,1111,ES,es,generic,Grains and grain-based products,Cereals and similar,,,1.0,100g,335.14,1402.21,False,25.0,33.3,13.0,20.3,11.1111,1.5,1.2,5.3,,,,15.9,9.0,0.0225,True,0.0,11.5,0.0,55.0,7.6,250.0,971.0,871.0,17.0,0.9,5.0,3.0,0.0,0.0,0.0,21.0,2.2,0.0,350.0,2.0,0.6,9.8,1.9,0.02,,,,,,,,,,,,,,,,,,,,Germen de trigo,germen de trigo wheat germ,Wheat germ,98,True,GRP-00362,OK,,,2026-09-20T03:50:39.818564+00:00,2026-09-20T03:50:39.818564+00:00
BEDCA-1112,Harina de centeno,Harina de centeno,Harina de centeno,Rye flour,harina de centeno,,A0149 A0457 A0631 A0693 A0729 A0759 A0813 B1313 C0208 E0106 F0003 G0003 H0138 J0116 K0003 M0001 N0001 P0024 R0212 R0497 Z0112 Z0205,BEDCA,1112,ES,es,generic,,,,,1.0,100g,357.62,1496.3,False,8.2,75.9,,59.7,1.8,0.2,0.21,0.77,,,,11.7,1.0,0.0025,True,0.0,2.4,0.0,32.0,2.7,92.0,360.0,410.0,3.0,0.29,10.0,35.7,0.0,0.0,0.0,1.6,0.35,0.0,70.0,0.4,0.22,2.6,0.49,10.0,,,,,,,,,,,,,,,,,,,,Harina de centeno,harina de centeno rye flour,Rye flour,93,True,GRP-00388,OK,,,2026-09-20T03:50:39.818564+00:00,2026-09-20T03:50:39.818564+00:00
BEDCA-1113,"Harina de trigo, integral","Harina de trigo, integral","Harina de trigo, integral",Wheat whole flour,harina de trigo integral,,A0149 A0457 A0631 A0693 A0729 A0759 A0813 B1312 C0133 E0106 F0003 G0003 H0138 J0116 K0003 M0001 N0001 P0024 R0212 R0497 Z0112 Z0205,BEDCA,1113,ES,es,generic,,,,,1.0,100g,320.36,1340.38,False,11.5,62.6,2.1,60.5,2.18056,0.32,0.25,1.0,,,,9.0,4.0,0.01,True,0.0,13.0,0.0,37.0,3.5,120.0,330.0,350.0,2.9,0.45,0.0,53.0,0.0,0.0,0.0,1.5,0.4,0.0,36.0,0.4,0.13,5.5,0.8,10.0,,,,,,,,,,,,,,,,,,,,"Harina de trigo, integral",harina de trigo integral wheat whole flour,Wheat whole flour,98,True,GRP-00391,OK,,,2026-09-20T03:50:39.818564+00:00,2026-09-20T03:50:39.818564+00:00
BEDCA-1114,"Maíz, en mazorca, crudo","Maíz, en mazorca, crudo","Maíz, en mazorca, crudo","Corn, on the cob, raw",maiz en mazorca crudo,,A0125 A0457 A0631 A0683 A0696 A0729 A0812 B1580 C0133 E0150 F0003 G0003 H0003 J0001 K0003 M0001 N0001 P0024 R0212 R0497 Z0215,BEDCA,1114,ES,es,generic,,,crudo,,0.83,100g,390.07,1632.04,False,8.4,85.6,2.3,16.0,0.92,0.13,0.24,0.42,,,,2.7,6.0,0.015,True,0.0,0.0,0.0,15.0,0.7,30.0,256.0,330.0,0.3,0.25,2.0,0.8,25.0,6.0,0.0,0.4,0.2,0.0,30.0,0.13,0.08,1.6,0.64,,,,,,,,,,,,,,,,,,,,,"Maíz, en mazorca, crudo",maiz en mazorca crudo corn on the cob raw,"Corn, on the cob, raw",98,True,GRP-00486,OK,,,2026-09-20T03:50:39.818564+00:00,2026-09-20T03:50:39.818564+00:00
BEDCA-1115,Pastel con fruta confitada,Pastel con fruta confitada,Pastel con fruta confitada,Fruit cake,pastel con fruta confitada,,A0253 A0456 A0632 A0695 A0729 A0768 A0821 B1347 C0174 E0105 F0014 G0005 H0136 H0147 H0152 H0221 J0001 K0003 M0001 N0001 P0024 R0212 R0497 Z0112,BEDCA,1115,ES,es,generic,,,,,1.0,100g,367.28,1536.7,False,5.1,57.0,37.8,19.2,13.0,8.0,3.8,0.64,2.855,0.337,2.962,1.0,215.0,0.5375,True,113.0,21.6,0.0,32.0,1.5,16.0,102.0,227.0,0.5,,12.1,2.0,135.0,,0.45,0.43,0.12,1.0,8.0,0.1,0.1,0.86,,,0.0,0.02,0.743,0.267,4.1,2.959,0.336,0.003,0.0,0.001,,,,,,,,,,Pastel con fruta confitada,pastel con fruta confitada fruit cake,Fruit cake,98,True,GRP-00611,OK,,,2026-09-20T03:50:39.818564+00:00,2026-09-20T03:50:39.818564+00:00
BEDCA-1116,Pastel de chocolate,Pastel de chocolate,Pastel de chocolate,Chocolate cake,pastel de chocolate,,A0253 A0456 A0632 A0695 A0729 A0768 A0821 B1047 C0001 E0105 F0014 G0005 H0136 H0152 H0221 H0231 H0355 J0001 K0003 M0001 N0001 P0024 R0212 R0497 Z0112,BEDCA,1116,ES,es,generic,Grains and grain-based products,Fine bakery wares,,,1.0,100g,437.88,1832.11,False,5.187,41.77,35.655,6.115,27.9417,16.9274,8.7424,1.0425,1.092,,,1.838,40.03,0.1001,True,147.77,22.979,0.0,31.604,1.3716,34.831,107.171,142.4,0.4105,,15.7,8.3,219.732,0.0,0.698,0.876,0.0596,0.4,26.38,0.0453,0.1497,0.2062,,,0.146,0.62,7.861,2.021,11.203,2.607,0.272,,,,,,,,,,,,,Pastel de chocolate,pastel de chocolate cake,Chocolate cake,98,True,GRP-00612,OK,,,2026-09-20T03:50:39.818564+00:00,2026-09-20T03:50:39.818564+00:00
BEDCA-1117,"Pasta alimenticia, cruda","Pasta alimenticia, cruda","Pasta alimenticia, cruda","Pasta, raw",pasta alimenticia cruda,,A0275 A0457 A0631 A0694 A0729 A0768 A0815 B1079 C0208 E0153 F0003 G0003 H0138 H0366 J0116 K0003 M0001 N0001 P0024 R0212 R0497 Z0112,BEDCA,1117,ES,es,generic,,,crudo,,1.0,100g,351.67,1471.37,False,12.5,70.9,2.6,68.3,1.44776,0.19,0.15,0.63,,,,5.0,5.0,0.0125,True,0.0,9.5,0.0,24.0,1.8,55.0,167.0,236.0,1.5,,10.0,62.2,0.0,0.0,0.0,,0.08,0.0,28.0,0.15,0.04,2.5,,,,,,,,,,,,,,,,,,,,,,"Pasta alimenticia, cruda",pasta alimenticia cruda raw,"Pasta, raw",98,True,GRP-00604,OK,,,2026-09-20T03:50:39.818564+00:00,2026-09-20T03:50:39.818564+00:00
BEDCA-1118,"Pasta alimenticia, con huevo, cruda","Pasta alimenticia, con huevo, cruda","Pasta alimenticia, con huevo, cruda","Pasta, with egg, raw",pasta alimenticia con huevo cruda,,A0275 A0457 A0631 A0694 A0729 A0768 A0815 B1079 C0208 E0153 F0003 G0003 H0138 H0186 H0366 J0116 K0003 M0001 N0001 P0024 R0212 R0497 Z0112,BEDCA,1118,ES,es,generic,,,crudo,,1.0,100g,372.98,1560.53,False,13.5,69.2,1.9,67.3,4.1791,0.92,1.5,0.38,,,,2.8,23.0,0.0575,True,30.0,9.7,0.0,31.0,1.9,60.0,213.0,232.0,1.3,,10.0,20.0,16.5,0.0,0.13,0.15,0.12,0.2,29.0,0.22,0.1,2.2,,,,,,,,,,,,,,,,,,,,,,"Pasta alimenticia, con huevo, cruda",pasta alimenticia con huevo cruda with egg raw,"Pasta, with egg, raw",98,True,GRP-00601,OK,,,2026-09-20T03:50:39.818564+00:00,2026-09-20T03:50:39.818564+00:00
BEDCA-1119,"Cereales para el desayuno, ricos en fibra, tipo ""all-bran""","Cereales para el desayuno, ricos en fibra, tipo ""all-bran""","Cereales para el desayuno, ricos en fibra, tipo ""all-bran""","Breakfast cereal, whole wheat, ""all bran"" type",cereales para el desayuno ricos en fibra tipo all bran,,A0258 A0457 A0631 A0692 A0729 A0768 A0816 B1312 C0133 E0153 F0014 G0003 H0100 H0138 H0181 H0194 H0215 H0216 H0274 J0116 K0003 M0155 N0001 P0024 R0212 R0497 Z0112,BEDCA,1119,ES,es,generic,,,,,1.0,100g,266.04,1113.1,False,14.0,45.6,17.8,27.8,2.7,0.46,0.31,1.2,,,,29.0,800.0,2.0,True,0.0,3.0,0.0,70.0,15.0,340.0,820.0,1150.0,6.7,,18.4,6.9,0.0,53.0,2.8,2.2,1.7,0.8,300.0,1.2,1.3,17.6,,,,,,,,,,,,,,,,,,,,,,"Cereales para el desayuno, ricos en fibra, tipo ""all-bran""",cereales para el desayuno ricos en fibra tipo all bran breakfast cereal whole wheat type,"Breakfast cereal, whole wheat, ""all bran"" type",98,True,GRP-00227,OK,,,2026-09-20T03:50:39.818564+00:00,2026-09-20T03:50:39.818564+00:00
BEDCA-1120,"Arroz hinchado, para el desayuno, enriquecido","Arroz hinchado, para el desayuno, enriquecido","Arroz hinchado, para el desayuno, enriquecido","Puffed rice, breakfast cereals, enriched",arroz hinchado para el desayuno enriquecido,,A0258 A0457 A0631 A0692 A0729 A0768 A0816 B1322 C0208 E0153 F0014 G0003 H0138 H0181 H0215 H0216 H0227 H0268 J0116 K0003 M0155 N0001 P0024 R0212 R0497 Z0112,BEDCA,1120,ES,es,generic,,,,,1.0,100g,387.24,1620.2,False,6.3,87.7,10.1,77.6,0.6,0.14,0.15,0.21,,,,1.4,600.0,1.5,True,0.0,3.0,0.0,10.0,6.5,30.0,110.0,113.0,0.9,,5.0,15.4,0.0,,2.8,0.6,0.94,,250.0,1.2,1.5,16.8,,,,,,,,,,,,,,,,,,,,,,"Arroz hinchado, para el desayuno, enriquecido",arroz hinchado para el desayuno enriquecido puffed rice breakfast cereals enriched,"Puffed rice, breakfast cereals, enriched",98,True,GRP-00067,OK,,,2026-09-20T03:50:39.818564+00:00,2026-09-20T03:50:39.818564+00:00
BEDCA-1121,Tofu,Tofu,Tofu,Tofu,tofu,,A0152 A0467 A0629 A0704 A0730 A0765 A0831 B1452 C0134 E0119 F0014 G0015 H0148 H0478 H0562 J0001 K0001 M0001 N0001 P0024 R0212 R0497 Z0215,BEDCA,1121,ES,es,generic,"Products for non-standard diets, food imitates and food supplements or fortifying agents",Meat and dairy imitates,,,1.0,100g,118.72,496.73,False,11.5,3.3,1.65,1.65,6.625,0.8,1.3,3.2,,,,0.3,7.0,0.0175,True,,77.0,0.0,200.0,1.7,70.0,190.0,180.0,0.7,,1.0,8.4,0.166667,0.0,0.0,1.0,0.1,0.0,15.0,0.06,0.03,0.1,,,,,,,,,,,,,,,,,,,,,,Tofu,tofu,,98,True,GRP-00868,OK,,,2026-09-20T03:50:39.818564+00:00,2026-09-20T03:50:39.818564+00:00
BEDCA-1122,"Soja, seca, remojada, hervida","Soja, seca, remojada, hervida","Soja, seca, remojada, hervida","Soybean, dry, soaked, boiled",soja seca remojada hervida,,A0152 A0455 A0629 A0704 A0730 A0757 A0831 B1452 C0155 E0131 F0014 G0014 G0036 H0138 J0116 K0001 M0001 N0001 P0024 R0212 R0497 Z0052 Z0215,BEDCA,1122,ES,es,generic,,,hervido,,1.0,100g,136.3,570.27,False,14.0,3.76611,2.03884,1.72727,7.25,0.9,1.4,3.5,,,,6.1,1.0,0.0025,True,0.0,64.3,0.0,83.0,3.0,63.0,250.0,510.0,0.9,,6.3,17.8,1.0,,0.0,1.13,0.23,0.0,54.0,0.12,0.09,0.5,,,,,,,,,,,,,,,,,,,,,,"Soja, seca, remojada, hervida",soja seca remojada hervida soybean dry soaked boiled,"Soybean, dry, soaked, boiled",98,True,GRP-00851,OK,,,2026-09-20T03:50:39.818564+00:00,2026-09-20T03:50:39.818564+00:00
BEDCA-1123,"Haba, seca","Haba, seca","Haba, seca","Broad bean, dried",haba seca,,A0152 A0455 A0629 A0650 A0704 A0730 A0831 B1367 C0136 E0131 F0001 G0003 H0138 J0001 K0001 M0001 N0001 P0024 R0212 R0497 Z0052 Z0215,BEDCA,1123,ES,es,generic,,,,,1.0,100g,356.19,1490.3,False,26.1,58.3,,,1.5,0.25,0.3,0.63,,,,25.0,11.0,0.0275,True,0.0,0.0,0.0,100.0,5.5,190.0,590.0,1090.0,3.1,0.82,2.0,8.2,5.0,1.4,0.0,0.09,0.37,0.0,423.0,0.5,0.26,26.0,0.98,,,,,,,,,,,,,,,,,,,,,"Haba, seca",haba seca broad bean dried,"Broad bean, dried",93,True,GRP-00384,OK,,,2026-09-20T03:50:39.818564+00:00,2026-09-20T03:50:39.818564+00:00
BEDCA-1124,"Soja, fresca","Soja, fresca","Soja, fresca","Soybean, fresh",soja fresca,,A0152 A0455 A0629 A0680 A0704 A0730 A0831 B1452 C0155 E0150 F0003 G0003 H0001 J0116 K0001 M0001 N0001 P0024 R0212 R0497 Z0205 Z0215,BEDCA,1124,ES,es,generic,,,crudo,,1.0,100g,158.05,661.3,False,13.0,11.1,,,6.8,0.79,1.3,3.2,,,,4.2,15.0,0.0375,True,0.0,64.9,0.0,197.0,3.55,65.0,194.0,620.0,0.99,0.13,1.0,1.5,18.0,29.0,0.0,0.1,0.06,0.0,165.0,0.43,0.17,1.65,0.15,,,,,,,,,,,,,,,,,,,,,"Soja, fresca",soja fresca soybean fresh,"Soybean, fresh",93,True,GRP-00847,OK,,,2026-09-20T03:50:39.818564+00:00,2026-09-20T03:50:39.818564+00:00
BEDCA-1125,Harina de soja,Harina de soja,Harina de soja,Soy flour,harina de soja,,A0149 A0457 A0631 A0693 A0729 A0759 A0813 B1452 C0208 E0106 F0003 G0003 H0138 J0116 K0003 M0001 N0001 P0024 R0212 R0497 Z0112 Z0205,BEDCA,1125,ES,es,generic,,,,,1.0,100g,409.98,1715.35,False,37.3,13.0,7.0,6.0,23.25,2.9,4.4,11.3,,,,17.3,5.0,0.0125,True,0.0,8.0,0.0,205.0,9.0,256.0,575.0,1740.0,3.9,,0.8,9.0,8.33333,0.0,0.0,2.2,0.45,0.0,300.0,0.7,0.28,3.0,,,,,,,,,,,,,,,,,,,,,,Harina de soja,harina de soja soy flour,Soy flour,98,True,GRP-00390,OK,,,2026-09-20T03:50:39.818564+00:00,2026-09-20T03:50:39.818564+00:00
BEDCA-1126,"Lenteja, en conserva","Lenteja, en conserva","Lenteja, en conserva","Lentil, canned",lenteja en conserva,,A0152 A0455 A0629 A0680 A0704 A0730 A0831 B1268 C0135 E0150 F0014 G0014 H0148 H0367 J0123 K0017 M0194 N0001 P0024 R0212 R0497 Z0052 Z0112,BEDCA,1126,ES,es,generic,,,en_conserva,,1.0,100g,73.69,308.33,False,6.28,11.4,0.7,10.7,0.21,,,0.1,,,,5.1,446.41,1.116,True,0.0,79.37,0.0,18.885,1.575,15.4,58.195,143.775,1.4,,1.0,2.8,0.833333,,0.0,,0.07,0.0,11.0,0.065,0.055,0.3,,,,,,,,,,,,,,,,,,,,,,"Lenteja, en conserva",lenteja en conserva lentil canned,"Lentil, canned",93,True,GRP-00464,OK,,,2026-09-20T03:50:39.818564+00:00,2026-09-20T03:50:39.818564+00:00
BEDCA-1127,"Sésamo, semilla","Sésamo, semilla","Sésamo, semilla","Sesame, seed",sesamo semilla,,A0260 A0467 A0629 A0652 A0703 A0730 A0823 B1226 C0133 E0150 F0003 G0003 H0001 J0001 K0003 M0001 N0001 P0024 R0212 R0497 Z0205 Z0215,BEDCA,1127,ES,es,generic,,,,,1.0,100g,559.99,2343.0,False,19.0,10.0,5.0,5.0,50.0,7.0,18.9,21.9,,,,11.0,40.0,0.1,True,0.0,5.0,0.0,150.0,9.0,350.0,620.0,450.0,5.3,,0.0,49.0,6.66667,0.0,0.0,2.3,0.15,0.0,96.0,0.7,0.1,4.5,,,,,,,,,,,,,,,,,,,,,,"Sésamo, semilla",sesamo semilla sesame seed,"Sesame, seed",98,True,GRP-00836,OK,,,2026-09-20T03:50:39.818564+00:00,2026-09-20T03:50:39.818564+00:00
BEDCA-1128,"Haba, seca, remojada, hervida","Haba, seca, remojada, hervida","Haba, seca, remojada, hervida","Broad bean, dried, steeped, boiled",haba seca remojada hervida,,A0152 A0455 A0629 A0650 A0704 A0730 A0831 B1367 C0136 E0131 F0014 G0014 G0036 H0138 J0116 K0001 M0001 N0001 P0024 R0212 R0497 Z0052 Z0109,BEDCA,1128,ES,es,generic,,,hervido,,1.0,100g,58.13,243.2,False,5.8,7.2,1.0,6.2,0.6,0.11,0.12,0.24,,,,6.5,4.0,0.01,True,0.0,79.9,0.0,24.0,1.0,18.0,105.0,210.0,1.0,,1.1,2.7,31.6667,12.0,0.0,0.5,0.07,0.0,57.0,0.05,0.07,2.0,2.3,,,,,,,,,,,,,,,,,,,,,"Haba, seca, remojada, hervida",haba seca remojada hervida broad bean dried steeped boiled,"Broad bean, dried, steeped, boiled",98,True,GRP-00383,OK,,,2026-09-20T03:50:39.818564+00:00,2026-09-20T03:50:39.818564+00:00
BEDCA-1129,"Soja, seca, cruda","Soja, seca, cruda","Soja, seca, cruda","Soybean, dry, raw",soja seca cruda,,A0152 A0455 A0629 A0704 A0730 A0757 A0831 B1452 C0155 E0131 F0001 G0003 H0138 J0116 K0001 M0001 N0001 P0024 R0212 R0497 Z0052 Z0205 Z0215,BEDCA,1129,ES,es,generic,,,crudo,,1.0,100g,350.0,1464.38,False,35.9,9.70344,5.33981,4.36364,18.625,2.3,3.5,9.1,,1.845,10.015,15.7,5.0,0.0125,True,0.0,8.5,0.0,240.0,9.7,250.0,660.0,1730.0,4.3,1.55,10.0,14.0,2.0,,0.0,2.9,0.38,0.0,370.0,0.61,0.27,7.9,0.79,0.06,0.017,0.015,1.871,0.8612,3.693,10.015,1.845,0.0,0.0,0.0,,,,,,,,,,"Soja, seca, cruda",soja seca cruda soybean dry raw,"Soybean, dry, raw",98,True,GRP-00850,OK,,,2026-09-20T03:50:39.818564+00:00,2026-09-20T03:50:39.818564+00:00
BEDCA-1130,"Yogur, enriquecido, natural, con nata","Yogur, enriquecido, natural, con nata","Yogur, enriquecido, natural, con nata","Yogurt, enriched, plain, with cream",yogur enriquecido natural con nata,,A0101 A0452 A0626 A0721 A0724 A0776 A0778 B1201 C0235 E0119 F0014 G0003 H0101 H0184 H0247 H0296 J0123 K0003 M0188 N0036 N0042 P0024 R0212 R0497 Z0112,BEDCA,1130,ES,es,generic,,,,,1.0,100g,66.11,276.6,False,3.1,4.9,,,3.8,2.2,0.7,,,,,0.0,54.0,0.135,True,11.2,88.2,0.0,120.0,,13.3,100.0,140.0,0.5,,21.0,3.2,31.4,1.1,0.1,,0.06,0.4,4.0,0.04,0.18,1.0,,,,,,,,,,,,,,,,,,,,,,"Yogur, enriquecido, natural, con nata",yogur enriquecido natural con nata yogurt enriched plain with cream,"Yogurt, enriched, plain, with cream",93,True,GRP-00923,OK,,,2026-09-20T03:50:39.818564+00:00,2026-09-20T03:50:39.818564+00:00
BEDCA-1131,"Yogur, enriquecido, con frutas","Yogur, enriquecido, con frutas","Yogur, enriquecido, con frutas","Yogurt, enriched, with fruits",yogur enriquecido con frutas,,A0101 A0452 A0626 A0721 A0724 A0776 A0778 B1201 C0235 E0119 F0014 G0003 H0101 H0147 H0184 H0227 H0247 H0296 J0123 K0003 M0188 N0036 N0042 P0024 R0212 R0497 Z0112,BEDCA,1131,ES,es,generic,,,,,1.0,100g,121.53,508.5,False,2.6,21.0,,,2.9,1.9,0.5,,,,,0.16,33.0,0.0825,True,11.2,73.3,0.0,98.0,0.16,11.0,74.0,137.0,0.26,,21.0,3.2,24.6,1.8,0.15,0.1,0.06,0.2,6.0,0.04,0.13,1.0,,,,,,,,,,,,,,,,,,,,,,"Yogur, enriquecido, con frutas",yogur enriquecido con frutas yogurt enriched with fruits,"Yogurt, enriched, with fruits",93,True,GRP-00921,OK,,,2026-09-20T03:50:39.818564+00:00,2026-09-20T03:50:39.818564+00:00
BEDCA-1133,"Yogur líquido, natural, azucarado","Yogur líquido, natural, azucarado","Yogur líquido, natural, azucarado","Drinking yogurt, plain, sweetened",yogur liquido natural azucarado,,A0101 A0452 A0626 A0721 A0724 A0776 A0778 B1201 C0235 E0114 F0014 G0003 H0117 H0158 H0247 J0123 J0131 K0003 M0187 N0036 P0024 R0212 R0497 Z0112,BEDCA,1133,ES,es,generic,,,,,1.0,100g,69.61,291.27,False,3.0,11.6,11.6,0.0,1.16402,0.8,0.3,,,,,0.0,30.7,0.0767,True,,82.2,0.0,94.8,0.042,8.6,90.0,106.5,0.299,14.0,4.0,1.0,17.4,0.0,0.12,,0.07,0.3,5.0,0.03,0.15,0.09,,,,,,,,,,,,,,,,,,,,,,"Yogur líquido, natural, azucarado",yogur liquido natural azucarado drinking yogurt plain sweetened,"Drinking yogurt, plain, sweetened",98,True,GRP-00940,OK,,,2026-09-20T03:50:39.818564+00:00,2026-09-20T03:50:39.818564+00:00
BEDCA-1135,"Yogur, desnatado, con cereza y frambuesa","Yogur, desnatado, con cereza y frambuesa","Yogur, desnatado, con cereza y frambuesa","Yogurt, skimmed, with cherry and raspberry",yogur desnatado con cereza y frambuesa,,A0101 A0452 A0626 A0721 A0724 A0776 A0778 B1201 C0235 E0134 F0014 G0003 H0101 H0147 H0248 H0395 J0123 K0003 M0188 N0036 N0042 P0024 R0212 R0497 Z0112,BEDCA,1135,ES,es,generic,,,,,1.0,100g,40.25,168.39,False,3.965,5.65,5.65,0.0,0.1333,0.063,0.063,,,,,1.16667,48.0,0.12,True,0.3,84.4,0.0,123.043,0.146667,19.26,96.5,152.5,0.313333,20.0,14.4,1.0,4.0,2.5,,0.0,0.46,0.253333,3.97667,0.025,0.176667,0.105,,,,,,,,,,,,,,,,,,,,,,"Yogur, desnatado, con cereza y frambuesa",yogur desnatado con cereza frambuesa yogurt skimmed with cherry and raspberry,"Yogurt, skimmed, with cherry and raspberry",98,True,GRP-00908,OK,,,2026-09-20T03:50:39.818564+00:00,2026-09-20T03:50:39.818564+00:00
BEDCA-1137,"Yogur, desnatado, con frutas del bosque","Yogur, desnatado, con frutas del bosque","Yogur, desnatado, con frutas del bosque","Yogurt, skimmed, with fruits of the forest",yogur desnatado con frutas del bosque,,A0101 A0452 A0626 A0721 A0724 A0776 A0778 B1201 C0235 E0119 F0014 G0003 H0101 H0147 H0184 H0248 J0123 K0003 M0188 N0036 N0042 P0024 R0212 R0497 Z0112,BEDCA,1137,ES,es,generic,,,,,1.0,100g,40.25,168.39,False,3.965,5.65,5.65,0.0,0.1333,0.063,0.063,,,,,1.16667,48.0,0.12,True,0.3,84.8,0.0,123.043,0.146667,12.96,96.5,152.5,0.31333,,14.4,,4.0,2.5,,0.0,0.46,0.253333,3.97667,0.025,0.176667,0.105,,,,,,,,,,,,,,,,,,,,,,"Yogur, desnatado, con frutas del bosque",yogur desnatado con frutas del bosque yogurt skimmed with fruits of the forest,"Yogurt, skimmed, with fruits of the forest",98,True,GRP-00911,OK,,,2026-09-20T03:50:39.818564+00:00,2026-09-20T03:50:39.818564+00:00
BEDCA-1140,"Yogur, desnatado, con frutas tropicales","Yogur, desnatado, con frutas tropicales","Yogur, desnatado, con frutas tropicales","Yogurt, skimmed, with tropical fruits",yogur desnatado con frutas tropicales,,A0101 A0452 A0626 A0721 A0724 A0776 A0778 B1201 C0235 E0134 F0014 G0003 H0101 H0147 H0184 H0248 J0123 K0003 M0188 N0036 N0042 P0024 R0212 R0497 Z0112,BEDCA,1140,ES,es,generic,,,,,1.0,100g,40.25,168.39,False,3.965,5.65,5.65,0.0,0.1333,0.063,0.063,,,,,1.16667,48.0,0.12,True,0.3,84.8,0.0,123.043,0.146667,12.96,96.5,152.5,0.313333,,14.4,,4.0,2.5,,0.0,0.46,0.253333,3.97667,0.025,0.176667,0.105,,,,,,,,,,,,,,,,,,,,,,"Yogur, desnatado, con frutas tropicales",yogur desnatado con frutas tropicales yogurt skimmed with tropical fruits,"Yogurt, skimmed, with tropical fruits",98,True,GRP-00912,OK,,,2026-09-20T03:50:39.818564+00:00,2026-09-20T03:50:39.818564+00:00
BEDCA-1141,"Yogur, desnatado, con manzana","Yogur, desnatado, con manzana","Yogur, desnatado, con manzana","Yogurt, skimmed, with apple",yogur desnatado con manzana,,A0101 A0452 A0626 A0721 A0724 A0776 A0778 B1201 C0235 E0134 F0014 G0003 H0101 H0147 H0184 H0248 H0395 J0123 K0003 M0188 N0036 N0042 P0024 R0212 R0497 Z0112,BEDCA,1141,ES,es,generic,,,,,1.0,100g,40.25,168.39,False,3.965,5.65,5.65,0.0,0.1333,0.063,0.063,,,,,1.16667,48.0,0.12,True,0.3,84.4,0.0,123.043,0.146667,12.96,96.5,152.5,0.313333,18.0,14.4,,13.35,2.5,,0.0,0.46,0.253333,3.97667,0.025,0.176667,0.105,,,,,,,,,,,,,,,,,,,,,,"Yogur, desnatado, con manzana",yogur desnatado con manzana yogurt skimmed with apple,"Yogurt, skimmed, with apple",98,True,GRP-00914,OK,,,2026-09-20T03:50:39.818564+00:00,2026-09-20T03:50:39.818564+00:00
BEDCA-1143,"Yogur, enriquecido, natural","Yogur, enriquecido, natural","Yogur, enriquecido, natural","Yogurt, enriched, plain",yogur enriquecido natural,,A0101 A0452 A0626 A0721 A0724 A0776 A0778 B1201 C0235 E0119 F0014 G0003 H0101 H0184 H0247 H0296 J0123 K0003 M0187 N0036 P0024 R0212 R0497 Z0112,BEDCA,1143,ES,es,generic,,,,,1.0,100g,63.34,265.0,False,3.2,3.9,,,3.9,2.2,0.7,,,,,0.0,43.0,0.1075,True,11.2,89.0,0.0,131.0,0.1,12.0,95.0,158.0,0.32,,21.0,3.2,32.1,1.1,0.2,,0.08,0.3,5.0,0.04,0.16,1.0,,,0.169,0.517,1.344,0.386,0.797,0.022,0.018,,,,,,,,,,,,,"Yogur, enriquecido, natural",yogur enriquecido natural yogurt enriched plain,"Yogurt, enriched, plain",93,True,GRP-00924,OK,,,2026-09-20T03:50:39.818564+00:00,2026-09-20T03:50:39.818564+00:00
BEDCA-1144,"Yogur, desnatado, con melocotón y maracuyá","Yogur, desnatado, con melocotón y maracuyá","Yogur, desnatado, con melocotón y maracuyá","Yogurt, skimmed, with peach and yellow passion fruit",yogur desnatado con melocoton y maracuya,,A0101 A0452 A0626 A0721 A0724 A0776 A0778 B1201 C0235 E0134 F0014 G0003 H0101 H0147 H0184 H0227 H0248 J0123 K0003 M0188 N0036 N0042 P0024 R0212 R0497 Z0112,BEDCA,1144,ES,es,generic,,,,,1.0,100g,40.25,168.39,False,3.965,5.65,5.65,0.0,0.1333,0.063,0.063,,,,,1.16667,48.0,0.12,True,0.3,84.8,0.0,123.043,0.146667,12.96,96.5,152.5,0.313333,,14.4,,13.35,2.5,,0.0,0.46,0.253333,3.97667,0.025,0.176667,0.105,,,,,,,,,,,,,,,,,,,,,,"Yogur, desnatado, con melocotón y maracuyá",yogur desnatado con melocoton maracuya yogurt skimmed with peach and yellow passion fruit,"Yogurt, skimmed, with peach and yellow passion fruit",98,True,GRP-00916,OK,,,2026-09-20T03:50:39.818564+00:00,2026-09-20T03:50:39.818564+00:00
BEDCA-1145,"Yogur, enriquecido, natural, azucarado","Yogur, enriquecido, natural, azucarado","Yogur, enriquecido, natural, azucarado","Yogurt, enriched, plain, sweetened",yogur enriquecido natural azucarado,,A0101 A0452 A0626 A0721 A0724 A0776 A0778 B1201 C0235 E0119 F0014 G0003 H0101 H0158 H0184 H0247 H0296 J0123 K0003 M0188 N0036 N0042 P0024 R0212 R0497 Z0112,BEDCA,1145,ES,es,generic,,,,,1.0,100g,99.28,415.4,False,3.1,13.5,,,3.6,1.9,0.5,,,,,0.0,43.0,0.1075,True,11.2,79.8,0.0,122.0,0.1,13.0,92.0,155.0,0.33,,21.0,3.2,28.8,1.1,1.17,0.1,0.08,0.3,5.0,0.04,0.16,1.0,,,,,,,,,,,,,,,,,,,,,,"Yogur, enriquecido, natural, azucarado",yogur enriquecido natural azucarado yogurt enriched plain sweetened,"Yogurt, enriched, plain, sweetened",93,True,GRP-00922,OK,,,2026-09-20T03:50:39.818564+00:00,2026-09-20T03:50:39.818564+00:00
BEDCA-1149,"Yogur, desnatado, con piña y pomelo","Yogur, desnatado, con piña y pomelo","Yogur, desnatado, con piña y pomelo","Yogurt, skimmed, with pineapple and grapefruit",yogur desnatado con pina y pomelo,,A0101 A0452 A0626 A0721 A0724 A0776 A0778 B1201 C0235 E0134 F0014 G0003 H0147 H0184 H0227 H0248 J0123 K0003 M0188 N0036 N0042 P0024 Z0112,BEDCA,1149,ES,es,generic,,,,,1.0,100g,40.25,168.39,False,3.965,5.65,5.65,0.0,0.1333,0.063,0.063,,,,,1.16667,48.0,0.12,True,0.3,84.8,0.0,112.0,0.146667,12.96,96.5,152.5,0.313333,,14.4,,4.0,2.5,,0.0,0.46,0.253333,3.97667,0.025,0.176667,0.105,,,,,,,,,,,,,,,,,,,,,,"Yogur, desnatado, con piña y pomelo",yogur desnatado con pina pomelo yogurt skimmed with pineapple and grapefruit,"Yogurt, skimmed, with pineapple and grapefruit",98,True,GRP-00917,OK,,,2026-09-20T03:50:39.818564+00:00,2026-09-20T03:50:39.818564+00:00
BEDCA-1150,"Yogur, enriquecido, sabor, s/e","Yogur, enriquecido, sabor, s/e","Yogur, enriquecido, sabor, s/e","Yogurt, enriched, unspecified flavour",yogur enriquecido sabor s e,,A0101 A0452 A0626 A0721 A0724 A0776 A0778 B1201 C0235 E0119 F0014 G0003 H0101 H0158 H0184 H0227 H0247 H0296 J0123 K0003 M0188 N0036 N0042 P0024 R0212 R0497 Z0112,BEDCA,1150,ES,es,generic,,,,,1.0,100g,197.2,825.1,False,3.7,37.0,,,3.6,2.3,0.88,0.07,,,,0.0,43.0,0.1075,True,20.0,55.7,0.0,122.0,0.1,13.0,92.0,154.0,0.32,,21.0,3.2,28.8,1.1,0.17,,0.08,0.3,5.0,0.04,0.16,1.0,,,,,,,,,,,,,,,,,,,,,,"Yogur, enriquecido, sabor, s/e",yogur enriquecido sabor yogurt enriched unspecified flavour,"Yogurt, enriched, unspecified flavour",93,True,GRP-00925,OK,,,2026-09-20T03:50:39.818564+00:00,2026-09-20T03:50:39.818564+00:00
BEDCA-1155,"Yogur, líquido, desnatado, natural","Yogur, líquido, desnatado, natural","Yogur, líquido, desnatado, natural","Drinking yogurt, skimmed, plain",yogur liquido desnatado natural,,A0452 A0626 A0721 A0724 A0776 A0778 B1201 C0235 E0138 F0014 G0003 H0101 H0158 H0184 H0248 J0123 K0003 M0187 N0036 P0024 R0212 R0497 Z0112,BEDCA,1155,ES,es,generic,,,,,1.0,100g,64.82,271.2,False,3.0,12.3,,,0.3,,,,,,,,35.2,0.088,True,0.8,84.4,0.0,100.0,,9.8,71.2,129.1,0.3,,12.6,2.2,0.7,1.7,0.8,,0.25,0.3,3.9,0.03,0.15,0.7,,,,,,,,,,,,,,,,,,,,,,"Yogur, líquido, desnatado, natural",yogur liquido desnatado natural drinking yogurt skimmed plain,"Drinking yogurt, skimmed, plain",82,True,GRP-00932,OK,,,2026-09-20T03:50:39.818564+00:00,2026-09-20T03:50:39.818564+00:00
BEDCA-1158,"Yogur, desnatado, sabor vainilla","Yogur, desnatado, sabor vainilla","Yogur, desnatado, sabor vainilla","Yogurt, skimmed, vanilla flavour",yogur desnatado sabor vainilla,,A0101 A0452 A0626 A0721 A0724 A0776 A0778 B1201 C0235 E0119 F0014 G0003 H0101 H0184 H0248 H0395 J0123 K0003 M0188 N0036 N0042 P0024 R0212 R0497 Z0112,BEDCA,1158,ES,es,generic,,,,,1.0,100g,106.93,447.4,False,5.3,17.1,,,1.8,0.73,0.31,,,,,0.0,44.4,0.111,True,5.9,75.8,0.0,121.9,0.054,10.9,132.2,146.6,0.384,23.0,16.0,2.8,0.8,1.2,0.0,0.01,0.05,0.26,10.88,0.05,0.23,0.9,,,,,,,,,,,,,,,,,,,,,,"Yogur, desnatado, sabor vainilla",yogur desnatado sabor vainilla yogurt skimmed vanilla flavour,"Yogurt, skimmed, vanilla flavour",93,True,GRP-00920,OK,,,2026-09-20T03:50:39.818564+00:00,2026-09-20T03:50:39.818564+00:00
BEDCA-1159,"Yogur, entero, con fresas","Yogur, entero, con fresas","Yogur, entero, con fresas","Yogurt, whole milk, with strawberry",yogur entero con fresas,,A0101 A0452 A0626 A0721 A0724 A0776 A0778 B1201 C0235 E0134 F0014 G0003 H0101 H0147 H0184 H0227 H0247 J0123 K0003 M0188 N0036 N0042 P0024 R0212 R0497 Z0112,BEDCA,1159,ES,es,generic,,,,,1.0,100g,120.03,502.2,False,2.7,21.4,,,2.5,1.6,0.8,0.1,,,,0.4,38.8,0.097,True,6.6,73.0,0.0,107.1,0.048,9.3,75.0,117.3,0.322,17.0,6.0,0.3,27.2,5.1,0.0,0.1,0.03,0.14,3.0,0.02,0.2,0.1,0.2,1.0,,,,,,,,,,,,,,,,,,,,"Yogur, entero, con fresas",yogur entero con fresas yogurt whole milk with strawberry,"Yogurt, whole milk, with strawberry",93,True,GRP-00927,OK,,,2026-09-20T03:50:39.818564+00:00,2026-09-20T03:50:39.818564+00:00
BEDCA-1160,"Yogur líquido, con frutas s/e","Yogur líquido, con frutas s/e","Yogur líquido, con frutas s/e","Yogurt, liquid, whole milk, with fruits",yogur liquido con frutas s e,,A0101 A0452 A0626 A0721 A0724 A0776 A0778 B1201 C0235 E0121 F0014 G0003 H0101 H0136 H0147 H0158 H0184 H0247 H0362 J0123 K0003 M0187 N0036 P0024 R0212 R0497 Z0112,BEDCA,1160,ES,es,generic,,,,,1.0,100g,87.17,364.7,False,2.8,14.3,14.3,0.0,1.534,1.0,0.45,,,,,0.0,41.0,0.1025,True,,80.9,0.0,110.0,0.1,12.0,86.0,139.0,0.28,,4.0,1.0,16.5,,0.1,,0.07,0.3,4.0,0.03,0.14,0.09,0.19,,,,,,,,,,,,,,,,,,,,,"Yogur líquido, con frutas s/e",yogur liquido con frutas yogurt liquid whole milk with fruits,"Yogurt, liquid, whole milk, with fruits",98,True,GRP-00931,OK,,,2026-09-20T03:50:39.818564+00:00,2026-09-20T03:50:39.818564+00:00
BEDCA-1161,Fuet,Fuet,Fuet,"Cured sausage, ""fuet"" type",fuet,,A0221 A0459 A0633 A0667 A0714 A0726 A0798 B1136 C0268 E0151 F0014 G0001 H0227 H0289 J0001 K0003 M0001 N0001 P0024 R0212 R0497 Z0018 Z0112,BEDCA,1161,ES,es,generic,,,,,0.44,100g,472.99,1979.0,False,19.5,5.5,0.0,,42.0,15.5,19.9,6.5,,,,0.0,1180.0,2.95,True,87.5,32.9,0.0,11.0,1.0,26.0,153.0,280.0,2.3,,4.2,18.9,,,,0.0,0.32,2.5,4.0,0.57,0.2,4.2,0.8,0.0,,,,,,,,,,,,,,,,,,,,Fuet,fuet cured sausage type,"Cured sausage, ""fuet"" type",98,True,GRP-00340,OK,,,2026-09-20T03:50:39.818564+00:00,2026-09-20T03:50:39.818564+00:00
BEDCA-1162,"Conejo de granja, carne, cruda","Conejo de granja, carne, cruda","Conejo de granja, carne, cruda","Farm rabbit, meat, raw",conejo de granja carne cruda,,A0150 A0459 A0726 A0737 A0793 B1323 C0120 E0133 F0003 G0003 H0003 J0001 K0001 M0001 N0001 P0024 R0212 R0497 Z0019,BEDCA,1162,ES,es,generic,,,crudo,,0.57,100g,130.98,548.0,False,20.7,0.0,,,5.3,3.03,2.11,1.76,,0.0244,0.513,0.0,67.0,0.1675,True,58.0,74.0,0.0,22.0,1.0,25.0,220.0,360.0,1.4,0.06,3.0,17.0,,,,0.54,0.42,10.0,5.0,0.1,0.14,8.6,0.8,1.0,,0.05,0.62,0.147,0.512,0.504,0.021,0.009,0.003,0.0004,,,,,,,,,,"Conejo de granja, carne, cruda",conejo de granja carne cruda farm rabbit meat raw,"Farm rabbit, meat, raw",93,True,GRP-00270,OK,,,2026-09-20T03:50:39.818564+00:00,2026-09-20T03:50:39.818564+00:00
BEDCA-1163,"Bacalao, salado, crudo","Bacalao, salado, crudo","Bacalao, salado, crudo","Cod, salted, raw",bacalao salado crudo,,A0267 A0460 A0634 A0717 A0727 A0747 A0802 B1842 C0268 E0152 F0003 G0003 H0173 J0103 K0003 M0001 N0001 P0024 R0212 R0495 Z0056 Z0112,BEDCA,1163,ES,es,generic,,,crudo,,0.8,100g,320.21,1339.75,False,75.0,0.0,,,1.75,0.71,0.2,0.59,,,,0.0,8100.0,20.25,True,50.0,23.3,0.0,50.0,3.6,28.0,891.0,160.0,1.0,,60.0,28.0,15.0,0.1,5.0,1.3,0.6,5.0,14.0,0.08,0.45,1.1,,,,,,,,,,,,,,,,,,,,,,"Bacalao, salado, crudo",bacalao salado crudo cod salted raw,"Cod, salted, raw",93,True,GRP-00090,OK,,,2026-09-20T03:50:39.818564+00:00,2026-09-20T03:50:39.818564+00:00
BEDCA-1164,"Calamar, conserva","Calamar, conserva","Calamar, conserva","Squid, canned",calamar conserva,,A0267 A0460 A0634 A0717 A0727 A0752 A0802 B1205 C0125 E0152 F0014 G0003 H0003 H0263 H0367 J0123 K0021 M0182 N0023 P0024 R0212 R0497 Z0062 Z0112,BEDCA,1164,ES,es,generic,,,en_conserva,,1.0,100g,88.79,371.5,False,17.0,0.5,0.5,0.0,2.0,0.52,0.15,0.74,,,,0.0,430.0,1.075,True,200.0,80.5,0.0,78.0,1.7,36.0,185.0,90.0,1.2,,64.0,44.8,70.0,0.0,,0.82,0.03,1.3,3.4,0.07,0.14,3.6,,,,,,,,,,,,,,,,,,,,,,"Calamar, conserva",calamar conserva squid canned,"Squid, canned",98,True,GRP-00162,OK,,,2026-09-20T03:50:39.818564+00:00,2026-09-20T03:50:39.818564+00:00
BEDCA-1165,"Confitura, frutas s/e, baja en calorías","Confitura, frutas s/e, baja en calorías","Confitura, frutas s/e, baja en calorías","Preserve fruit, fruit n/e, light",confitura frutas s e baja en calorias,,A0251 A0456 A0630 A0663 A0732 A0834 B1140 C0167 E0102 F0014 G0001 H0303 J0001 K0003 M0001 N0001 P0024 P0034 R0212 R0497 Z0112,BEDCA,1165,ES,es,generic,,,,,1.0,100g,225.5,943.5,False,0.5,55.0,55.0,0.0,,,,,,,,0.8,14.0,0.035,True,0.0,43.7,0.0,12.0,1.0,7.0,14.0,105.0,0.0,,2.7,2.0,0.0,0.0,0.0,0.0,0.0,0.0,2.0,0.0,0.0,0.0,,,,,,,,,,,,,,,,,,,,,,"Confitura, frutas s/e, baja en calorías",confitura frutas baja en calorias preserve fruit light,"Preserve fruit, fruit n/e, light",87,True,GRP-00272,OK,,,2026-09-20T03:50:39.818564+00:00,2026-09-20T03:50:39.818564+00:00
BEDCA-1166,"Guayaba, enlatada en almíbar","Guayaba, enlatada en almíbar","Guayaba, enlatada en almíbar","Guava, canned in syrup",guayaba enlatada en almibar,,A0143 A0455 A0629 A0649 A0707 A0732 A0833 B1333 C0229 E0133 F0014 G0003 H0136 J0123 K0023 M0194 N0001 P0024 R0001 Z0112 Z0205,BEDCA,1166,ES,es,generic,,,en_conserva,,1.0,100g,65.42,273.7,False,0.4,15.7,15.7,,,,,,,,,3.6,7.0,0.0175,True,0.0,76.6,0.0,8.0,0.5,6.0,11.0,120.0,0.4,,1.5,1.5,24.1667,180.0,0.0,0.2,0.09,0.0,3.0,0.04,0.03,0.9,,,,,,,,,,,,,,,,,,,,,,"Guayaba, enlatada en almíbar",guayaba enlatada en almibar guava canned in syrup,"Guava, canned in syrup",87,True,GRP-00372,OK,,,2026-09-20T03:50:39.818564+00:00,2026-09-20T03:50:39.818564+00:00
BEDCA-1167,"Piña, enlatada en su jugo","Piña, enlatada en su jugo","Piña, enlatada en su jugo","Pineapple, canned, in juice",pina enlatada en su jugo,,A0143 A0455 A0629 A0660 A0707 A0732 A0833 B1484 C0229 E0152 F0014 G0003 H0136 J0123 K0039 M0194 N0001 P0024 R0212 R0497 Z0112,BEDCA,1167,ES,es,generic,,,en_conserva,,1.0,100g,49.35,206.46,False,0.3,11.8447,11.8447,0.0,,,,,,,,0.8,1.0,0.0025,True,0.0,86.8,0.0,8.0,0.5,13.0,5.0,71.0,0.1,,,0.4,2.0,11.0,0.0,0.05,0.09,0.0,1.0,0.09,0.01,0.2,,,,,,,,,,,,,,,,,,,,,,"Piña, enlatada en su jugo",pina enlatada en su jugo pineapple canned in juice,"Pineapple, canned, in juice",87,True,GRP-00661,OK,,,2026-09-20T03:50:39.818564+00:00,2026-09-20T03:50:39.818564+00:00
BEDCA-1168,Kefir,Kefir,Kefir,Kefir,kefir,,A0148 A0452 A0626 A0721 A0724 A0774 A0783 B1201 C0235 E0130 F0018 G0003 H0107 J0135 K0003 M0001 N0001 P0024 R0212 R0497 Z0112,BEDCA,1168,ES,es,generic,Milk and dairy products,Fermented milk or cream,,,1.0,100g,63.86,267.2,False,3.3,4.8,,,3.5,2.3,1.0,0.1,,,,0.0,46.0,0.115,True,14.0,88.4,0.0,127.0,0.13,14.0,90.0,160.0,0.44,,24.3,1.3,30.6,0.3,0.101,0.092,0.038,0.18,21.0,0.045,0.203,0.087,,,,,,,,,,,,,,,,,,,,,,Kefir,kefir,,93,True,GRP-00433,OK,,,2026-09-20T03:50:39.818564+00:00,2026-09-20T03:50:39.818564+00:00
BEDCA-1169,"Angula, cruda","Angula, cruda","Angula, cruda","Elver, raw",angula cruda,,A0267 A0460 A0634 A0717 A0727 A0747 A0801 B2299 C0173 E0150 F0003 G0003 H0001 J0001 K0003 M0001 N0001 P0024 R0212 R0497 Z0062 Z0215,BEDCA,1169,ES,es,generic,,,crudo,,1.0,100g,212.14,887.6,False,16.3,0.0,,,16.5,2.8,8.9,1.3,,,,0.0,90.0,0.225,True,50.0,67.2,0.0,30.0,1.0,19.0,170.0,270.0,1.8,,10.0,,1000.0,,110.0,5.6,0.3,1.0,13.0,0.17,0.32,5.5,,,,,,,,,,,,,,,,,,,,,,"Angula, cruda",angula cruda elver raw,"Elver, raw",93,True,GRP-00057,OK,,,2026-09-20T03:50:39.818564+00:00,2026-09-20T03:50:39.818564+00:00
BEDCA-1172,"Ciruela, con piel, cruda","Ciruela, con piel, cruda","Ciruela, con piel, cruda","Yellow plum, with skin, raw",ciruela con piel cruda,,A0143 A0455 A0629 A0670 A0707 A0732 A0833 B1206 C0139 E0150 F0003 G0003 H0003 J0001 K0003 M0001 N0001 P0024 R0212 R0497 Z0112,BEDCA,1172,ES,es,generic,,,crudo,,0.0,100g,53.57,224.15,False,0.75,12.0,12.0,0.0,0.2,,,,,,,2.3,0.5,0.0013,True,0.0,82.35,0.0,12.5,0.45,11.5,29.0,236.5,0.4,0.04,,0.5,20.0,6.0,0.0,0.5,0.05,0.0,3.0,0.055,0.035,0.5,0.08,0.2,,,,,,,,,,,,,,,,,,,,"Ciruela, con piel, cruda",ciruela con piel cruda yellow plum with skin raw,"Yellow plum, with skin, raw",93,True,GRP-00257,OK,,,2026-09-20T03:50:39.818564+00:00,2026-09-20T03:50:39.818564+00:00
BEDCA-1173,"Huevo de gallina, clara, cruda","Huevo de gallina, clara, cruda","Huevo de gallina, clara, cruda","Egg,chicken, white, raw",huevo de gallina clara cruda,,A0261 A0461 A0635 A0718 A0725 A0744 A0790 B1713 C0241 E0139 F0001 G0003 H0003 J0001 K0003 M0001 N0001 P0024 R0212 R0497 Z0112,BEDCA,1173,ES,es,generic,,,crudo,,1.0,100g,44.77,187.3,False,10.5,0.3,0.3,0.0,0.1,,,,,,,0.0,160.0,0.4,True,0.0,88.0,0.0,6.0,0.07,10.0,15.0,142.0,0.02,0.01,10.0,6.0,0.0,0.0,0.0,0.0,0.01,0.1,12.0,,0.44,0.16,0.19,0.01,,,,,,,,,,,,,,,,,,,,"Huevo de gallina, clara, cruda",huevo de gallina clara cruda egg chicken white raw,"Egg,chicken, white, raw",93,True,GRP-00404,OK,,,2026-09-20T03:50:39.818564+00:00,2026-09-20T03:50:39.818564+00:00
BEDCA-1174,"Pescadilla, congelada, cruda","Pescadilla, congelada, cruda","Pescadilla, congelada, cruda","Whiting, frozen, raw",pescadilla congelada cruda,,A0267 A0460 A0634 A0717 A0727 A0747 A0802 B1840 C0265 E0131 F0003 G0003 H0001 J0136 K0003 M0001 N0001 P0024 R0212 R0497 Z0056 Z0112 Z0215,BEDCA,1174,ES,es,generic,,,crudo,,0.0,100g,55.13,230.68,False,11.75,0.0,0.0,0.0,0.835979,0.22,0.26,0.31,,,,0.0,100.0,0.25,True,19.0,86.1,0.0,46.7,0.85,30.5,190.0,270.0,0.97,,10.0,15.0,,0.96,,0.36,0.1,0.97,15.4,0.09,0.07,6.9,,,,,,,,,,,,,,,,,,,,,,"Pescadilla, congelada, cruda",pescadilla congelada cruda whiting frozen raw,"Whiting, frozen, raw",98,True,GRP-00642,OK,,,2026-09-20T03:50:39.818564+00:00,2026-09-20T03:50:39.818564+00:00
BEDCA-1175,"Guisante, congelado, crudo","Guisante, congelado, crudo","Guisante, congelado, crudo","Pea, frozen, raw",guisante congelado crudo,,A0152 A0455 A0629 A0650 A0704 A0730 A0831 B1338 C0133 E0150 F0003 G0003 H0003 J0136 K0003 M0001 N0001 P0024 R0212 R0497 Z0112 Z0205,BEDCA,1175,ES,es,generic,,,crudo,,1.0,100g,62.12,259.9,False,5.4,8.8,2.1,6.7,0.5,0.1,,0.3,,0.033,0.142,4.7,3.0,0.0075,True,0.0,79.9,0.0,24.0,1.6,26.0,91.0,197.0,0.8,,0.15,1.9,53.0,18.0,0.0,0.1,0.1,0.0,49.3,0.26,0.1,1.7,,,0.0,0.0,0.06,0.007,0.033,0.142,0.033,0.0,0.0,0.0,,,,,,,,,,"Guisante, congelado, crudo",guisante congelado crudo pea frozen raw,"Pea, frozen, raw",98,True,GRP-00376,OK,,,2026-09-20T03:50:39.818564+00:00,2026-09-20T03:50:39.818564+00:00
BEDCA-1176,"Alcachofa, cruda","Alcachofa, cruda","Alcachofa, cruda","Artichoke, frozen, raw",alcachofa cruda,,A0152 A0455 A0629 A0650 A0705 A0731 A0826 B1466 C0237 E0148 F0003 G0003 H0001 J0136 K0001 M0001 N0001 P0024 R0212 R0497 Z0205 Z0215,BEDCA,1176,ES,es,generic,,,crudo,,0.0,100g,22.73,95.12,False,2.9,2.26,2.25,0.01,0.2,,,0.09,,,,9.4,15.0,0.0375,True,0.0,83.33,0.0,44.0,1.0,27.0,50.0,300.0,0.1,0.23,1.0,0.2,4.0,6.0,0.0,0.2,0.09,0.0,28.0,0.05,0.04,0.8,0.34,4.1,,,,,,,,,,,,,,,,,,,,"Alcachofa, cruda",alcachofa cruda artichoke frozen raw,"Artichoke, frozen, raw",93,True,GRP-00035,OK,,,2026-09-20T03:50:39.818564+00:00,2026-09-20T03:50:39.818564+00:00
BEDCA-1177,"Brécol, crudo","Brécol, crudo","Brécol, crudo","Broccoli, raw",brecol crudo,,A0152 A0455 A0629 A0650 A0731 A0826 B1443 C0144 E0150 F0003 G0003 H0003 J0001 K0001 M0001 N0001 P0024 R0212 R0497 Z0112 Z0205 Z0215,BEDCA,1177,ES,es,generic,,,crudo,,0.0,100g,25.48,106.6,False,3.0,2.4,2.3,0.1,0.4,0.07,,0.2,,,,3.0,13.0,0.0325,True,0.0,90.7,0.0,93.0,1.4,25.0,67.0,370.0,0.6,0.04,2.0,3.0,69.0,110.0,0.0,1.0,0.19,0.0,110.0,0.1,0.13,1.0,0.9,,,,,,,,,,,,,,,,,,,,,"Brécol, crudo",brecol crudo broccoli raw,"Broccoli, raw",98,True,GRP-00133,OK,,,2026-09-20T03:50:39.818564+00:00,2026-09-20T03:50:39.818564+00:00
BEDCA-1178,"Col lombarda, hervida","Col lombarda, hervida","Col lombarda, hervida","Red cabbage, boiled",col lombarda hervida,,A0152 A0455 A0629 A0675 A0705 A0731 A0826 B2072 C0151 E0151 F0014 G0014 H0001 J0001 K0001 M0001 N0001 P0024 R0212 R0497 Z0109 Z0205,BEDCA,1178,ES,es,generic,,,hervido,,1.0,100g,17.89,74.85,False,1.0,2.75,2.75,,0.3,,,0.15,,,,2.4,3.0,0.0075,True,0.0,91.4,0.0,37.0,0.4,9.0,29.0,140.0,0.1,,1.0,0.4,1.0,33.0,0.0,0.7,0.1,0.0,34.0,0.03,0.02,0.2,,,,,,,,,,,,,,,,,,,,,,"Col lombarda, hervida",col lombarda hervida red cabbage boiled,"Red cabbage, boiled",93,True,GRP-00263,OK,,,2026-09-20T03:50:39.818564+00:00,2026-09-20T03:50:39.818564+00:00
BEDCA-1179,"Espárrago, verde","Espárrago, verde","Espárrago, verde","Asparagus, green",esparrago verde,,A0152 A0455 A0629 A0682 A0705 A0731 A0826 B1604 C0200 E0150 F0001 G0001 H0001 J0001 K0001 M0001 N0001 P0024 R0212 R0497 Z0205 Z0215,BEDCA,1179,ES,es,generic,,,,,0.6,100g,25.22,105.5,False,2.9,2.0,,,0.6,0.1,0.1,0.2,,,,1.7,3.0,0.0075,True,0.0,92.8,0.0,27.7,1.3,12.5,59.0,207.0,0.51,0.08,8.0,1.0,53.0,21.6,0.0,2.0,0.07,0.0,113.0,0.12,0.11,1.5,0.17,0.0,,,,,,,,,,,,,,,,,,,,"Espárrago, verde",esparrago verde asparagus green,"Asparagus, green",93,True,GRP-00323,OK,,,2026-09-20T03:50:39.818564+00:00,2026-09-20T03:50:39.818564+00:00
BEDCA-1180,"Col de bruselas, cruda","Col de bruselas, cruda","Col de bruselas, cruda","Brussels sprout, frozen",col de bruselas cruda,,A0152 A0455 A0629 A0675 A0705 A0731 A0826 B1611 C0151 E0151 F0001 G0001 H0001 J0136 K0001 M0001 N0001 P0024 R0212 R0497 Z0112 Z0205,BEDCA,1180,ES,es,generic,,,crudo,,0.0,100g,34.89,146.0,False,4.0,3.5,2.9,0.6,0.5,0.1,,0.2,,,,4.3,9.0,0.0225,True,0.0,84.4,0.0,31.0,1.1,23.0,77.0,411.0,0.5,0.07,10.0,1.6,13.0,110.0,0.0,0.9,0.28,0.0,55.6,0.14,0.13,0.69,,0.0,,,,,,,,,,,,,,,,,,,,"Col de bruselas, cruda",col de bruselas cruda brussels sprout frozen,"Brussels sprout, frozen",98,True,GRP-00262,OK,,,2026-09-20T03:50:39.818564+00:00,2026-09-20T03:50:39.818564+00:00
BEDCA-1182,Sofrito,Sofrito,Sofrito,Lightly-fried vegatables,sofrito,,A0286 A0463 A0629 A0663 A0722 A0735 A0862 B1300 C0240 E0134 F0014 G0028 H0212 H0341 H0350 H0367 J0003 K0003 M0003 N0001 P0024 R0212 R0497 Z0052 Z0112,BEDCA,1182,ES,es,generic,,,,,1.0,100g,209.09,874.83,False,1.11,4.71,4.63,0.08,20.97,3.03,14.86,2.14,,,,1.4,492.99,1.2325,True,0.0,70.0,0.0,21.65,0.67,14.4,27.19,253.5,0.34,0.0,0.0,0.0,26.25,6.52,0.0,3.49,0.07,0.0,5.13,0.04,0.03,0.72,0.0,0.0,,,,,,,,,,,,,,,,,,,,Sofrito,sofrito lightly fried vegatables,Lightly-fried vegatables,98,True,GRP-00846,OK,,,2026-09-20T03:50:39.818564+00:00,2026-09-20T03:50:39.818564+00:00
BEDCA-1183,"Calabaza, hervida","Calabaza, hervida","Calabaza, hervida","Pumpkin, boiled",calabaza hervida,,A0152 A0455 A0629 A0676 A0705 A0731 A0828 B1456 C0229 E0152 F0014 G0014 H0367 J0001 K0003 M0001 N0001 P0024 R0212 R0497 Z0109 Z0205,BEDCA,1183,ES,es,generic,,,hervido,,1.0,100g,12.3,51.45,False,0.6,2.1,,,0.15,0.1,,,,,,0.5,76.0,0.19,True,0.0,96.5,0.0,23.0,0.1,7.0,15.0,84.0,0.2,0.02,1.0,0.0,159.17,7.0,0.0,1.06,0.03,0.0,10.0,0.14,,0.2,0.3,0.4,,,,,,,,,,,,,,,,,,,,"Calabaza, hervida",calabaza hervida pumpkin boiled,"Pumpkin, boiled",93,True,GRP-00160,OK,,,2026-09-20T03:50:39.818564+00:00,2026-09-20T03:50:39.818564+00:00
BEDCA-1185,"Grosella negra, cruda","Grosella negra, cruda","Grosella negra, cruda","Black currant, raw",grosella negra cruda,,A0143 A0455 A0629 A0671 A0707 A0732 A0833 B1192 C0140 E0150 F0003 G0003 H0003 J0001 K0003 M0001 N0001 P0024 R0212 R0497 Z0112 Z0205,BEDCA,1185,ES,es,generic,,,crudo,,1.0,100g,35.76,149.62,False,1.48,7.10333,7.10333,,0.1,,,,,,,7.0,6.03333,0.0151,True,0.0,79.84,0.0,40.1,0.9,22.0333,34.0,341.9,0.433333,0.09,1.0,1.7,21.6667,159.567,0.0,1.0,0.08,0.0,40.0,0.02,0.06,0.3,0.4,,,,,,,,,,,,,,,,,,,,,"Grosella negra, cruda",grosella negra cruda black currant raw,"Black currant, raw",93,True,GRP-00371,OK,,,2026-09-20T03:50:39.818564+00:00,2026-09-20T03:50:39.818564+00:00
BEDCA-1186,"Mango, crudo","Mango, crudo","Mango, crudo","Mango, without skin, raw",mango crudo,,A0143 A0455 A0629 A0668 A0707 A0732 A0833 B1270 C0229 E0150 F0003 G0003 H0003 J0001 K0003 M0001 N0001 P0024 R0212 R0497 Z0112,BEDCA,1186,ES,es,generic,,,crudo,,0.0,100g,58.65,245.4,False,0.6,13.4,13.1,0.3,0.2,0.05,0.07,0.03,,,,2.3,2.0,0.005,True,0.0,83.0,0.0,20.0,1.2,9.0,22.0,150.0,0.1,0.11,0.0,0.6,25.0,44.0,0.0,1.8,0.08,0.0,31.0,0.03,0.05,0.4,0.16,,,,,,,,,,,,,,,,,,,,,"Mango, crudo",mango crudo without skin raw,"Mango, without skin, raw",98,True,GRP-00489,OK,,,2026-09-20T03:50:39.818564+00:00,2026-09-20T03:50:39.818564+00:00
BEDCA-1187,"Centeno, crudo","Centeno, crudo","Centeno, crudo","Rye, raw",centeno crudo,,A0125 A0457 A0631 A0683 A0696 A0729 A0812 B1313 C0155 E0150 F0001 G0003 H0138 J0116 K0003 M0001 N0001 P0024 R0212 R0497 Z0205 Z0215,BEDCA,1187,ES,es,generic,,,crudo,,1.0,100g,406.48,1700.7,False,14.8,79.8,,,2.5,0.29,0.3,1.1,,,,14.6,6.0,0.015,True,0.0,0.0,0.0,33.0,2.67,121.0,374.0,264.0,3.73,0.45,10.0,35.3,0.0,0.0,0.0,1.87,0.29,0.0,60.0,0.32,0.25,4.27,1.46,,,,,,,,,,,,,,,,,,,,,"Centeno, crudo",centeno crudo rye raw,"Rye, raw",93,True,GRP-00200,OK,,,2026-09-20T03:50:39.818564+00:00,2026-09-20T03:50:39.818564+00:00
BEDCA-1188,"Cereales desayuno base de maíz, trigo y avena","Cereales desayuno base de maíz, trigo y avena","Cereales desayuno base de maíz, trigo y avena","Breakfast cereal, corn, wheat and oat",cereales desayuno base de maiz trigo y avena,,A0258 A0457 A0631 A0692 A0729 A0768 A0816 B1379 C0155 E0153 F0014 G0003 H0100 H0138 H0181 H0215 H0216 H0274 H0319 H0322 J0116 K0003 M0155 N0001 P0024 R0212 R0497 Z0112,BEDCA,1188,ES,es,generic,,,,,1.0,100g,414.03,1732.3,False,6.2,80.9,,,6.8,4.6,0.0,0.0,,,,2.4,200.0,0.5,True,0.0,5.2,0.0,0.0,11.9,0.0,0.0,0.0,0.0,0.0,0.0,0.0,0.0,51.0,0.0,0.0,1.7,0.85,170.0,1.2,1.4,15.3,5.1,0.0,,,,,,,,,,,,,,,,,,,,"Cereales desayuno base de maíz, trigo y avena",cereales desayuno base de maiz trigo avena breakfast cereal corn wheat and oat,"Breakfast cereal, corn, wheat and oat",93,True,GRP-00215,OK,,,2026-09-20T03:50:39.818564+00:00,2026-09-20T03:50:39.818564+00:00
BEDCA-1777,Jamón ibérico de cebo,Jamón ibérico de cebo,Jamón ibérico de cebo,Iberian ham of land cebo-feed,jamon iberico de cebo,,A0797 B1136 C0269 E0150 F0003 H0144 J0139 K0003 P0024 R0212 Z0086,BEDCA,1777,ES,es,generic,,,,,1.0,100g,301.43,1261.2,False,32.3,0.1,,,19.2,7.81,10.31,1.18,0.043,,0.71,0.0,1942.0,4.855,True,69.0,48.4,0.0,10.2,4.3,37.2,141.0,701.0,4.0,,11.0,12.1,,0.0,,0.08,0.16,15.7,13.5,0.42,0.12,0.8,,,0.013,0.25,4.69,2.41,9.19,0.657,0.084,0.053,,,,,,,,,,,,Jamón ibérico de cebo,jamon iberico de cebo iberian ham of land feed,Iberian ham of land cebo-feed,93,True,GRP-00421,OK,,,2026-09-20T03:50:39.818564+00:00,2026-09-20T03:50:39.818564+00:00
BEDCA-1781,Jamón ibérico de bellota,Jamón ibérico de bellota,Jamón ibérico de bellota,Iberian acorn-feed ham,jamon iberico de bellota,,A1000 A0797 B1136 C0269 E0150 F0003 H0144 J0139 K0003 P0024 R0212 Z0086,BEDCA,1781,ES,es,generic,,,,,1.0,100g,333.25,1394.3,False,33.2,0.5,,,22.2,6.53,13.08,1.54,0.043,,0.71,0.0,1935.0,4.8375,True,69.0,38.5,0.0,6.8,3.6,37.6,191.0,655.0,3.5,,10.0,12.1,,0.0,,0.08,0.14,15.7,,0.4,0.11,0.84,,,0.013,0.2,4.29,2.04,12.46,0.657,0.084,0.053,,,,,,,,,,,,Jamón ibérico de bellota,jamon iberico de bellota iberian acorn feed ham,Iberian acorn-feed ham,93,True,GRP-00420,OK,,,2026-09-20T03:50:39.818564+00:00,2026-09-20T03:50:39.818564+00:00
BEDCA-2123,Kebab,Kebab,Kebab,Kebab,kebab,,A0467 A0722 A0735 A0861 B1134 C0005 E0147 F0014 G0001 H0152 H0191 H0212 H0367 J0142 K0003 M0001 N0001 P0024 R0403 Z0112,BEDCA,2123,ES,es,generic,,,,,1.0,100g,303.54,1270.03,False,8.8,16.7,,,7.9,2.9,3.1,0.7,,,,1.6,680.0,1.7,True,,66.6,0.0,26.1,1.1,14.6,85.0,210.6,1.4,,10.8,6.6,21.1,3.4,,0.7,0.19,0.5,13.7,0.06,0.09,3.8,,,,,,,,,,,,,,,,,,,,,,Kebab,kebab,,84,True,GRP-00432,REVIEW,"kcal declarada (304) se aleja de la estimada por macros (173), 75% de diferencia",f_origen original: BEDCA2,2026-09-20T03:50:39.818564+00:00,2026-09-20T03:50:39.818564+00:00
BEDCA-2124,Vinagre de vino,Vinagre de vino,Vinagre de vino,Wine vinegar,vinagre de vino,"Vinegar, wine",A0302 A0722 A0735 A0852 A1200 B1329 C0167 E0123 F0014 G0014 H0148 J0104 K0004 M0102 M0130 N0036 N0040 P0024 R0001 Z0112,BEDCA,2124,ES,es,generic,"Seasoning, sauces and condiments",Condiments,,,1.0,100g,4.06,17.0,False,0.4,0.6,,,0.0,0.0,0.0,0.0,,,,0.0,8.0,0.02,True,0.0,97.0,0.0,6.0,0.45,4.0,8.0,39.0,0.03,,,,0.0,0.5,0.0,,,0.0,,,,,,,,,,,,,,,,,,,,,,,,,,Vinagre de vino,vinagre de vino wine vinegar,Wine vinegar,93,True,GRP-00896,OK,,f_origen original: BEDCA2,2026-09-20T03:50:39.818564+00:00,2026-09-20T03:50:39.818564+00:00
BEDCA-2125,"Huevo de gallina, yema, cruda","Huevo de gallina, yema, cruda","Huevo de gallina, yema, cruda","Egg, chiken, yolk, raw",huevo de gallina yema cruda,Gallus gallus domesticus,A0718 A0725 A0790 A1038 A1260 A1275 B1713 C0215 E0150 F0003 G0003 H0003 J0003 K0003 M0156 M0159 N0036 P0024 Z0154,BEDCA,2125,ES,es,generic,,,crudo,,1.0,100g,354.95,1485.1,False,16.5,2.3,,,31.5,9.4,12.3,4.1,,,,0.0,50.0,0.125,True,1100.0,49.9,0.0,137.0,6.1,15.0,520.0,97.0,3.9,,39.6,45.0,591.0,0.0,4.5,3.6,0.3,4.7,140.0,0.22,0.5,,,,,,,,,,,,,,,,,,,,,,,"Huevo de gallina, yema, cruda",huevo de gallina yema cruda egg chiken yolk raw,"Egg, chiken, yolk, raw",93,True,GRP-00411,OK,,f_origen original: BEDCA2,2026-09-20T03:50:39.818564+00:00,2026-09-20T03:50:39.818564+00:00
BEDCA-2126,"Huevo de gallina, hervido, duro","Huevo de gallina, hervido, duro","Huevo de gallina, hervido, duro","Egg, chicken, cooked, hard boiled",huevo de gallina hervido duro,,A0718 A0725 A0790 A1038 A1260 A1275 B1713 C0194 E0150 F0014 G0015 H0003 J0003 K0003 M0001 N0001 P0024 Z0154,BEDCA,2126,ES,es,generic,,,hervido,,1.0,100g,144.86,606.1,False,12.5,0.3,,,10.5,3.1,4.2,1.3,,,,,133.0,0.3325,True,380.0,75.7,0.0,53.0,1.8,11.0,186.0,126.0,1.3,,44.0,24.9,207.0,0.0,1.7,1.2,0.1,1.2,60.0,0.07,0.35,0.07,,,,,,,,,,,,,,,,,,,,,,"Huevo de gallina, hervido, duro",huevo de gallina hervido duro egg chicken cooked hard boiled,"Egg, chicken, cooked, hard boiled",87,True,GRP-00408,OK,,f_origen original: BEDCA2,2026-09-20T03:50:39.818564+00:00,2026-09-20T03:50:39.818564+00:00
BEDCA-2127,Huevo de gallina fresco,Huevo de gallina fresco,Huevo de gallina fresco,"Egg, chicken, whole, raw",huevo de gallina fresco,,A0718 A0725 A0791 A1038 A1260 A1271 B1713 C0128 E0150 F0003 G0003 H0003 J0001 K0004 M0128 M0156 N0036 N0039 P0024 R0001 Z0112,BEDCA,2127,ES,es,generic,,,crudo,,0.88,100g,148.95,623.2,False,12.5,,,0.0,11.1,3.1,3.97,1.74,,,,0.0,140.0,0.35,True,385.0,76.4,0.0,57.0,1.9,12.0,200.0,130.0,1.3,,20.0,11.0,190.0,0.0,1.75,1.11,0.12,2.5,50.0,0.09,0.47,3.8,,,,,,,,,,,,,,,,,,,,,,Huevo de gallina fresco,huevo de gallina fresco egg chicken whole raw,"Egg, chicken, whole, raw",87,True,GRP-00406,OK,,f_origen original: BEDCA2,2026-09-20T03:50:39.818564+00:00,2026-09-20T03:50:39.818564+00:00
BEDCA-2129,Anchoas en aceite vegetal,Anchoas en aceite vegetal,Anchoas en aceite vegetal,Anchovy in vegetable oil,anchoas en aceite vegetal,,A0717 A0727 A0802 A1140 A1265 A1285 B1554 C0120 E0150 F0014 G0013 H0263 H0367 J0123 K0021 M0175 M0182 M0204 N0042 P0024 R0001 Z0112,BEDCA,2129,ES,es,generic,,,en_conserva,,1.0,100g,203.25,850.4,False,28.89,0.0,,,9.71,2.203,3.77,2.562,,,,0.0,3668.0,9.17,True,85.0,61.0,0.0,232.0,4.63,69.0,262.0,554.0,2.44,,,68.1,67.4,0.0,11.8,3.33,0.203,3.4,18.5,0.078,0.363,3.8,,,,,,,,,,,,,,,,,,,,,,Anchoas en aceite vegetal,anchoas en aceite vegetal anchovy in vegetable oil,Anchovy in vegetable oil,93,True,GRP-00053,OK,,f_origen original: BEDCA2,2026-09-20T03:50:39.818564+00:00,2026-09-20T03:50:39.818564+00:00
BEDCA-2130,Atún en aceite de oliva isabel,Atún en aceite de oliva isabel,Atún en aceite de oliva isabel,Tuna in olive oil,atun en aceite de oliva isabel,,A0717 A0727 A0802 A1140 A1265 A1285 B1269 C0270 E0152 F0014 G0013 H0341 H0367 J0123 K0038 M0175 M0182 M0204 N0042 P0024 R0001 Z0112,BEDCA,2130,ES,es,generic,,,en_conserva,,1.0,100g,179.25,749.97,False,26.53,0.0,,,8.08,1.05,3.313,3.72,,,,0.0,396.0,0.99,True,31.0,64.02,0.0,4.0,0.65,34.0,267.0,333.0,0.47,,8.0,60.1,62.2,2.2,5.0,2.3,0.43,,16.8,0.017,0.079,11.698,,,,,,,,,,,,,,,,,,,,,,Atún en aceite de oliva isabel,atun en aceite de oliva isabel tuna in olive oil,Tuna in olive oil,93,True,GRP-00074,OK,,f_origen original: BEDCA2,2026-09-20T03:50:39.818564+00:00,2026-09-20T03:50:39.818564+00:00
BEDCA-2131,Atun en aceite vegetal,Atun en aceite vegetal,Atun en aceite vegetal,Tuna in vegetable oil,atun en aceite vegetal,,A0717 A0727 A0747 A0802 A1265 A1285 B1269 C0243 E0107 F0014 G0013 H0001 J0110 K0003 M0182 N0042 R0212 Z0058 Z0112 Z0153,BEDCA,2131,ES,es,generic,,,en_conserva,,1.0,100g,203.75,852.47,False,23.81,0.0,,,12.1,1.8,3.6,5.5,,,,0.0,,,False,39.8,61.4,0.0,27.7,1.2,28.2,,,1.1,,34.2,,62.2,,24.7,6.3,0.42,5.0,16.8,0.1,0.1,13.6,,,,,,,,,,,,,,,,,,,,,,Atun en aceite vegetal,atun en aceite vegetal tuna in vegetable oil,Tuna in vegetable oil,87,True,GRP-00075,OK,,f_origen original: BEDCA2,2026-09-20T03:50:39.818564+00:00,2026-09-20T03:50:39.818564+00:00
BEDCA-2132,Atún en escabeche,Atún en escabeche,Atún en escabeche,Pickled tuna,atun en escabeche,,A0717 A0727 A0802 A1140 A1265 A1285 B1269 C0270 E0152 F0014 G0013 H0200 H0263 H0367 J0123 K0040 M0175 M0182 M0204 N0042 P0024 R0001 Z0112,BEDCA,2132,ES,es,generic,"Fish, seafood, amphibians, reptiles and invertebrates",Fish and seafood processed,,,1.0,100g,100.79,421.7,False,23.5,0.0,,,0.6,0.23,0.1,0.21,,,,0.0,320.0,0.8,True,51.0,75.9,0.0,8.0,1.0,27.0,170.0,230.0,0.7,,13.0,78.0,65.0,0.0,4.0,0.55,0.47,4.3,16.0,0.02,0.11,18.8,,,,,,,,,,,,,,,,,,,,,,Atún en escabeche,atun en escabeche pickled tuna,Pickled tuna,93,True,GRP-00076,OK,,f_origen original: BEDCA2,2026-09-20T03:50:39.818564+00:00,2026-09-20T03:50:39.818564+00:00
BEDCA-2133,"Atún, al natural","Atún, al natural","Atún, al natural","Tuna, canned in water",atun al natural,,A0717 A0727 A0747 A0802 A1265 A1285 B1269 C0243 E0107 F0014 G0013 H0367 J0110 K0003 M0182 N0042 R0212 Z0058 Z0112 Z0153,BEDCA,2133,ES,es,generic,,,,,1.0,100g,100.79,421.7,False,23.5,0.0,,,0.6,0.2,0.1,0.2,,,,0.0,320.0,0.8,True,51.0,75.9,0.0,28.0,1.0,27.0,170.0,230.0,0.7,,13.0,80.4,60.0,0.0,4.0,0.55,0.47,4.0,7.0,0.02,0.11,18.78,,,,,,,,,,,,,,,,,,,,,,"Atún, al natural",atun al natural tuna canned in water,"Tuna, canned in water",93,True,GRP-00072,OK,,f_origen original: BEDCA2,2026-09-20T03:50:39.818564+00:00,2026-09-20T03:50:39.818564+00:00
BEDCA-2134,"Atún, crudo","Atún, crudo","Atún, crudo","Tuna, raw",atun crudo,thunnus thynnus,A0717 A0727 A0747 A0802 A1265 A1285 B1269 C0243 E0150 F0003 G0003 H0003 J0142 K0003 M0001 N0001 R0212 Z0058 Z0153,BEDCA,2134,ES,es,generic,,,crudo,,0.58,100g,118.57,496.1,False,22.0,0.0,,,3.3,0.96,0.65,1.32,,0.756,0.106,0.0,47.0,0.1175,True,28.0,67.3,0.0,16.0,1.3,33.0,230.0,400.0,0.7,,8.0,82.0,26.0,,7.2,1.0,0.4,4.0,15.0,0.1,0.13,12.8,,,,,0.508,0.186,0.262,0.029,0.007,0.077,0.101,0.648,,,,,,,,,,"Atún, crudo",atun crudo tuna raw,"Tuna, raw",93,True,GRP-00073,OK,,f_origen original: BEDCA2,2026-09-20T03:50:39.818564+00:00,2026-09-20T03:50:39.818564+00:00
BEDCA-2135,"Atún, plancha","Atún, plancha","Atún, plancha","Tuna, griddle",atun plancha,,A0717 A0727 A0747 A0802 A1265 A1285 B1269 C0243 E0150 F0014 G0008 H0003 J0142 K0003 M0001 N0001 R0212 Z0058 Z0153,BEDCA,2135,ES,es,generic,,,a_la_plancha,,1.0,100g,199.57,835.0,False,23.0,,,,12.0,2.77,2.39,3.07,,,,0.0,40.0,0.1,True,55.0,65.0,0.0,38.0,1.3,28.0,200.0,40.0,1.1,,10.0,46.8,60.0,0.0,25.0,0.0,0.41,5.0,15.0,0.04,0.2,17.8,,,,,,,,,,,,,,,,,,,,,,"Atún, plancha",atun plancha tuna griddle,"Tuna, griddle",87,True,GRP-00077,OK,,f_origen original: BEDCA2,2026-09-20T03:50:39.818564+00:00,2026-09-20T03:50:39.818564+00:00
BEDCA-2136,Bacaladilla,Bacaladilla,Bacaladilla,Whiting,bacaladilla,micromesistius poutasso,A0717 A0727 A0802 A1144 A1265 A1285 B1640 C0275 E0150 F0003 G0003 H0003 J0142 K0003 M0166 M0173 N0036 N0039 P0024 R0001 Z0215,BEDCA,2136,ES,es,generic,"Fish, seafood, amphibians, reptiles and invertebrates",Fish,,,0.64,100g,76.89,321.7,False,17.4,0.0,,0.0,0.7,0.18,0.08,0.28,,0.25,0.003,0.0,77.0,0.1925,True,46.0,81.9,0.0,16.0,0.3,23.0,218.0,320.0,0.4,,30.0,28.0,,,,0.44,0.33,2.0,12.0,0.08,0.07,4.9,,,,,,,,0.002,0.004,0.001,0.108,0.138,,,,,,,,,,Bacaladilla,bacaladilla whiting,Whiting,93,True,GRP-00085,OK,,f_origen original: BEDCA2,2026-09-20T03:50:39.818564+00:00,2026-09-20T03:50:39.818564+00:00
BEDCA-2155,Cereales desayuno base muesli,Cereales desayuno base muesli,Cereales desayuno base muesli,"Breakfast cereal, granola",cereales desayuno base muesli,,A0457 A0692 A0729 A0816 A0973 A1240 A1290 B1047 C0155 E0117 F0014 G0003 H0138 H0152 H0158 H0177 J0116 K0003 M0172 N0036 P0024 R0212 Z0112,BEDCA,2155,ES,es,generic,,,,,1.0,100g,370.22,1549.0,False,10.3,65.8,,,6.9,0.5,3.4,2.3,,,,6.1,38.2,0.0955,True,0.3,9.1,0.0,37.4,8.4,77.7,288.7,323.0,2.5,,17.7,5.9,1.0,84.3,0.0,1.5,2.7,1.4,268.0,2.6,1.4,17.3,,,,,,,,,,,,,,,,,,,,,,Cereales desayuno base muesli,cereales desayuno base muesli breakfast cereal granola,"Breakfast cereal, granola",93,True,GRP-00224,OK,,f_origen original: BEDCA2,2026-09-20T03:50:39.818564+00:00,2026-09-20T03:50:39.818564+00:00
BEDCA-2156,Mijo,Mijo,Mijo,Millet,mijo,,A0457 A0696 A0729 A0814 A0965 A1240 B2505 C0155 E0150 F0003 G0003 H0001 J0003 K0003 M0003 N0001 P0024 R0212 Z0112,BEDCA,2156,ES,es,generic,Grains and grain-based products,Cereals and similar,,,1.0,100g,343.54,1437.37,False,11.01,64.4,,,4.2,0.72,0.77,2.14,,,,8.5,5.0,0.0125,True,0.0,11.9,0.0,8.0,3.01,114.0,285.0,195.0,1.7,,2.5,2.7,0.0,0.0,0.0,0.41,0.38,0.0,85.0,0.42,0.3,4.7,,,,,,,,,,,,,,,,,,,,,,Mijo,mijo millet,Millet,93,True,GRP-00527,OK,,f_origen original: BEDCA2,2026-09-20T03:50:39.818564+00:00,2026-09-20T03:50:39.818564+00:00
BEDCA-2157,Miso,Miso,Miso,Miso,miso,,A0722 A0735 A0859 A1276 B1452 C0155 E0119 F0001 G0003 H0128 H0338 H0367 J0003 K0001 M0001 N0001 P0024 R0001,BEDCA,2157,ES,es,generic,,,,,1.0,100g,208.2,871.09,False,11.69,26.47,,,6.01,1.139,1.242,3.204,,,,5.4,3728.0,9.32,True,0.0,43.02,0.0,57.0,2.49,48.0,159.0,210.0,2.56,,,7.0,26.1,0.0,0.0,0.01,0.199,0.08,19.0,0.098,0.233,0.906,,,,,,,,,,,,,,,,,,,,,,Miso,miso,,93,True,GRP-00528,OK,,f_origen original: BEDCA2,2026-09-20T03:50:39.818564+00:00,2026-09-20T03:50:39.818564+00:00
BEDCA-2158,Muesli,Muesli,Muesli,Granola,muesli,,A0457 A0692 A0729 A0816 A0970 A1240 A1290 B1047 C0155 E0117 F0014 G0003 H0138 H0147 H0152 H0177 J0116 K0003 M0172 N0036 P0024 R0212 Z0112,BEDCA,2158,ES,es,generic,Grains and grain-based products,Breakfast cereals,,,1.0,100g,381.69,1597.0,False,9.0,61.0,,,11.0,2.5,3.39,1.77,,,,8.0,200.0,0.5,True,0.0,11.0,0.0,50.0,6.6,70.0,250.0,400.0,1.5,,5.0,17.3,164.0,51.0,4.25,2.9,1.7,0.85,200.9,0.8,0.6,6.8,,,,,,,,,,,,,,,,,,,,,,Muesli,muesli granola,Granola,93,True,GRP-00541,OK,,f_origen original: BEDCA2,2026-09-20T03:50:39.818564+00:00,2026-09-20T03:50:39.818564+00:00
BEDCA-2159,Palmera,Palmera,Palmera,Butterfly cookies,palmera,,A0202 A0456 A0695 A0733 A0821 A0951 A1240 A1290 B1312 C0155 E0147 F0014 G0005 H0158 H0184 H0186 H0221 J0003 K0003 M0001 N0001 P0024 R0212 Z0112,BEDCA,2159,ES,es,generic,Grains and grain-based products,Fine bakery wares,,,1.0,100g,533.46,2232.0,False,5.0,61.0,,,30.0,15.24,11.51,2.33,0.027,,,2.4,431.0,1.0775,True,92.0,1.6,0.0,11.0,2.0,11.0,50.0,76.0,0.4,,10.0,16.2,120.0,0.0,0.92,4.8,0.07,1.1,17.2,0.03,0.03,0.8,,,0.01,0.05,2.273,0.231,1.272,0.736,0.006,,,,,,,,,,,,,Palmera,palmera butterfly cookies,Butterfly cookies,93,True,GRP-00574,OK,,f_origen original: BEDCA2,2026-09-20T03:50:39.818564+00:00,2026-09-20T03:50:39.818564+00:00
BEDCA-2160,"Pan blanco, de barra","Pan blanco, de barra","Pan blanco, de barra",White bread,pan blanco de barra,,A0691 A0729 A0817 A0943 A1240 A1290 B1312 C0165 E0150 F0014 G0005 H0319 H0367 H0752 J0003 K0003 M0159 N0039 P0024 Z0112,BEDCA,2160,ES,es,generic,,,,,1.0,100g,238.84,999.3,False,8.3,47.0,,,1.6,0.39,0.28,0.34,,,,3.5,650.0,1.625,True,0.0,34.6,0.0,56.0,1.6,25.0,90.0,120.0,0.6,,4.7,28.0,0.0,0.0,0.0,,0.06,0.0,23.0,0.08,0.05,1.7,,,,,,,,,,,,,,,,,,,,,,"Pan blanco, de barra",pan blanco de barra white bread,White bread,93,True,GRP-00579,OK,,f_origen original: BEDCA2,2026-09-20T03:50:39.818564+00:00,2026-09-20T03:50:39.818564+00:00
BEDCA-2161,"Pan blanco, de molde, tostado","Pan blanco, de molde, tostado","Pan blanco, de molde, tostado","Bread, sliced, toasted",pan blanco de molde tostado,,A0691 A0729 A0820 A1240 A1290 B1312 C0155 E0131 F0014 G0003 H0136 H0367 H0398 H0751 J0003 K0003 M0172 N0036 P0188 Z0112,BEDCA,2161,ES,es,generic,,,,,1.0,100g,248.06,1037.9,False,7.3,45.7,,,3.7,0.56,0.73,1.17,1.004,,,3.6,613.0,1.5325,True,0.0,36.9,0.0,24.0,1.4,21.0,91.0,129.0,0.5,,7.0,33.6,0.0,0.0,,0.4,0.1,,27.0,0.19,0.04,1.5,,,0.009,0.019,0.915,0.343,1.427,1.258,0.081,,,,,,,,,,,,,"Pan blanco, de molde, tostado",pan blanco de molde tostado bread sliced toasted,"Bread, sliced, toasted",93,True,GRP-00580,OK,,f_origen original: BEDCA2,2026-09-20T03:50:39.818564+00:00,2026-09-20T03:50:39.818564+00:00
BEDCA-2162,"Pan blanco, frito","Pan blanco, frito","Pan blanco, frito","White bread, fried",pan blanco frito,,A0691 A0729 A0820 A1240 A1290 B1312 C0155 E0131 F0014 G0035 H0751 J0003 K0003 M0001 N0001 P0024 Z0112,BEDCA,2162,ES,es,generic,,,frito,,1.0,100g,259.24,1084.64,False,8.82,51.5,,,1.6,0.39,0.28,0.34,,,,3.5,509.6,1.274,True,,34.4,0.0,54.88,89.18,24.6,89.18,107.8,0.59,,3.92,,0.0,0.0,0.0,0.0,0.05,0.0,9.0,0.15,0.04,3.1,,1.0,,,,,,,,,,,,,,,,,,,,"Pan blanco, frito",pan blanco frito white bread fried,"White bread, fried",93,True,GRP-00581,OK,,f_origen original: BEDCA2,2026-09-20T03:50:39.818564+00:00,2026-09-20T03:50:39.818564+00:00
BEDCA-2163,Pan integral,Pan integral,Pan integral,Whole wheat bread,pan integral,,A0691 A0729 A0818 A0946 A1240 A1290 B1219 C0133 E0106 F0014 G0005 H0254 H0341 H0367 H0403 H0695 H0704 H0749 H0753 H0758 J0003 K0004 M0197 N0036 P0024 R0001 Z0112,BEDCA,2163,ES,es,generic,,,,,1.0,100g,249.59,1044.3,False,10.9,44.0,,,3.0,0.7,1.4,0.8,,,,6.0,530.0,1.325,True,0.0,36.1,0.0,99.0,3.77,58.0,191.0,222.0,1.38,,5.0,32.1,0.0,0.3,0.0,0.66,0.32,0.08,37.0,0.35,0.33,6.67,,,,,,,,,,,,,,,,,,,,,,Pan integral,pan integral whole wheat bread,Whole wheat bread,93,True,GRP-00593,OK,,f_origen original: BEDCA2,2026-09-20T03:50:39.818564+00:00,2026-09-20T03:50:39.818564+00:00
BEDCA-2164,"Pan integral, de molde, tostado","Pan integral, de molde, tostado","Pan integral, de molde, tostado","Bread, whole wheat, sliced, toasted",pan integral de molde tostado,,A0691 A0729 A0820 A1240 A1290 B1312 C0165 E0131 F0014 G0003 H0136 H0367 H0751 J0003 K0003 M0172 N0036 P0188 Z0112,BEDCA,2164,ES,es,generic,,,,,1.0,100g,249.59,1044.3,False,10.9,44.0,,,3.0,0.7,1.4,0.8,1.004,,,6.0,530.0,1.325,True,0.0,36.1,0.0,99.0,3.77,58.0,191.0,222.0,1.38,,5.0,32.1,0.0,0.3,0.0,0.66,0.32,0.08,37.0,0.35,0.33,6.67,,,0.009,0.019,0.915,0.343,1.427,1.258,0.081,,,,,,,,,,,,,"Pan integral, de molde, tostado",pan integral de molde tostado bread whole wheat sliced toasted,"Bread, whole wheat, sliced, toasted",93,True,GRP-00590,OK,,f_origen original: BEDCA2,2026-09-20T03:50:39.818564+00:00,2026-09-20T03:50:39.818564+00:00
BEDCA-2165,"Pan blanco, tostado","Pan blanco, tostado","Pan blanco, tostado","White bread, toasted",pan blanco tostado,,A0178 A0458 A0632 A0662 A0695 A0729 A0817 B1312 C0208 E0147 F0014 G0005 G0010 H0256 J0003 K0003 M0001 N0001 P0024 R0212 R0497 Z0112,BEDCA,2165,ES,es,generic,,,,,1.0,100g,303.68,1270.6,False,10.1,59.2,,55.1,2.5,0.6,0.4,1.0,,,,4.5,650.0,1.625,True,0.0,23.7,0.0,85.0,2.2,28.0,100.0,100.0,0.6,,7.0,33.6,0.0,0.0,0.0,0.01,0.09,0.0,21.0,0.23,0.15,3.4,,,,,,,,,,,,,,,,,,,,,,"Pan blanco, tostado",pan blanco tostado white bread toasted,"White bread, toasted",93,True,GRP-00584,OK,,f_origen original: BEDCA2,2026-09-20T03:50:39.818564+00:00,2026-09-20T03:50:39.818564+00:00
BEDCA-2166,"Pan blanco, tostado sin sal","Pan blanco, tostado sin sal","Pan blanco, tostado sin sal","White bread, toasted, without salt",pan blanco tostado sin sal,,A0178 A0458 A0632 A0662 A0695 A0729 A0817 B1312 C0208 E0147 F0014 G0005 G0010 H0256 J0003 K0003 M0001 N0001 P0024 P0080 R0212 R0497 Z0112,BEDCA,2166,ES,es,generic,,,,,1.0,100g,303.68,1270.6,False,10.1,59.2,,55.1,2.5,0.6,0.4,1.0,,,,4.5,3.0,0.0075,True,0.0,23.7,0.0,85.0,2.2,28.0,100.0,100.0,0.6,,7.0,33.6,0.0,0.0,0.0,0.01,0.09,0.0,21.0,0.23,0.15,3.4,,,,,,,,,,,,,,,,,,,,,,"Pan blanco, tostado sin sal",pan blanco tostado sin sal white bread toasted without salt,"White bread, toasted, without salt",93,True,GRP-00583,OK,,f_origen original: BEDCA2,2026-09-20T03:50:39.818564+00:00,2026-09-20T03:50:39.818564+00:00
BEDCA-2167,Pan de centeno,Pan de centeno,Pan de centeno,Rye bread,pan de centeno,,A0691 A0729 A0817 A0943 A1240 A1290 B1313 C0165 E0150 F0014 G0005 H0319 H0367 H0752 J0003 K0003 M0159 N0039 P0024 Z0112,BEDCA,2167,ES,es,generic,,,,,1.0,100g,220.16,921.17,False,6.21,45.8,,,1.0,0.101,0.1,0.5,,,,6.46,523.0,1.3075,True,0.0,40.5,0.0,29.0,2.4,35.0,119.0,244.0,1.2,,8.5,30.9,0.0,0.0,0.0,1.1,0.09,0.0,16.0,0.18,0.11,3.02,,,,,,,,,,,,,,,,,,,,,,Pan de centeno,pan de centeno rye bread,Rye bread,93,True,GRP-00587,OK,,f_origen original: BEDCA2,2026-09-20T03:50:39.818564+00:00,2026-09-20T03:50:39.818564+00:00
BEDCA-2168,Pan de leche,Pan de leche,Pan de leche,Milk bread,pan de leche,,A0691 A0729 A0817 A0943 A1240 A1290 B1312 C0155 E0150 F0014 G0005 H0184 H0319 H0367 H0752 J0003 K0003 M0159 N0039 P0024 Z0112,BEDCA,2168,ES,es,generic,Grains and grain-based products,Fine bakery wares,,,1.0,100g,414.15,1732.8,False,10.0,52.1,,,18.3,4.4,,,,,,2.3,174.0,0.435,True,,18.0,0.0,128.0,,,,,,,,,,,,,,,,,,,,,,,,,,,,,,,,,,,,,,,,Pan de leche,pan de leche milk bread,Milk bread,93,True,GRP-00588,OK,,f_origen original: BEDCA2,2026-09-20T03:50:39.818564+00:00,2026-09-20T03:50:39.818564+00:00
BEDCA-2169,"Pan integral, sin sal","Pan integral, sin sal","Pan integral, sin sal","Whole wheat bread, without salt",pan integral sin sal,,A0691 A0729 A0820 A1240 A1290 B1312 C0165 E0131 F0014 G0005 H0751 J0003 K0003 M0001 N0001 P0024 Z0112,BEDCA,2169,ES,es,generic,,,,,1.0,100g,249.59,1044.3,False,10.9,44.0,,,3.0,0.7,1.4,0.8,,,,6.0,3.0,0.0075,True,0.0,36.1,0.0,99.0,3.77,58.0,191.0,222.0,1.38,,5.0,32.1,0.0,0.3,0.0,0.66,0.32,0.08,37.0,0.35,0.33,6.67,,,,,,,,,,,,,,,,,,,,,,"Pan integral, sin sal",pan integral sin sal whole wheat bread without salt,"Whole wheat bread, without salt",93,True,GRP-00591,OK,,f_origen original: BEDCA2,2026-09-20T03:50:39.818564+00:00,2026-09-20T03:50:39.818564+00:00
BEDCA-2170,"Pan integral, tostado","Pan integral, tostado","Pan integral, tostado","Whole bread, toasted",pan integral tostado,,A0178 A0458 A0632 A0662 A0695 A0729 A0817 B1312 C0133 E0147 F0014 G0005 G0010 H0256 J0003 K0003 M0001 N0001 P0024 R0212 R0497 Z0112 Z0113,BEDCA,2170,ES,es,generic,,,,,1.0,100g,267.4,1118.8,False,10.8,48.7,,46.4,2.9,0.6,0.6,1.12,,,,8.7,640.0,1.6,True,0.0,28.9,0.0,63.0,3.2,89.0,230.0,270.0,2.1,,,41.0,0.0,0.0,0.0,0.2,0.14,0.0,46.0,0.34,0.1,6.9,,,,,,,,,,,,,,,,,,,,,,"Pan integral, tostado",pan integral tostado whole bread toasted,"Whole bread, toasted",93,True,GRP-00592,OK,,f_origen original: BEDCA2,2026-09-20T03:50:39.818564+00:00,2026-09-20T03:50:39.818564+00:00
BEDCA-2171,Pan rallado,Pan rallado,Pan rallado,Breadcrumbs,pan rallado,,A0457 A0691 A0729 A0817 A0943 A1240 A1290 B1312 C0155 E0106 F0014 G0005 H0180 H0753 J0116 K0001 M0172 N0036 P0024 Z0112,BEDCA,2171,ES,es,generic,Grains and grain-based products,Bread and similar products,,,1.0,100g,257.81,1078.69,False,8.47,51.5,,,1.6,0.39,0.28,0.34,,,,3.5,540.0,1.35,True,0.0,34.9,0.0,56.0,1.6,25.1,91.0,110.0,0.61,,4.7,28.0,0.0,0.0,0.0,,0.06,0.0,23.0,0.086,0.06,2.98,,,,,,,,,,,,,,,,,,,,,,Pan rallado,pan rallado breadcrumbs,Breadcrumbs,93,True,GRP-00594,OK,,f_origen original: BEDCA2,2026-09-20T03:50:39.818564+00:00,2026-09-20T03:50:39.818564+00:00
BEDCA-2173,Pan tostado integral,Pan tostado integral,Pan tostado integral,"Whole wheat bread, toast",pan tostado integral,,A0691 A0729 A0818 A0946 A1240 A1290 B1219 C0158 E0136 F0014 G0010 H0263 H0367 H0749 H0753 H0754 J0003 K0004 M0156 M0166 M0213 N0036 N0039 P0024 R0001 Z0112,BEDCA,2173,ES,es,generic,,,,,1.0,100g,303.68,1270.6,False,10.1,59.2,,55.1,2.5,0.6,0.6,0.9,,,,4.5,640.0,1.6,True,0.0,23.7,0.0,85.0,3.2,28.0,100.0,100.0,0.6,,,33.6,0.0,0.0,0.0,0.2,0.09,0.0,46.0,0.23,0.15,3.4,,,,,,,,,,,,,,,,,,,,,,Pan tostado integral,pan tostado integral whole wheat bread toast,"Whole wheat bread, toast",93,True,GRP-00596,OK,,f_origen original: BEDCA2,2026-09-20T03:50:39.818564+00:00,2026-09-20T03:50:39.818564+00:00
BEDCA-2174,"Pan, tipo hamburguesa","Pan, tipo hamburguesa","Pan, tipo hamburguesa",Burguer bread,pan tipo hamburguesa,,A0691 A0729 A0820 A1240 A1290 B1312 C0155 E0131 F0014 G0003 H0136 H0367 H0751 J0003 K0003 M0172 N0036 P0188 Z0112,BEDCA,2174,ES,es,generic,,,,,1.0,100g,265.2,1109.58,False,7.54,47.5,,,4.7,1.0,1.4,1.3082,,,,4.1,550.0,1.375,True,0.0,36.2,0.0,210.5,2.3,34.03,150.0,110.0,1.84,,2.6,28.0,0.01,0.0,0.0,0.26,0.1,0.91,26.0,0.32,0.14,2.49,,,,,,,,,,,,,,,,,,,,,,"Pan, tipo hamburguesa",pan tipo hamburguesa burguer bread,Burguer bread,93,True,GRP-00595,OK,,f_origen original: BEDCA2,2026-09-20T03:50:39.818564+00:00,2026-09-20T03:50:39.818564+00:00
BEDCA-2175,Pastas de te,Pastas de te,Pastas de te,Tea cookie,pastas de te,,A0457 A0695 A0729 A0821 A0936 A1240 A1290 B1324 C0155 E0147 F0014 G0005 H0158 H0271 J0003 K0003 M0001 N0001 P0024 R0212 Z0112,BEDCA,2175,ES,es,generic,,,,,1.0,100g,346.44,1449.5,False,8.9,58.3,,,8.3,,,1.29,0.235,,,,300.0,0.75,True,20.0,27.0,0.0,98.0,2.9,32.0,110.0,240.0,0.8,,,,,,0.0,,0.06,,40.0,0.2,0.17,3.8,,,1.33,0.622,6.945,2.331,9.099,1.984,0.082,,,,,,,,,,,,,Pastas de te,pastas de te tea cookie,Tea cookie,82,True,GRP-00610,OK,,f_origen original: BEDCA2,2026-09-20T03:50:39.818564+00:00,2026-09-20T03:50:39.818564+00:00
BEDCA-2176,Rosquilla,Rosquilla,Rosquilla,Ring-shaped pastry,rosquilla,,A0248 A0456 A0695 A0733 A0821 A0951 A1240 B1312 C0155 E0147 F0014 G0005 H0158 H0184 H0186 H0221 J0003 K0003 M0001 N0001 P0024 R0212 Z0112,BEDCA,2176,ES,es,generic,,,,,1.0,100g,348.73,1459.1,False,7.8,49.3,,,13.2,7.9,3.9,0.8,,,,2.7,281.0,0.7025,True,41.0,27.0,0.0,93.0,2.72,11.0,150.0,90.0,0.3,,15.0,9.1,76.0,0.0,0.42,0.67,0.12,0.24,39.0,0.2,0.16,3.18,,,,,,,,,,,,,,,,,,,,,,Rosquilla,rosquilla ring shaped pastry,Ring-shaped pastry,93,True,GRP-00794,OK,,f_origen original: BEDCA2,2026-09-20T03:50:39.818564+00:00,2026-09-20T03:50:39.818564+00:00
BEDCA-2177,Salvado de trigo,Salvado de trigo,Salvado de trigo,"Wheat, bran",salvado de trigo,,A0693 A0729 A0813 A0969 A1240 A1290 B1312 C0288 E0150 F0001 G0003 H0138 H0318 J0116 M0159 N0039 P0024 Z0154,BEDCA,2177,ES,es,generic,,,,,1.0,100g,189.02,790.84,False,15.55,21.72,,,4.25,0.63,0.637,2.212,,,,42.8,2.0,0.005,True,0.0,9.9,0.0,73.0,10.57,611.0,1013.0,1182.0,7.27,,0.0,77.6,0.0,0.0,0.0,2.32,1.303,0.0,79.0,0.523,0.577,18.28,,,,,,,,,,,,,,,,,,,,,,Salvado de trigo,salvado de trigo wheat bran,"Wheat, bran",93,True,GRP-00822,OK,,f_origen original: BEDCA2,2026-09-20T03:50:39.818564+00:00,2026-09-20T03:50:39.818564+00:00
BEDCA-2178,Semilla de lino,Semilla de lino,Semilla de lino,"Flax, seeds",semilla de lino,,A0693 A0729 A0812 A0969 A1240 A1290 B1700 C0155 E0150 F0001 G0003 H0003 M0001 N0001 P0024 Z0154,BEDCA,2178,ES,es,generic,,,,,1.0,100g,564.49,2361.81,False,18.29,28.88,,,42.16,3.663,7.527,28.73,,,,27.3,30.0,0.075,True,0.0,6.96,0.0,255.0,5.73,392.0,642.0,813.0,4.34,,,25.4,0.0,0.6,0.0,0.31,0.473,0.0,87.0,1.644,0.161,3.08,,,,,,,,,,,,,,,,,,,,,,Semilla de lino,semilla de lino flax seeds,"Flax, seeds",93,True,GRP-00832,OK,,f_origen original: BEDCA2,2026-09-20T03:50:39.818564+00:00,2026-09-20T03:50:39.818564+00:00
BEDCA-2180,Torta de aceite,Torta de aceite,Torta de aceite,Oil cake,torta de aceite,,A0458 A0693 A0729 A0970 A1240 A1271 B1312 C0158 E0147 F0014 G0005 H0158 H0229 H0319 H0341 H0367 H0752 K0003 M0172 N0036 P0024 R0212 Z0112,BEDCA,2180,ES,es,generic,Grains and grain-based products,Bread and similar products,,,1.0,100g,151.41,633.5,False,1.9,21.0,,,6.6,0.9,5.3,0.4,,,,0.2,200.0,0.5,True,0.0,70.5,0.0,64.9,0.6,18.9,76.9,198.2,0.8,,24.0,13.3,26.8,0.0,0.1,1.5,0.09,0.0,29.4,0.07,0.18,2.1,,,,,,,,,,,,,,,,,,,,,,Torta de aceite,torta de aceite oil cake,Oil cake,93,True,GRP-00875,OK,,f_origen original: BEDCA2,2026-09-20T03:50:39.818564+00:00,2026-09-20T03:50:39.818564+00:00
BEDCA-2181,"Almendra, cruda, con cáscara","Almendra, cruda, con cáscara","Almendra, cruda, con cáscara","Almond, raw, in shell",almendra cruda con cascara,Prunus dulcis,A0260 A0455 A0629 A0652 A0703 A0730 A0823 B1272 C0133 E0150 F0003 G0003 H0001 J0001 K0003 M0001 N0001 P0024 R0212 R0497 Z0205 Z0215,BEDCA,2181,ES,es,generic,,,crudo,,0.98,100g,586.41,2453.56,False,21.22,5.36,,,54.1,4.142,36.6,12.861,,,,13.5,14.0,0.035,True,0.0,5.65,0.0,252.0,4.1,270.0,454.0,835.0,3.2,,2.0,3.5,20.0,0.0,0.0,26.15,0.155,0.0,45.0,0.22,0.62,5.5,,,0.0,0.03,2.98,1.08,27.3,11.06,0.05,,,0.02,,,,,,,,,,"Almendra, cruda, con cáscara",almendra cruda con cascara almond raw in shell,"Almond, raw, in shell",93,True,GRP-00041,OK,,f_origen original: BEDCA2,2026-09-20T03:50:39.818564+00:00,2026-09-20T03:50:39.818564+00:00
BEDCA-2182,"Almendra, tostada","Almendra, tostada","Almendra, tostada","Almond, toast",almendra tostada,,A0455 A0703 A0730 A0824 A1003 A1282 B1272 C0155 E0150 F0014 G0010 H0367 J0003 K0003 M0172 N0036 P0024 R0212 Z0112,BEDCA,2182,ES,es,generic,,,,,1.0,100g,587.93,2459.91,False,22.9,6.6,,,52.93,4.047,33.658,12.649,,,,13.4,14.0,0.035,True,0.0,1.55,0.0,240.0,3.1,270.0,560.0,790.0,3.3,,2.0,1.17,1.0,0.0,0.0,26.264,0.09,0.0,36.0,0.13,0.57,5.917,,,,,,,,,,,,,,,,,,,,,,"Almendra, tostada",almendra tostada almond toast,"Almond, toast",93,True,GRP-00044,OK,,f_origen original: BEDCA2,2026-09-20T03:50:39.818564+00:00,2026-09-20T03:50:39.818564+00:00
BEDCA-2183,Altramuz,Altramuz,Altramuz,Lupin,altramuz,,A0704 A0730 A0831 A1003 A1236 A1282 B1701 C0155 E0150 F0003 G0003 H0003 J0003 K0003 M0001 N0001 P0024 R0212 Z0154,BEDCA,2183,ES,es,generic,,,,,1.0,100g,397.16,1661.73,False,36.17,40.38,,,9.74,1.156,3.94,2.439,,,,,15.0,0.0375,True,0.0,10.44,0.0,176.0,4.36,198.0,440.0,1013.0,4.75,,,8.2,6.9,4.8,0.0,,0.357,0.0,335.0,0.64,0.22,2.19,,,,,,,,,,,,,,,,,,,,,,Altramuz,altramuz lupin,Lupin,87,True,GRP-00048,OK,,f_origen original: BEDCA2,2026-09-20T03:50:39.818564+00:00,2026-09-20T03:50:39.818564+00:00
BEDCA-2184,"Avellana, cruda, con cáscara","Avellana, cruda, con cáscara","Avellana, cruda, con cáscara","Filbert or hazelnut, raw, in shell",avellana cruda con cascara,Corylus avellana,A0260 A0455 A0629 A0652 A0703 A0730 A0823 B1533 C0133 E0150 F0003 G0003 H0001 J0001 K0003 M0001 N0001 P0024 R0212 R0497 Z0112 Z0205,BEDCA,2184,ES,es,generic,,,crudo,,0.61,100g,636.2,2661.85,False,12.009,10.5,,,61.6,4.074,48.07,8.609,,,,8.22,6.0,0.015,True,0.0,5.26,0.0,226.0,3.8,156.0,333.0,636.0,2.1,,1.5,4.5,4.8,3.0,0.0,26.19,0.59,0.0,71.0,0.39,0.21,3.833,,,,,,,,,,,,,,,,,,,,,,"Avellana, cruda, con cáscara",avellana cruda con cascara filbert or hazelnut raw in shell,"Filbert or hazelnut, raw, in shell",93,True,GRP-00078,OK,,f_origen original: BEDCA2,2026-09-20T03:50:39.818564+00:00,2026-09-20T03:50:39.818564+00:00
BEDCA-2185,"Cacahuete, crudo, con cáscara","Cacahuete, crudo, con cáscara","Cacahuete, crudo, con cáscara","Peanut, raw, in shell",cacahuete crudo con cascara,Arachis hypogaea,A0260 A0455 A0629 A0652 A0703 A0730 A0824 B1337 C0133 E0150 F0003 G0003 H0001 J0001 K0003 M0001 N0001 P0024 R0212 R0497 Z0112 Z0205,BEDCA,2185,ES,es,generic,,,crudo,,0.71,100g,541.44,2265.38,False,25.23,7.91,,,43.06,6.75,23.14,13.19,,0.4,,8.1,2.0,0.005,True,0.0,10.58,0.0,60.0,2.5,210.0,430.0,670.0,3.5,,13.0,7.2,0.333,0.0,0.0,10.94,0.44,0.0,110.0,0.9,0.155,18.383,,,,0.01,4.06,1.23,22.26,12.72,0.35,,0.01,0.04,,,,,,,,,,"Cacahuete, crudo, con cáscara",cacahuete crudo con cascara peanut raw in shell,"Peanut, raw, in shell",93,True,GRP-00145,OK,,f_origen original: BEDCA2,2026-09-20T03:50:39.818564+00:00,2026-09-20T03:50:39.818564+00:00
BEDCA-2186,"Cacahuete, tostado, salado","Cacahuete, tostado, salado","Cacahuete, tostado, salado","Peanut, toasted, salted",cacahuete tostado salado,Arachis hypogaea,A0260 A0455 A0629 A0652 A0703 A0730 A0824 B1337 C0155 E0151 F0014 G0010 H0138 H0173 H0233 J0001 K0003 M0001 N0001 P0024 R0212 R0497 Z0112 Z0205,BEDCA,2186,ES,es,generic,,,,,1.0,100g,597.08,2498.2,False,24.5,7.1,,3.2,53.0,9.5,24.2,16.5,,,,6.9,400.0,1.0,True,0.0,8.5,0.0,37.0,1.3,180.0,410.0,810.0,2.9,,19.0,4.0,0.0,0.0,0.0,0.66,0.63,0.0,52.0,0.18,0.1,18.9,,,,,,,,,,,,,,,,,,,,,,"Cacahuete, tostado, salado",cacahuete tostado salado peanut toasted salted,"Peanut, toasted, salted",93,True,GRP-00147,OK,,f_origen original: BEDCA2,2026-09-20T03:50:39.818564+00:00,2026-09-20T03:50:39.818564+00:00
BEDCA-2187,"Castaña, cruda","Castaña, cruda","Castaña, cruda",Chestnut,castana cruda,,A0455 A0703 A0730 A0824 A1003 A1282 B1544 C0155 E0150 F0003 G0003 H0003 J0003 K0003 M0001 N0001 P0024 R0212 Z0204,BEDCA,2187,ES,es,generic,,,crudo,,0.82,100g,178.53,746.95,False,2.65,36.5,,,2.52,0.42,0.83,1.25,,,,6.7,11.0,0.0275,True,0.0,52.0,0.0,36.53,1.58,34.3,74.0,500.0,2.36,,0.02,1.8,4.0,17.2,0.0,1.2,0.32,0.0,12.42,0.18,0.23,0.95,,,,0.0,0.37,0.02,0.79,1.1,0.15,,,,,,,,,,,,,"Castaña, cruda",castana cruda chestnut,Chestnut,93,True,GRP-00190,OK,,f_origen original: BEDCA2,2026-09-20T03:50:39.818564+00:00,2026-09-20T03:50:39.818564+00:00
BEDCA-2188,Crema de almendras,Crema de almendras,Crema de almendras,"Almond, cream",crema de almendras,Prunus amygdalus l,A0180 A0463 A0637 A0722 A0735 A0760 A0824 B1272 C0155 E0102 F0014 G0014 G0028 H0148 H0227 H0296 H0367 J0131 K0003 M0151 N0041 P0024 R0212 R0497 Z0109 Z0205,BEDCA,2188,ES,es,generic,,,,,1.0,100g,377.99,1581.5,False,4.6,59.7,,,13.2,0.9,7.6,2.1,,,,0.5,3.0,0.0075,True,0.0,22.0,0.0,49.0,0.8,63.0,168.0,186.0,0.7,,0.0,4.2,0.0,0.0,0.0,5.2,0.02,0.0,8.0,0.05,0.1,1.14,,,,,,,,,,,,,,,,,,,,,,Crema de almendras,crema de almendras almond cream,"Almond, cream",93,True,GRP-00293,OK,,f_origen original: BEDCA2,2026-09-20T03:50:39.818564+00:00,2026-09-20T03:50:39.818564+00:00
BEDCA-2189,Frutos secos,Frutos secos,Frutos secos,Nuts,frutos secos,,A0455 A0703 A0730 A0824 A1003 A1282 B1213 C0155 E0150 F0014 G0010 H0367 J0003 K0003 M0172 N0036 P0024 R0212 Z0112,BEDCA,2189,ES,es,generic,,,,,1.0,100g,563.26,2356.7,False,1.3,25.35,,,51.45,6.899,31.395,10.768,,,,9.0,669.0,1.6725,True,0.0,1.75,0.0,70.0,3.7,225.0,435.0,597.0,3.8,,,7.5,1.5,0.4,0.0,10.94,0.296,0.0,50.0,0.2,0.2,4.7,,,,,,,,,,,,,,,,,,,,,,Frutos secos,frutos secos nuts,Nuts,93,True,GRP-00339,OK,,f_origen original: BEDCA2,2026-09-20T03:50:39.818564+00:00,2026-09-20T03:50:39.818564+00:00
BEDCA-2191,"Garbanzo, en conserva","Garbanzo, en conserva","Garbanzo, en conserva","Chickpea, canned",garbanzo en conserva,cicer arietinum l,A0152 A0455 A0629 A0680 A0704 A0731 A0831 B1172 C0114 E0150 F0014 G0014 H0148 H0367 J0123 K0017 M0194 N0001 P0024 R0212 R0497 Z0052 Z0112,BEDCA,2191,ES,es,generic,,,en_conserva,,1.0,100g,132.9,556.05,False,7.2,14.12,,,2.9,0.31,0.72,1.3,,,,4.1,220.0,0.55,True,0.0,71.7,0.0,43.0,2.8,24.0,335.0,110.0,1.2,,1.0,1.0,3.5,,0.0,1.55,0.04,0.0,67.0,0.13,0.06,1.2,,,,,,,,,,,,,,,,,,,,,,"Garbanzo, en conserva",garbanzo en conserva chickpea canned,"Chickpea, canned",93,True,GRP-00357,OK,,f_origen original: BEDCA2,2026-09-20T03:50:39.818564+00:00,2026-09-20T03:50:39.818564+00:00
BEDCA-2192,"Garbanzo, hervido","Garbanzo, hervido","Garbanzo, hervido","Chickpea, boiled",garbanzo hervido,,A0705 A0731 A0826 A1010 A1227 A1281 B1172 C0155 E0150 F0014 G0014 H0001 J0003 K0003 M0001 N0001 P0024 R0212 Z0154,BEDCA,2192,ES,es,generic,,,hervido,,1.0,100g,358.65,1500.6,False,8.9,18.7,,,2.5,0.3,0.6,1.2,,,,13.6,6.0,0.015,True,0.0,59.1,0.0,56.0,2.8,53.0,132.0,335.0,1.2,,0.2,3.7,4.0,,0.0,1.2,0.14,0.0,100.0,0.13,0.06,0.6,,,,,,,,,,,,,,,,,,,,,,"Garbanzo, hervido",garbanzo hervido chickpea boiled,"Chickpea, boiled",84,True,GRP-00358,REVIEW,"kcal declarada (359) se aleja de la estimada por macros (133), 170% de diferencia",f_origen original: BEDCA2,2026-09-20T03:50:39.818564+00:00,2026-09-20T03:50:39.818564+00:00
BEDCA-2193,Guisantes en conserva,Guisantes en conserva,Guisantes en conserva,"Pea, canned",guisantes en conserva,,A0705 A0731 A0825 A1006 A1233 A1281 B1338 C0158 E0150 F0014 G0014 H0148 H0367 H0749 J0123 K0017 M0175 M0204 N0042 P0024 R0001 Z0112,BEDCA,2193,ES,es,generic,,,en_conserva,,1.0,100g,66.59,278.6,False,5.6,9.7,,7.7,0.5,0.15,0.13,0.05,,,,3.36,222.0,0.555,True,0.0,80.8,0.0,20.0,1.5,20.0,62.0,150.0,0.65,,2.2,0.7,53.0,8.8,0.0,0.22,0.05,0.0,12.0,0.1,0.06,0.88,,,,,,,,,,,,,,,,,,,,,,Guisantes en conserva,guisantes en conserva pea canned,"Pea, canned",93,True,GRP-00379,OK,,f_origen original: BEDCA2,2026-09-20T03:50:39.818564+00:00,2026-09-20T03:50:39.818564+00:00
BEDCA-2194,"Haba, fresca","Haba, fresca","Haba, fresca","Broad bean, fresh",haba fresca,Pisum sativum,A0152 A0455 A0629 A0650 A0704 A0730 A0831 B1367 C0169 E0150 F0003 G0003 H0003 J0001 K0003 M0001 N0001 P0024 R0212 R0497 Z0205 Z0215,BEDCA,2194,ES,es,generic,,,crudo,,1.0,100g,57.17,239.2,False,4.6,8.6,,7.8,0.4,0.05,0.04,0.2,,,,4.2,120.0,0.3,True,0.0,82.2,0.0,23.0,1.7,28.0,84.0,323.0,0.7,,4.0,1.4,42.0,24.0,0.0,,0.06,0.0,78.0,0.17,0.09,2.8,,,,,,,,,,,,,,,,,,,,,,"Haba, fresca",haba fresca broad bean fresh,"Broad bean, fresh",93,True,GRP-00381,OK,,f_origen original: BEDCA2,2026-09-20T03:50:39.818564+00:00,2026-09-20T03:50:39.818564+00:00
BEDCA-2195,"Haba, frita","Haba, frita","Haba, frita","Broad bean, fried",haba frita,,A0705 A0731 A0826 A1010 A1227 A1281 B1371 C0155 E0150 F0014 G0035 H0001 J0003 K0003 M0001 N0001 P0024 R0212 Z0154,BEDCA,2195,ES,es,generic,,,frito,,1.0,100g,57.17,239.2,False,4.6,8.6,,,0.4,0.03,0.19,0.14,,,,4.2,20.0,0.05,True,0.0,82.2,0.0,23.0,0.9,28.0,84.0,320.0,0.7,,0.0,1.4,28.33,24.0,0.0,0.46,0.06,0.0,78.0,0.17,0.04,4.1,,,,,,,,,,,,,,,,,,,,,,"Haba, frita",haba frita broad bean fried,"Broad bean, fried",93,True,GRP-00382,OK,,f_origen original: BEDCA2,2026-09-20T03:50:39.818564+00:00,2026-09-20T03:50:39.818564+00:00
BEDCA-2196,Judía blanca,Judía blanca,Judía blanca,White bean,judia blanca,,A0705 A0731 A0826 A1010 A1227 A1281 B1113 C0155 E0150 F0003 G0003 H0003 J0003 K0003 M0001 N0001 P0024 R0212 Z0154,BEDCA,2196,ES,es,generic,,,,,1.0,100g,240.87,1007.8,False,21.1,34.7,,,1.6,0.53,0.18,0.886,,,,23.2,15.0,0.0375,True,0.0,15.5,0.0,113.0,6.2,140.0,426.0,1337.0,2.6,,1.8,12.8,67.0,2.5,0.0,0.21,0.409,0.0,388.0,0.503,0.117,5.28,,,,,,,,,,,,,,,,,,,,,,Judía blanca,judia blanca white bean,White bean,93,True,GRP-00424,OK,,f_origen original: BEDCA2,2026-09-20T03:50:39.818564+00:00,2026-09-20T03:50:39.818564+00:00
BEDCA-2197,Judía pinta,Judía pinta,Judía pinta,Pinto bean,judia pinta,Phaseolus vulgaris,A0455 A0704 A0730 A0831 A1010 A1236 A1281 B1368 C0158 E0150 F0003 G0001 J0003 K0003 M0001 N0001 P0024 R0212 Z0204,BEDCA,2197,ES,es,generic,,,,,1.0,100g,245.8,1028.44,False,23.58,35.11,,,0.83,0.12,0.064,0.457,,,,24.9,24.0,0.06,True,0.0,11.77,0.0,143.0,8.2,140.0,407.0,1406.0,2.79,,2.0,3.2,67.0,4.5,0.0,0.22,0.397,0.0,394.0,0.529,0.219,6.75,,,,,,,,,,,,,,,,,,,,,,Judía pinta,judia pinta pinto bean,Pinto bean,93,True,GRP-00425,OK,,f_origen original: BEDCA2,2026-09-20T03:50:39.818564+00:00,2026-09-20T03:50:39.818564+00:00
BEDCA-2198,"Judía verde, cruda","Judía verde, cruda","Judía verde, cruda","Green been, raw",judia verde cruda,Phaseolus vulgaris l,A0705 A0731 A0826 A1010 A1227 A1281 B1371 C0155 E0150 F0003 G0003 H0003 J0003 K0003 M0001 N0001 P0024 R0212 Z0154,BEDCA,2198,ES,es,generic,,,crudo,,0.92,100g,27.51,115.1,False,2.2,3.7,,,0.4,0.09,0.03,0.2,,,,2.8,4.0,0.01,True,0.0,90.1,0.0,39.0,1.0,25.0,38.0,243.0,0.2,,3.6,1.4,47.0,20.0,0.0,0.26,0.2,0.0,66.0,0.07,0.1,0.85,,,,,,,,,,,,,,,,,,,,,,"Judía verde, cruda",judia verde cruda green been raw,"Green been, raw",93,True,GRP-00427,OK,,f_origen original: BEDCA2,2026-09-20T03:50:39.818564+00:00,2026-09-20T03:50:39.818564+00:00
BEDCA-2199,"Judías blancas, cocidas","Judías blancas, cocidas","Judías blancas, cocidas","White bean, boiled",judias blancas cocidas,,A0705 A0731 A0826 A1010 A1227 A1281 B1113 C0155 E0150 F0022 G0014 H0001 J0003 K0003 M0001 N0001 P0024 R0212 Z0154,BEDCA,2199,ES,es,generic,,,cocido,,1.0,100g,322.87,1350.9,False,21.4,54.8,,,1.5,0.21,0.08,0.82,,,,21.3,40.0,0.1,True,0.0,1.0,0.0,126.0,6.2,163.0,400.0,1160.0,3.5,,1.6,0.0,0.0,3.4,0.0,2.0,0.42,0.0,316.0,0.5,0.17,2.4,,,,,,,,,,,,,,,,,,,,,,"Judías blancas, cocidas",judias blancas cocidas white bean boiled,"White bean, boiled",93,True,GRP-00429,OK,,f_origen original: BEDCA2,2026-09-20T03:50:39.818564+00:00,2026-09-20T03:50:39.818564+00:00
BEDCA-2200,"Lenteja, hervida","Lenteja, hervida","Lenteja, hervida","Lentil, boiled",lenteja hervida,,A0705 A0731 A0826 A1010 A1227 A1281 B1268 C0155 E0150 F0014 G0014 H0001 J0003 K0003 M0001 N0001 P0024 R0212 Z0154,BEDCA,2200,ES,es,generic,,,hervido,,1.0,100g,331.14,1385.5,False,23.0,54.8,,,1.7,0.23,0.3,0.84,,,,11.2,36.0,0.09,True,,9.3,0.0,70.0,8.2,74.8,240.0,670.0,3.7,,1.5,,5.0,3.4,0.0,1.8,0.7,0.0,34.2,0.47,0.22,3.0,,,,,,,,,,,,,,,,,,,,,,"Lenteja, hervida",lenteja hervida lentil boiled,"Lentil, boiled",93,True,GRP-00465,OK,,f_origen original: BEDCA2,2026-09-20T03:50:39.818564+00:00,2026-09-20T03:50:39.818564+00:00
BEDCA-2201,Nuez,Nuez,Nuez,Walnut,nuez,Juglans regia,A0703 A0730 A0824 A1004 A1236 A1282 B1290 C0165 E0150 F0003 G0003 H0003 J0003 K0003 M0003 N0003 P0024 R0001,BEDCA,2201,ES,es,generic,,,,,1.0,100g,592.04,2477.1,False,14.0,3.3,,0.7,63.28,7.42,12.13,43.7,,1.55,36.77,5.2,3.0,0.0075,True,0.0,18.5,0.0,77.0,2.3,140.0,304.0,690.0,2.1,,9.0,19.0,0.0,,0.0,0.8,0.73,0.0,66.0,0.3,0.12,3.5,,,0.0,0.03,6.25,2.9,13.13,36.77,1.48,0.0,0.03,0.04,,,,,,,,,,Nuez,nuez walnut,Walnut,93,True,GRP-00568,OK,,f_origen original: BEDCA2,2026-09-20T03:50:39.818564+00:00,2026-09-20T03:50:39.818564+00:00
BEDCA-2202,"Nuez, cruda, con cáscara","Nuez, cruda, con cáscara","Nuez, cruda, con cáscara","Walnut, raw, in shell",nuez cruda con cascara,Juglans regia,A0260 A0455 A0629 A0652 A0703 A0730 A0823 B1213 C0133 E0150 F0003 G0003 H0003 J0001 K0001 M0001 N0001 P0024 R0212 R0497 Z0112 Z0205,BEDCA,2202,ES,es,generic,,,crudo,,0.45,100g,592.04,2477.1,False,14.0,3.3,,0.7,59.0,6.43,12.4,40.23,,1.55,36.77,5.2,3.0,0.0075,True,0.0,18.5,0.0,77.0,2.3,140.0,304.0,690.0,2.1,,9.0,19.0,0.0,,0.0,0.8,0.73,0.0,66.0,0.3,0.12,3.5,,,0.0,0.03,6.25,2.9,13.13,36.77,1.48,0.0,0.03,0.04,,,,,,,,,,"Nuez, cruda, con cáscara",nuez cruda con cascara walnut raw in shell,"Walnut, raw, in shell",93,True,GRP-00566,OK,,f_origen original: BEDCA2,2026-09-20T03:50:39.818564+00:00,2026-09-20T03:50:39.818564+00:00
BEDCA-2203,"Piñón, crudo, con cáscara","Piñón, crudo, con cáscara","Piñón, crudo, con cáscara","Pine nut, raw, in shell",pinon crudo con cascara,Pinus pinea,A0260 A0730 A0824 B1596 C0133 E0150 F0003 G0003 H0003 J0001 K0001 M0001 N0001 P0024 Z0205 Z0215,BEDCA,2203,ES,es,generic,,,crudo,,0.3,100g,679.37,2842.5,False,14.0,3.9,,,68.6,4.6,19.9,41.2,,0.46,26.66,8.5,1.0,0.0025,True,0.0,2.74,0.0,11.0,5.6,270.0,650.0,780.0,6.5,,0.2,2.0,1.67,2.0,0.0,13.65,0.11,0.0,58.0,0.73,0.19,6.767,,,0.0,0.0,3.36,1.87,18.3,26.66,0.46,0.0,0.0,0.0,,,,,,,,,,"Piñón, crudo, con cáscara",pinon crudo con cascara pine nut raw in shell,"Pine nut, raw, in shell",93,True,GRP-00663,OK,,f_origen original: BEDCA2,2026-09-20T03:50:39.818564+00:00,2026-09-20T03:50:39.818564+00:00
BEDCA-2204,Pipa de calabaza,Pipa de calabaza,Pipa de calabaza,Pumpkin seeds,pipa de calabaza,,A0703 A0730 A0824 A0975 A1236 A1282 B1719 C0158 E0150 F0003 G0003 H0003 J0003 K0004 M0166 N0036 P0024 R0001 Z0215,BEDCA,2204,ES,es,generic,,,,,0.72,100g,600.1,2510.83,False,30.23,10.71,,,47.33,8.84,12.11,20.69,,,,6.0,7.0,0.0175,True,0.0,5.23,0.0,46.0,8.82,592.0,1233.0,809.0,7.81,,,9.4,0.4,1.9,0.0,2.18,0.143,0.0,0.0,0.273,0.153,11.4,,,,0.09,5.74,2.82,12.1,20.65,0.13,,,,,,,,,,,,,Pipa de calabaza,pipa de calabaza pumpkin seeds,Pumpkin seeds,93,True,GRP-00665,OK,,f_origen original: BEDCA2,2026-09-20T03:50:39.818564+00:00,2026-09-20T03:50:39.818564+00:00
BEDCA-2205,Pipa de girasol,Pipa de girasol,Pipa de girasol,Sunflower seeds,pipa de girasol,,A0703 A0730 A0824 A0975 A1236 A1282 B1547 C0158 E0150 F0003 G0003 H0003 J0003 K0004 M0166 N0036 P0024 R0001 Z0215,BEDCA,2205,ES,es,generic,,,,,0.72,100g,571.22,2390.0,False,27.0,20.0,,17.9,43.0,5.63,13.7,21.52,,0.069,32.78,2.7,3.0,0.0075,True,0.0,7.3,0.0,110.0,6.4,390.0,651.0,710.0,5.1,,,49.0,3.0,0.0,0.0,37.8,0.77,0.0,238.0,1.6,0.19,9.1,,,0.0,0.051,2.808,2.212,9.399,32.78,0.069,0.0,0.0,0.0,,,,,,,,,,Pipa de girasol,pipa de girasol sunflower seeds,Sunflower seeds,93,True,GRP-00666,OK,,f_origen original: BEDCA2,2026-09-20T03:50:39.818564+00:00,2026-09-20T03:50:39.818564+00:00
BEDCA-2206,"Pipas de girasol, peladas, con sal","Pipas de girasol, peladas, con sal","Pipas de girasol, peladas, con sal","Sunflower seeds, peeled, with salt",pipas de girasol peladas con sal,,A0306 A0730 A0823 B1547 C0134 E0151 F0001 G0003 H0138 H0173 J0116 J0174 K0001 M0001 N0001 P0024 Z0112 Z0205,BEDCA,2206,ES,es,generic,,,,,1.0,100g,624.39,2612.45,False,17.25,12.8,,,56.8,5.953,10.841,37.469,,0.079,37.39,11.5,613.0,1.5325,True,0.0,0.9,0.0,57.0,6.81,129.0,1158.0,491.0,5.3,,,62.2,0.0,1.4,0.0,37.8,0.805,0.0,238.0,0.325,0.285,8.181,,,0.0,0.058,3.202,2.522,10.72,37.39,0.079,0.0,0.0,0.0,,,,,,,,,,"Pipas de girasol, peladas, con sal",pipas de girasol peladas con sal sunflower seeds peeled with salt,"Sunflower seeds, peeled, with salt",93,True,GRP-00667,OK,,f_origen original: BEDCA2,2026-09-20T03:50:39.818564+00:00,2026-09-20T03:50:39.818564+00:00
BEDCA-2207,Pistacho,Pistacho,Pistacho,Pistachio nut,pistacho,Pistachia vera,A0703 A0730 A0824 A0975 A1236 A1282 B1213 C0165 E0150 F0003 G0003 H0003 J0003 K0003 M0001 N0003 P0024 R0001,BEDCA,2207,ES,es,generic,,,,,0.53,100g,591.61,2475.3,False,17.6,15.7,,4.6,49.2,6.21,26.35,15.63,,,,6.5,16.0,0.04,True,0.0,8.6,0.0,180.0,7.2,122.0,390.0,811.0,2.8,,,3.0,25.0,0.0,0.0,5.2,1.27,0.0,58.0,0.69,0.2,1.45,,,,0.04,4.88,0.5,27.19,15.37,0.24,,,,,,,,,,,,,Pistacho,pistacho pistachio nut,Pistachio nut,93,True,GRP-00668,OK,,f_origen original: BEDCA2,2026-09-20T03:50:39.818564+00:00,2026-09-20T03:50:39.818564+00:00
BEDCA-2208,"Soja, frita","Soja, frita","Soja, frita","Soya, fried",soja frita,,A0705 A0731 A0860 A1010 A1227 A1281 B1452 C0165 E0150 F0014 G0035 K0029 M0001 N0001 P0024 Z0112,BEDCA,2208,ES,es,generic,,,frito,,1.0,100g,139.96,585.6,False,13.7,10.3,,,4.8,,,,,,,,0.0,0.0,True,0.0,72.2,0.0,99.0,2.8,0.0,272.0,0.0,0.0,,0.0,0.0,1.08,20.0,0.0,0.0,0.0,0.0,0.0,600.0,310.0,0.0,,,,,,,,,,,,,,,,,,,,,,"Soja, frita",soja frita soya fried,"Soya, fried",82,True,GRP-00848,OK,,f_origen original: BEDCA2,2026-09-20T03:50:39.818564+00:00,2026-09-20T03:50:39.818564+00:00
BEDCA-2212,"Acelga, cruda","Acelga, cruda","Acelga, cruda","Chard, raw",acelga cruda,Beta vulgaris l,A0705 A0826 A1010 A1281 B1175 C0137 E0150 F0003 G0003 H0003 J0003 K0003 N0036 Z0154,BEDCA,2212,ES,es,generic,,,crudo,,0.9,100g,21.27,89.0,False,2.1,2.7,,,0.2,,,,,,,1.0,170.0,0.425,True,0.0,94.4,0.0,80.0,2.3,81.0,43.0,378.0,0.2,,1.0,0.3,183.0,35.0,0.0,0.03,0.1,0.0,22.0,0.07,0.13,0.4,,,,,,,,,,,,,,,,,,,,,,"Acelga, cruda",acelga cruda chard raw,"Chard, raw",87,True,GRP-00019,OK,,f_origen original: BEDCA2,2026-09-20T03:50:39.818564+00:00,2026-09-20T03:50:39.818564+00:00
BEDCA-2213,Caqui,Caqui,Caqui,Persimmon,caqui,Diospyros kaki,A0707 A0732 A0833 A0992 A1221 A1279 B2766 C0140 E0150 F0003 G0003 H0003 J0003 K0003 M0003 N0001 P0188 Z0204,BEDCA,2213,ES,es,generic,Fruit and fruit products,Fresh fruit,,,0.84,100g,66.78,279.4,False,0.7,15.3,,,0.2,,,,,,,2.5,2.0,0.005,True,0.0,80.7,0.0,21.0,0.4,9.0,20.0,171.0,,,3.0,0.6,163.0,7.0,0.0,0.59,0.1,0.0,11.0,0.03,0.06,0.3,,,,,,,,,,,,,,,,,,,,,,Caqui,caqui persimmon,Persimmon,87,True,GRP-00174,OK,,f_origen original: BEDCA2,2026-09-20T03:50:39.818564+00:00,2026-09-20T03:50:39.818564+00:00
BEDCA-2214,Aceituna,Aceituna,Aceituna,Olive,aceituna,Olea europea,A0705 A0731 A0826 A1010 A1230 A1281 B1299 C0167 E0150 F0003 G0003 H0148 H0367 J0004 K0004 M0134 M0175 N0040 N0042 P0024 R0001 Z0112,BEDCA,2214,ES,es,generic,,,,,0.78,100g,119.89,501.6,False,1.3,1.0,,,12.5,2.6,8.7,0.6,,,,4.8,54.0,0.135,True,0.0,78.0,0.0,64.0,1.77,22.0,17.0,432.0,0.51,,5.4,0.9,48.0,0.07,0.0,1.48,0.03,0.0,10.4,0.03,0.05,0.77,,,,,,,,,,,,,,,,,,,,,,Aceituna,aceituna olive,Olive,93,True,GRP-00018,OK,,f_origen original: BEDCA2,2026-09-20T03:50:39.818564+00:00,2026-09-20T03:50:39.818564+00:00
BEDCA-2215,"Aceituna negra, con hueso","Aceituna negra, con hueso","Aceituna negra, con hueso","Olive, black, with bone",aceituna negra con hueso,Olea europaea,A0143 A0455 A0629 A0663 A0707 A0732 A0826 B1170 C0140 E0150 F0014 G0001 H0148 H0227 H0367 H0368 H0491 J0123 K0017 M0151 M0204 N0001 P0024 R0212 R0497 Z0112 Z0205,BEDCA,2215,ES,es,generic,,,,,0.8,100g,287.91,1204.6,False,2.0,4.0,,,29.8,4.2,20.9,3.4,,,,3.5,54.0,0.135,True,0.0,60.7,0.0,61.0,1.5,22.0,24.0,432.0,0.5,,5.0,0.9,6.67,0.0,0.0,1.99,0.02,0.0,11.0,0.1,0.1,1.0,,,,,,,,,,,,,,,,,,,,,,"Aceituna negra, con hueso",aceituna negra con hueso olive black with bone,"Olive, black, with bone",93,True,GRP-00017,OK,,f_origen original: BEDCA2,2026-09-20T03:50:39.818564+00:00,2026-09-20T03:50:39.818564+00:00
BEDCA-2216,Aguacate,Aguacate,Aguacate,Avocado,aguacate,Persea americana,A0705 A0731 A0826 A0992 A1230 A1281 B1470 C0137 E0150 F0003 G0003 H0003 J0003 K0004 M0166 M0213 N0036 P0024 R0001 Z0215,BEDCA,2216,ES,es,generic,Fruit and fruit products,Fresh fruit,,,0.6,100g,136.19,569.8,False,1.5,0.4,,,12.0,1.41,9.01,1.04,,,,6.3,2.0,0.005,True,0.0,78.8,0.0,16.0,0.7,41.0,28.0,400.0,0.3,,2.0,,19.0,17.0,0.0,3.2,0.42,0.0,11.0,0.09,0.12,1.5,,,,,,,,,,,,,,,,,,,,,,Aguacate,aguacate avocado,Avocado,93,True,GRP-00027,OK,,f_origen original: BEDCA2,2026-09-20T03:50:39.818564+00:00,2026-09-20T03:50:39.818564+00:00
BEDCA-2217,Aguacate congelado,Aguacate congelado,Aguacate congelado,"Avocado, frozen",aguacate congelado,Persea americana mill,A0152 A0455 A0629 A0650 A0705 A0731 A0826 B1470 C0140 E0150 F0003 G0003 H0001 J0136 K0001 M0003 N0001 P0024 R0212 R0497 Z0112 Z0205,BEDCA,2217,ES,es,generic,,,,,0.72,100g,223.26,934.1,False,1.9,0.0004,,,23.5,1.9,15.5,1.9,,,,6.3,4.7,0.0118,True,0.0,67.9,0.0,12.0,0.49,30.0,43.0,487.0,0.4,,1.0,0.4,7.83333,6.0,0.0,1.3,0.36,0.0,30.0,0.08,0.15,1.4,,,,,,,,,,,,,,,,,,,,,,Aguacate congelado,aguacate congelado avocado frozen,"Avocado, frozen",93,True,GRP-00026,OK,,f_origen original: BEDCA2,2026-09-20T03:50:39.818564+00:00,2026-09-20T03:50:39.818564+00:00
BEDCA-2218,Albaricoque,Albaricoque,Albaricoque,Apricot,albaricoque,Prunus armeniaca,A0707 A0732 A0833 A0992 A1225 A1279 B1709 C0140 E0150 F0003 G0003 H0003 J0003 K0004 M0213 N0036 P0024 R0001 Z0215,BEDCA,2218,ES,es,generic,Fruit and fruit products,Fresh fruit,,,0.82,100g,41.85,175.1,False,0.8,9.5,,,,0.01,0.04,0.02,,,,2.1,1.0,0.0025,True,0.0,87.6,0.0,17.0,0.5,12.0,24.0,293.0,0.1,,0.5,1.0,26.0,7.0,0.0,0.7,0.07,0.0,5.0,0.05,0.07,0.6,,,,,,,,,,,,,,,,,,,,,,Albaricoque,albaricoque apricot,Apricot,87,True,GRP-00033,OK,,f_origen original: BEDCA2,2026-09-20T03:50:39.818564+00:00,2026-09-20T03:50:39.818564+00:00
BEDCA-2219,Avellana,Avellana,Avellana,Hazelnut,avellana,Corylus avellana,A0703 A0730 A0824 A0992 A1223 A1282 B1533 C0165 E0150 F0003 G0003 H0003 J0003 K0004 M0166 N0036 P0024 R0001 Z0215,BEDCA,2219,ES,es,generic,,,,,0.41,100g,653.0,2732.15,False,12.009,10.5,,,56.25,4.91,46.4,4.89,,,,8.22,6.0,0.015,True,0.0,5.26,0.0,226.0,3.8,156.0,333.0,636.0,2.1,,1.5,4.5,4.8,3.0,0.0,26.19,0.59,0.0,71.0,0.39,0.21,3.833,,,,0.04,3.14,1.57,46.27,4.7,0.14,,,,,,,,,,,,,Avellana,avellana hazelnut,Hazelnut,93,True,GRP-00079,OK,,f_origen original: BEDCA2,2026-09-20T03:50:39.818564+00:00,2026-09-20T03:50:39.818564+00:00
BEDCA-2220,Cereza,Cereza,Cereza,Cherry,cereza,Prunus avium,A0707 A0732 A0833 A0992 A1226 A1279 B1306 C0140 E0150 F0003 G0003 H0003 J0003 K0004 M0177 M0186 N0035 N0036 P0024 R0001 Z0215,BEDCA,2220,ES,es,generic,Fruit and fruit products,Fresh fruit,,,0.87,100g,62.52,261.6,False,0.8,13.5,,0.0,0.5,0.07,0.084,0.093,,,,1.5,2.0,0.005,True,0.0,83.7,0.0,16.0,0.4,11.0,21.0,255.0,0.12,,2.0,1.2,3.0,8.0,0.0,0.1,0.05,0.0,8.0,0.05,0.06,0.4,,,,,,,,,,,,,,,,,,,,,,Cereza,cereza cherry,Cherry,93,True,GRP-00228,OK,,f_origen original: BEDCA2,2026-09-20T03:50:39.818564+00:00,2026-09-20T03:50:39.818564+00:00
BEDCA-2221,"Chayote, crudo","Chayote, crudo","Chayote, crudo","Chayote, raw",chayote crudo,,A0705 A0826 A1010 A1281 B1730 C0137 E0150 F0003 G0003 H0003 J0003 K0003 N0036 Z0154,BEDCA,2221,ES,es,generic,,,crudo,,0.99,100g,22.81,95.42,False,0.82,4.51,,,0.13,28.0,0.01,0.057,,,,1.7,2.0,0.005,True,0.0,94.24,0.0,17.0,0.34,12.0,18.0,125.0,0.74,,,0.2,0.0,7.7,0.0,0.12,0.076,0.0,93.0,0.025,0.029,0.47,,,,,,,,,,,,,,,,,,,,,,"Chayote, crudo",chayote crudo raw,"Chayote, raw",93,True,GRP-00235,OK,,f_origen original: BEDCA2,2026-09-20T03:50:39.818564+00:00,2026-09-20T03:50:39.818564+00:00
BEDCA-2222,Chirimoya,Chirimoya,Chirimoya,Custard apple,chirimoya,Annona cherimola,A0707 A0732 A0833 A0992 A1224 A1279 B1687 C0140 E0150 F0003 G0003 H0003 J0003 K0004 M0213 N0036 P0024 R0001,BEDCA,2222,ES,es,generic,Fruit and fruit products,Fresh fruit,,,0.6,100g,87.09,364.4,False,1.0,20.0,,0.0,0.2,0.2,0.1,0.3,,,,1.9,4.0,0.01,True,0.0,76.9,0.0,30.0,0.6,18.0,21.0,382.0,0.11,,1.5,,9.8,18.0,0.0,0.01,0.03,0.0,12.6,0.08,0.09,0.9,,,,,,,,,,,,,,,,,,,,,,Chirimoya,chirimoya custard apple,Custard apple,93,True,GRP-00240,OK,,f_origen original: BEDCA2,2026-09-20T03:50:39.818564+00:00,2026-09-20T03:50:39.818564+00:00
BEDCA-2223,"Ciruela, sin piel","Ciruela, sin piel","Ciruela, sin piel",Skinned plum,ciruela sin piel,Prunus domestica,A0707 A0732 A0833 A0992 A1225 A1279 B3328 E0150 F0003 G0003 H0003 J0003 K0004 M0213 N0036 P0024 R0001,BEDCA,2223,ES,es,generic,,,,,1.0,100g,47.13,197.2,False,0.6,11.0,,0.0,,0.022,0.052,0.078,,,,2.1,2.0,0.005,True,0.0,86.3,0.0,14.0,0.4,8.0,10.0,240.0,0.1,,2.0,,49.2,3.0,0.0,0.7,0.05,0.0,3.0,0.07,0.05,0.5,,,,,,,,,,,,,,,,,,,,,,"Ciruela, sin piel",ciruela sin piel skinned plum,Skinned plum,87,True,GRP-00258,OK,,f_origen original: BEDCA2,2026-09-20T03:50:39.818564+00:00,2026-09-20T03:50:39.818564+00:00
BEDCA-2224,Dátil,Dátil,Dátil,Date,datil,Phoenix dactylifera,A0707 A0732 A0833 A0992 A1221 A1279 B1209 C0137 E0150 F0003 G0003 H0003 J0003 K0003 M0172 N0036 P0188 Z0153,BEDCA,2224,ES,es,generic,Fruit and fruit products,Fresh fruit,,,0.9,100g,286.81,1200.0,False,2.5,67.0,,,0.5,,,,,,,7.1,3.0,0.0075,True,0.0,16.5,0.0,62.0,3.0,58.0,74.0,677.0,0.3,,1.0,3.0,5.0,2.0,0.0,2.2,0.2,0.0,28.0,0.06,0.1,1.7,,,,,,,,,,,,,,,,,,,,,,Dátil,datil date,Date,87,True,GRP-00310,OK,,f_origen original: BEDCA2,2026-09-20T03:50:39.818564+00:00,2026-09-20T03:50:39.818564+00:00
BEDCA-2225,Fresa,Fresa,Fresa,Strawberry,fresa,Fragaria vesca,A0707 A0732 A0833 A0992 A1226 A1279 B1393 C0140 E0150 F0003 G0003 H0003 J0003 K0004 M0172 M0177 N0035 N0036 P0024 R0001,BEDCA,2225,ES,es,generic,Fruit and fruit products,Fresh fruit,,,0.95,100g,35.71,149.4,False,0.7,7.0,,0.0,0.5,0.032,0.063,0.24,,,,2.2,2.0,0.005,True,0.0,89.6,0.0,25.0,0.8,12.0,26.0,190.0,0.1,,8.0,,1.0,60.0,0.0,2.0,0.06,0.0,20.0,0.02,0.04,0.6,,,,,,,,,,,,,,,,,,,,,,Fresa,fresa strawberry,Strawberry,93,True,GRP-00336,OK,,f_origen original: BEDCA2,2026-09-20T03:50:39.818564+00:00,2026-09-20T03:50:39.818564+00:00
BEDCA-2226,Granada,Granada,Granada,Pomegranate,granada,Punica granatum,A0707 A0732 A0833 A0992 A1221 A1279 B1162 C0136 E0150 F0003 G0003 H0003 J0003 K0003 M0001 N0003 P0188 Z0204,BEDCA,2226,ES,es,generic,Fruit and fruit products,Fresh fruit,,,0.56,100g,62.38,261.0,False,1.0,13.7,,,0.3,,,,,,,3.5,4.0,0.01,True,0.0,80.2,0.0,13.0,1.0,6.0,25.0,247.0,0.1,,,0.6,7.0,20.0,0.0,0.55,0.2,0.0,29.0,0.05,0.03,0.3,,,,,,,,,,,,,,,,,,,,,,Granada,granada pomegranate,Pomegranate,87,True,GRP-00367,OK,,f_origen original: BEDCA2,2026-09-20T03:50:39.818564+00:00,2026-09-20T03:50:39.818564+00:00
BEDCA-2227,Higos y brevas,Higos y brevas,Higos y brevas,Figs,higos y brevas,Ficus carica,A0707 A0732 A0833 A0992 A1267 A1279 B1302 C0140 E0150 F0003 G0003 H0003 J0001 K0004 M0213 N0036 P0024 R0001,BEDCA,2227,ES,es,generic,,,,,0.85,100g,69.89,292.4,False,1.2,16.0,,0.0,,0.089,0.098,0.21,,,,2.5,2.0,0.005,True,0.0,80.3,0.0,38.0,0.6,20.0,22.5,270.0,0.3,,1.5,,8.0,2.0,0.0,0.89,0.11,0.0,7.0,0.06,0.05,0.5,,,,,,,,,,,,,,,,,,,,,,Higos y brevas,higos brevas figs,Figs,87,True,GRP-00399,OK,,f_origen original: BEDCA2,2026-09-20T03:50:39.818564+00:00,2026-09-20T03:50:39.818564+00:00
BEDCA-2228,Kiwi,Kiwi,Kiwi,Kiwi,kiwi,Actinidia chinensis,A0707 A0732 A0833 A0992 A1267 A1279 B1664 C0140 E0150 F0003 G0003 H0003 J0003 K0004 M0213 N0036 P0024 R0001,BEDCA,2228,ES,es,generic,Fruit and fruit products,Fresh fruit,,,0.85,100g,51.96,217.4,False,1.1,10.6,,0.0,0.5,0.1,0.1,0.4,,,,1.9,4.0,0.01,True,0.0,85.9,0.0,25.0,0.4,15.0,35.0,290.0,0.1,,0.33,0.6,3.0,59.0,0.0,1.12,0.15,0.0,29.3,0.01,0.03,0.6,,,,,,,,,,,,,,,,,,,,,,Kiwi,kiwi,,93,True,GRP-00435,OK,,f_origen original: BEDCA2,2026-09-20T03:50:39.818564+00:00,2026-09-20T03:50:39.818564+00:00
BEDCA-2229,Mandarina,Mandarina,Mandarina,Tangerine,mandarina,Citrus reticulata,A0707 A0732 A0833 A0992 A1222 A1279 B1429 C0140 E0150 F0003 G0003 H0003 J0003 K0004 M0213 N0036 P0024 R0001,BEDCA,2229,ES,es,generic,Fruit and fruit products,Fresh fruit,,,0.72,100g,39.82,166.6,False,0.8,9.0,,0.0,,0.022,0.034,0.037,,,,1.9,2.0,0.005,True,0.0,88.3,0.0,36.0,0.3,11.0,17.2,160.0,0.4,,,,106.0,35.0,0.0,0.22,0.07,0.0,32.0,0.07,0.02,0.3,,,,,,,,,,,,,,,,,,,,,,Mandarina,mandarina tangerine,Tangerine,87,True,GRP-00488,OK,,f_origen original: BEDCA2,2026-09-20T03:50:39.818564+00:00,2026-09-20T03:50:39.818564+00:00
BEDCA-2230,"Mandarina, congelada","Mandarina, congelada","Mandarina, congelada","Tangerine, frozen",mandarina congelada,"Citrus deliciosa,ten.",A0143 A0455 A0629 A0668 A0707 A0732 A0833 B1429 C0229 E0150 F0003 G0003 H0003 J0136 K0003 M0001 N0001 P0024 R0212 R0497 Z0112,BEDCA,2230,ES,es,generic,,,,,0.73,100g,41.71,174.51,False,0.63,9.2,,,0.2,0.022,0.034,0.037,,,,1.8,1.1,0.0027,True,0.0,88.2,0.0,34.5,0.3,10.9,20.0,150.0,0.09,,,,56.92,32.0,0.0,0.29,0.08,0.0,21.8,0.06,0.03,0.41,,,,,,,,,,,,,,,,,,,,,,"Mandarina, congelada",mandarina congelada tangerine frozen,"Tangerine, frozen",93,True,GRP-00487,OK,,f_origen original: BEDCA2,2026-09-20T03:50:39.818564+00:00,2026-09-20T03:50:39.818564+00:00
BEDCA-2231,Manzana,Manzana,Manzana,Apple,manzana,Malus pumila,A0707 A0732 A0833 A0994 A1224 A1279 B1245 C0140 E0150 F0003 G0003 H0003 J0003 K0004 M0213 N0036 P0024 R0001,BEDCA,2231,ES,es,generic,Fruit and fruit products,Fresh fruit,,,0.84,100g,49.98,209.1,False,0.3,12.0,,0.6,,0.2,0.15,0.11,,,,2.0,2.0,0.005,True,0.0,85.7,0.0,6.0,0.4,5.0,9.0,99.0,0.1,,,,4.0,3.0,0.0,0.53,0.04,0.0,1.0,0.03,0.04,0.2,,,,,,,,,,,,,,,,,,,,,,Manzana,manzana apple,Apple,87,True,GRP-00493,OK,,f_origen original: BEDCA2,2026-09-20T03:50:39.818564+00:00,2026-09-20T03:50:39.818564+00:00
BEDCA-2232,Melocotón,Melocotón,Melocotón,Peach,melocoton,Prunus persica,A0707 A0732 A0833 A0994 A1225 A1279 B1350 C0140 E0150 F0003 G0003 H0003 J0003 K0004 M0184 M0213 N0036 P0024 R0001 Z0215,BEDCA,2232,ES,es,generic,Fruit and fruit products,Fresh fruit,,,0.88,100g,39.01,163.2,False,0.6,9.0,,0.0,,0.018,0.061,0.079,,,,1.4,3.0,0.0075,True,0.0,89.0,0.0,8.0,0.4,9.0,22.0,260.0,0.06,,2.0,1.0,17.0,8.0,0.0,0.5,0.02,0.0,3.0,0.03,0.05,1.0,,,,,,,,,,,,,,,,,,,,,,Melocotón,melocoton peach,Peach,87,True,GRP-00507,OK,,f_origen original: BEDCA2,2026-09-20T03:50:39.818564+00:00,2026-09-20T03:50:39.818564+00:00
BEDCA-2233,Melocotón en almíbar,Melocotón en almíbar,Melocotón en almíbar,Syrup peach,melocoton en almibar,,A0707 A0732 A0833 A0992 A1221 A1279 B1350 C0140 E0150 F0003 G0042 H0003 H0105 H0148 J0003 K0003 M0182 N0042 P0188 Z0204,BEDCA,2233,ES,es,generic,Fruit and fruit products,Processed fruit products,en_conserva,,1.0,100g,57.7,241.4,False,0.4,13.8,,,,,,,,,,1.3,5.0,0.0125,True,0.0,82.6,0.0,3.0,0.3,5.0,11.0,104.0,,,1.5,0.3,27.0,4.0,0.0,0.51,,0.0,7.0,0.01,0.02,0.59,,,,,,,,,,,,,,,,,,,,,,Melocotón en almíbar,melocoton en almibar syrup peach,Syrup peach,82,True,GRP-00506,OK,,f_origen original: BEDCA2,2026-09-20T03:50:39.818564+00:00,2026-09-20T03:50:39.818564+00:00
BEDCA-2234,Melón,Melón,Melón,Melon,melon,Cucumis melo l,A0707 A0732 A0833 A0994 A1267 A1279 B1283 C0140 E0150 F0003 G0003 H0003 J0003 K0004 M0213 N0036 P0024 R0001,BEDCA,2234,ES,es,generic,Vegetables and vegetable products,Fruiting vegetables,,,0.6,100g,26.82,112.2,False,0.6,6.0,,0.0,,0.026,0.013,0.015,,,,1.0,14.0,0.035,True,0.0,92.4,0.0,14.0,0.4,17.0,18.0,320.0,0.1,,0.55,,4.0,25.0,0.0,0.1,0.07,0.0,30.0,0.04,0.02,0.5,,,,,,,,,,,,,,,,,,,,,,Melón,melon,Melon,87,True,GRP-00508,OK,,f_origen original: BEDCA2,2026-09-20T03:50:39.818564+00:00,2026-09-20T03:50:39.818564+00:00
BEDCA-2235,Naranja,Naranja,Naranja,Orange,naranja,Citrus aurantium l,A0707 A0732 A0833 A0994 A1222 A1279 B1339 C0140 E0150 F0003 G0003 H0003 J0003 K0004 M0213 N0036 P0024 R0001,BEDCA,2235,ES,es,generic,Fruit and fruit products,Fresh fruit,,,0.73,100g,38.19,159.8,False,0.8,8.6,,0.0,,0.028,0.055,0.076,,,,2.0,3.0,0.0075,True,0.0,88.6,0.0,36.0,0.3,12.0,28.0,200.0,0.18,,2.0,1.0,46.0,50.0,0.0,0.2,0.06,0.0,37.0,0.1,0.03,0.3,,,,,,,,,,,,,,,,,,,,,,Naranja,naranja orange,Orange,87,True,GRP-00546,OK,,f_origen original: BEDCA2,2026-09-20T03:50:39.818564+00:00,2026-09-20T03:50:39.818564+00:00
BEDCA-2236,Nectarina,Nectarina,Nectarina,Nectarine,nectarina,Prunus persica var,A0707 A0732 A0833 A0994 A1267 A1279 B1436 C0140 E0150 F0003 G0003 H0003 J0003 K0004 M0213 N0036 P0024 R0001 Z0215,BEDCA,2236,ES,es,generic,Fruit and fruit products,Fresh fruit,,,0.89,100g,43.14,180.5,False,1.4,9.0,,,0.1,,,,,,,2.2,1.0,0.0025,True,0.0,87.3,0.0,7.0,0.4,10.0,22.0,170.0,0.1,,3.0,1.0,11.0,37.0,0.0,0.9,0.03,0.0,,0.02,0.04,0.9,,,,,,,,,,,,,,,,,,,,,,Nectarina,nectarina nectarine,Nectarine,87,True,GRP-00561,OK,,f_origen original: BEDCA2,2026-09-20T03:50:39.818564+00:00,2026-09-20T03:50:39.818564+00:00
BEDCA-2237,"Nispero, conserva en su jugo","Nispero, conserva en su jugo","Nispero, conserva en su jugo","Medlar, canned in juice",nispero conserva en su jugo,"Eriobotrya japonica,l.",A0143 A0455 A0629 A0669 A0707 A0732 A0833 B2014 C0229 E0150 F0014 G0003 H0003 J0123 K0039 M0001 N0001 P0024 R0212 R0497 Z0112,BEDCA,2237,ES,es,generic,,,en_conserva,,1.0,100g,,,False,,,,,,0.043,0.009,0.1,,,,,,,False,,,,,,,,,,,,,38.8333,,,,,,,,,,,,,,,,,,,,,,,,,,,,,,,"Nispero, conserva en su jugo",nispero conserva en su jugo medlar canned in juice,"Medlar, canned in juice",59,True,GRP-00564,REVIEW,sin energía (ni original ni calculable),f_origen original: BEDCA2,2026-09-20T03:50:39.818564+00:00,2026-09-20T03:50:39.818564+00:00
BEDCA-2238,"Nispero, sin piel , congelado","Nispero, sin piel , congelado","Nispero, sin piel , congelado","Medlar, withouth skin, frozen",nispero sin piel congelado,"Eriobotrya japonica,l.",A0143 A0455 A0629 A0669 A0707 A0732 A0833 B2014 C0229 E0150 F0003 G0003 H0003 J0136 K0003 M0001 N0001 P0024 R0212 R0497 Z0112,BEDCA,2238,ES,es,generic,,,,,0.65,100g,38.99,163.12,False,0.56,8.6,,,0.2,0.043,0.009,0.1,,,,2.1,4.0,0.01,True,0.0,88.6,0.0,19.0,0.3,10.0,23.0,263.0,0.05,,1.0,0.5,218.0,4.0,0.0,0.89,0.02,0.0,23.0,0.02,0.03,0.35,,,,,,,,,,,,,,,,,,,,,,"Nispero, sin piel , congelado",nispero sin piel congelado medlar withouth skin frozen,"Medlar, withouth skin, frozen",93,True,GRP-00565,OK,,f_origen original: BEDCA2,2026-09-20T03:50:39.818564+00:00,2026-09-20T03:50:39.818564+00:00
BEDCA-2239,Paraguaya,Paraguaya,Paraguaya,Flat peach,paraguaya,Prunus persica var. platycarpa,A0143 A0707 A0732 A0833 A0992 A1221 A1279 B1539 C0140 E0150 F0003 G0003 H0003 J0003 K0003 M0172 N0036 P0024 Z0154,BEDCA,2239,ES,es,generic,Fruit and fruit products,Fresh fruit,,,0.62,100g,45.98,192.4,False,0.9,10.2,,,0.1,0.011,0.0334,0.049,,,,2.2,1.0,0.0025,True,0.0,86.6,0.0,7.0,0.4,10.0,22.0,170.0,0.1,,3.0,1.0,8.67,37.0,0.0,0.5,0.03,0.0,9.0,0.02,0.04,0.8,,,,,,,,,,,,,,,,,,,,,,Paraguaya,paraguaya flat peach,Flat peach,93,True,GRP-00600,OK,,f_origen original: BEDCA2,2026-09-20T03:50:39.818564+00:00,2026-09-20T03:50:39.818564+00:00
BEDCA-2240,Pasta de fruta,Pasta de fruta,Pasta de fruta,Fruit paste,pasta de fruta,,A0455 A0707 A0732 A0834 A0988 A1267 A1279 B1024 C0138 E0119 F0014 G0014 H0147 H0158 J0003 K0003 M0001 N0001 P0024 R0212 Z0112,BEDCA,2240,ES,es,generic,,,,,1.0,100g,256.79,1074.4,False,1.0,62.2,,,0.0,0.0,0.0,0.0,,,,3.2,1.0,0.0025,True,0.0,33.6,0.0,4.0,0.3,3.0,6.0,90.0,0.1,,,,0.0,0.0,0.0,0.0,,0.0,0.0,0.01,0.01,0.1,,,,,,,,,,,,,,,,,,,,,,Pasta de fruta,pasta de fruta fruit paste,Fruit paste,93,True,GRP-00608,OK,,f_origen original: BEDCA2,2026-09-20T03:50:39.818564+00:00,2026-09-20T03:50:39.818564+00:00
BEDCA-2241,Pera,Pera,Pera,Pear,pera,Pyrus communis l,A0707 A0732 A0833 A1012 A1224 A1279 B1344 C0140 E0150 F0003 G0003 H0003 J0003 K0004 M0213 N0036 P0024 R0001,BEDCA,2241,ES,es,generic,Fruit and fruit products,Fresh fruit,,,0.87,100g,44.69,187.0,False,0.4,10.6,,0.0,,0.014,0.022,0.044,,,,2.3,2.0,0.005,True,0.0,86.7,0.0,12.0,0.2,7.0,17.5,130.0,0.14,,2.0,,1.0,3.0,0.0,,0.02,0.0,11.0,0.03,0.03,0.2,,,,,,,,,,,,,,,,,,,,,,Pera,pera pear,Pear,87,True,GRP-00636,OK,,f_origen original: BEDCA2,2026-09-20T03:50:39.818564+00:00,2026-09-20T03:50:39.818564+00:00
BEDCA-2242,Piña,Piña,Piña,Pineapple,pina,Ananas comosus,A0707 A0732 A0833 A0994 A1267 A1279 B1246 C0140 E0150 F0003 G0003 H0003 J0003 K0004 M0213 N0036 P0024 R0001,BEDCA,2242,ES,es,generic,Fruit and fruit products,Fresh fruit,,,0.57,100g,48.76,204.0,False,0.5,11.5,,0.0,,0.0,0.1,0.1,,,,1.2,2.0,0.005,True,0.0,86.8,0.0,12.0,0.5,14.0,11.0,250.0,0.15,,4.3,,10.0,20.0,0.0,0.1,0.09,0.0,11.0,0.07,0.02,0.3,,,,,,,,,,,,,,,,,,,,,,Piña,pina pineapple,Pineapple,87,True,GRP-00662,OK,,f_origen original: BEDCA2,2026-09-20T03:50:39.818564+00:00,2026-09-20T03:50:39.818564+00:00
BEDCA-2243,Piña en almíbar,Piña en almíbar,Piña en almíbar,Syrup pineapple,pina en almibar,,A0707 A0732 A0836 A0992 A1221 A1279 B1246 C0140 E0150 F0003 G0042 H0136 H0148 J0003 K0003 M0182 N0042 P0188 Z0204,BEDCA,2243,ES,es,generic,Fruit and fruit products,Processed fruit products,en_conserva,,1.0,100g,65.07,272.25,False,0.375,15.4,,,0.11,0.009,0.013,0.04,,,,0.82,1.4,0.0035,True,0.0,83.3,0.0,9.3,0.31,9.6,5.6,100.0,0.09,,,0.4,2.0,7.5,0.0,0.06,0.07,0.0,3.0,0.07,0.01,0.437,,,,,,,,,,,,,,,,,,,,,,Piña en almíbar,pina en almibar syrup pineapple,Syrup pineapple,93,True,GRP-00660,OK,,f_origen original: BEDCA2,2026-09-20T03:50:39.818564+00:00,2026-09-20T03:50:39.818564+00:00
BEDCA-2244,Piñon,Piñon,Piñon,Pine nut,pinon,Araucaria araucana,A0703 A0730 A0824 A0975 A1236 A1282 B1596 C0165 E0150 F0003 G0003 H0003 J0003 K0004 M0166 N0036 P0024 R0001 Z0215,BEDCA,2244,ES,es,generic,,,,,1.0,100g,679.78,2844.2,False,14.0,4.0,,0.1,62.61,9.88,16.34,27.29,,0.46,26.66,1.9,1.0,0.0025,True,0.0,11.5,0.0,11.0,5.6,270.0,650.0,780.0,6.5,,0.2,2.0,1.6,,0.0,13.7,0.11,0.0,58.0,0.73,0.19,6.9,,,,0.0,3.36,1.87,18.3,26.66,0.46,0.0,0.0,0.0,,,,,,,,,,Piñon,pinon pine nut,Pine nut,93,True,GRP-00664,OK,,f_origen original: BEDCA2,2026-09-20T03:50:39.818564+00:00,2026-09-20T03:50:39.818564+00:00
BEDCA-2245,Plátano,Plátano,Plátano,Banana,platano,Musa paradisiaca,A0707 A0732 A0833 A0994 A1267 A1279 B1266 C0140 E0150 F0003 G0003 H0003 J0003 K0004 M0213 N0036 P0024 R0001,BEDCA,2245,ES,es,generic,Fruit and fruit products,Fresh fruit,,,0.66,100g,88.79,371.5,False,1.2,20.0,,3.1,0.3,0.11,0.04,0.09,,,,3.4,1.0,0.0025,True,0.0,75.1,0.0,9.0,0.6,38.0,28.0,350.0,0.23,,2.0,1.0,18.0,10.0,0.0,0.2,0.51,0.0,22.0,0.06,0.07,0.8,,,,,,,,,,,,,,,,,,,,,,Plátano,platano banana,Banana,93,True,GRP-00670,OK,,f_origen original: BEDCA2,2026-09-20T03:50:39.818564+00:00,2026-09-20T03:50:39.818564+00:00
BEDCA-2246,Pomelo,Pomelo,Pomelo,Grapefruit,pomelo,Citrus grandis,A0455 A0707 A0732 A0833 A0992 A1224 A1279 B1507 C0140 E0150 F0003 G0003 H0003 J0003 K0003 M0001 N0001 P0024 Z0204,BEDCA,2246,ES,es,generic,Fruit and fruit products,Fresh fruit,,,0.66,100g,25.67,107.4,False,0.7,5.4,,,0.1,,,,,,,1.3,1.0,0.0025,True,0.0,86.1,0.0,19.0,0.2,9.0,9.0,141.0,0.1,,1.3,1.0,218.0,37.0,0.0,0.25,,0.0,14.0,0.04,0.02,0.25,,,,,,,,,,,,,,,,,,,,,,Pomelo,pomelo grapefruit,Grapefruit,87,True,GRP-00685,OK,,f_origen original: BEDCA2,2026-09-20T03:50:39.818564+00:00,2026-09-20T03:50:39.818564+00:00
BEDCA-2247,Sandía,Sandía,Sandía,Watermelon,sandia,Citrullus lanatus,A0669 A0707 A0732 A0833 A1224 A1279 B1391 C0140 E0150 F0003 G0003 H0003 J0003 K0004 M0128 M0213 N0036 P0024 R0001,BEDCA,2247,ES,es,generic,Vegetables and vegetable products,Fruiting vegetables,,,0.52,100g,19.91,83.3,False,0.4,4.5,,0.0,,0.1,0.0,0.1,,,,0.5,4.0,0.01,True,0.0,94.6,0.0,7.0,0.3,11.0,5.5,120.0,0.1,,,,18.0,5.0,0.0,0.1,0.07,0.0,3.0,0.02,0.02,0.3,,,,,,,,,,,,,,,,,,,,,,Sandía,sandia watermelon,Watermelon,87,True,GRP-00824,OK,,f_origen original: BEDCA2,2026-09-20T03:50:39.818564+00:00,2026-09-20T03:50:39.818564+00:00
BEDCA-2248,"Zumo de tomate, fresco","Zumo de tomate, fresco","Zumo de tomate, fresco","Tomato, fresh juice",zumo de tomate fresco,Lycopersicum esculentum,A0264 A0455 A0629 A0662 A0705 A0731 A0841 B1276 C0140 E0139 F0003 G0003 H0003 J0003 K0003 M0001 N0001 P0024 R0212 R0497 Z0112 Z0205,BEDCA,2248,ES,es,generic,,,crudo,,1.0,100g,15.56,65.09,False,0.76,2.96,,,0.05,0.0066,0.0075,0.02,,,,0.6,4.8,0.012,True,0.0,95.6,0.0,15.0,0.56,9.5,16.0,236.0,0.086,,2.0,0.6,90.0,15.0,0.0,1.01,0.111,0.0,13.0,0.056,0.026,0.767,,,,,,,,,,,,,,,,,,,,,,"Zumo de tomate, fresco",zumo de tomate fresco tomato fresh juice,"Tomato, fresh juice",93,True,GRP-00954,OK,,f_origen original: BEDCA2,2026-09-20T03:50:39.818564+00:00,2026-09-20T03:50:39.818564+00:00
BEDCA-2249,Uva blanca,Uva blanca,Uva blanca,White grapes,uva blanca,Vitis vinifera l,A0707 A0732 A0834 A0991 A1267 A1279 B1329 C0140 E0150 F0003 G0003 H0003 J0003 K0004 M0213 N0036 P0024 R0001,BEDCA,2249,ES,es,generic,,,,,0.9,100g,67.85,283.9,False,0.6,16.1,,0.0,,0.054,0.007,0.048,,,,0.9,2.0,0.005,True,0.0,82.4,0.0,17.0,0.4,10.0,22.0,250.0,0.1,,2.0,1.0,3.0,4.0,0.0,,0.1,0.0,6.0,0.04,0.02,0.3,,,,,,,,,,,,,,,,,,,,,,Uva blanca,uva blanca white grapes,White grapes,87,True,GRP-00883,OK,,f_origen original: BEDCA2,2026-09-20T03:50:39.818564+00:00,2026-09-20T03:50:39.818564+00:00
BEDCA-2250,"Uva blanca, congelada","Uva blanca, congelada","Uva blanca, congelada","White grape, frozen",uva blanca congelada,"Vitis vinifera, l.",A0143 A0455 A0629 A0671 A0707 A0732 A0833 B2121 C0140 E0150 F0003 G0003 H0003 J0136 K0003 M0001 N0001 P0024 R0212 R0497 Z0112 Z0205,BEDCA,2250,ES,es,generic,,,,,1.0,100g,69.76,291.86,False,0.72,16.1,,,0.16,0.054,0.007,0.048,,,,0.8,2.0,0.005,True,0.0,82.2,0.0,17.0,0.6,10.0,22.0,250.0,0.2,,2.0,0.1,1.333,3.0,0.0,0.94,0.11,0.0,20.0,0.05,0.03,0.37,,,,,,,,,,,,,,,,,,,,,,"Uva blanca, congelada",uva blanca congelada white grape frozen,"White grape, frozen",93,True,GRP-00882,OK,,f_origen original: BEDCA2,2026-09-20T03:50:39.818564+00:00,2026-09-20T03:50:39.818564+00:00
BEDCA-2251,Uva pasa,Uva pasa,Uva pasa,Raisin ,uva pasa,,A0707 A0732 A0834 A0991 A1267 A1279 B1329 C0137 E0150 F0003 G0003 H0138 J0116 K0004 M0137 N0036 P0024 R0001 Z0215,BEDCA,2251,ES,es,generic,,,,,1.0,100g,295.99,1238.42,False,2.46,69.3,,,0.5,0.16,0.14,0.14,,,,6.5,21.0,0.0525,True,0.0,21.2,0.0,80.0,2.3,41.0,111.0,782.0,0.245,,2.0,7.3,5.0,1.0,0.0,0.12,0.25,0.0,10.0,0.12,0.055,0.683,,,,,,,,,,,,,,,,,,,,,,Uva pasa,uva pasa raisin,Raisin ,93,True,GRP-00885,OK,,f_origen original: BEDCA2,2026-09-20T03:50:39.818564+00:00,2026-09-20T03:50:39.818564+00:00
BEDCA-2252,"Zumo de zanahoria, fresco","Zumo de zanahoria, fresco","Zumo de zanahoria, fresco","Carrot, fresh juice",zumo de zanahoria fresco,Daucus carota,A0264 A0455 A0629 A0705 A0731 A0841 B1227 C0238 E0114 F0003 G0003 H0001 J0003 K0003 M0001 N0001 P0024 R0212 R0497 Z0109 Z0205,BEDCA,2252,ES,es,generic,,,crudo,,1.0,100g,23.19,97.01,False,0.63,4.75,,,0.15,0.027,0.007,0.071,,,,0.62,52.0,0.13,True,0.0,93.9,0.0,27.0,0.5,13.0,31.0,219.0,,,7.0,0.6,437.0,3.8,0.0,0.56,0.2,0.0,4.0,0.06,0.06,0.77,,,,,,,,,,,,,,,,,,,,,,"Zumo de zanahoria, fresco",zumo de zanahoria fresco carrot fresh juice,"Carrot, fresh juice",93,True,GRP-00957,OK,,f_origen original: BEDCA2,2026-09-20T03:50:39.818564+00:00,2026-09-20T03:50:39.818564+00:00
BEDCA-2253,"Avestruz, solomillo, crudo","Avestruz, solomillo, crudo","Avestruz, solomillo, crudo","Ostrich, sirloin, raw",avestruz solomillo crudo,Struthio camelus.,A0273 A0459 A0633 A0715 A0726 A0741 A0795 B2118 C0269 E0150 F0003 G0003 H0003 J0131 K0003 M0001 N0001 P0024 R0212 R0495 Z0027 Z0054 Z0112,BEDCA,2253,ES,es,generic,,,crudo,,1.0,100g,114.13,477.54,False,21.67,0.0,,,2.95,1.2,1.06,0.58,,,,0.0,81.0,0.2025,True,75.0,75.4,0.0,6.0,3.13,22.0,214.0,312.0,3.76,,2.0,35.4,0.0,0.0,0.0,0.202,0.509,4.94,8.0,0.195,0.286,7.908,,,,,,,,,,,,,,,,,,,,,,"Avestruz, solomillo, crudo",avestruz solomillo crudo ostrich sirloin raw,"Ostrich, sirloin, raw",93,True,GRP-00081,OK,,f_origen original: BEDCA2,2026-09-20T03:50:39.818564+00:00,2026-09-20T03:50:39.818564+00:00
BEDCA-2254,Butifarra,Butifarra,Butifarra,Butifarra sausage,butifarra,,A0221 A0714 A0726 A0793 A1257 A1277 B1136 C0125 E0119 F0001 G0003 H0229 H0367 J0131 K0003 M0212 N0056 P0188 R0212 Z0112,BEDCA,2254,ES,es,generic,,,,,1.0,100g,239.84,1003.5,False,10.0,5.5,,,20.0,6.8,8.9,3.0,,,,0.0,703.0,1.7575,True,50.0,63.0,0.0,51.0,1.9,15.0,51.0,140.0,,,,11.5,0.0,0.0,0.01,0.01,0.1,,2.0,0.04,0.13,2.4,,,,,,,,,,,,,,,,,,,,,,Butifarra,butifarra sausage,Butifarra sausage,93,True,GRP-00135,OK,,f_origen original: BEDCA2,2026-09-20T03:50:39.818564+00:00,2026-09-20T03:50:39.818564+00:00
BEDCA-2256,Cecina,Cecina,Cecina,Couring beef,cecina,,A0714 A0726 A0793 A1015 A1258 A1283 B1201 C0268 E0119 F0014 G0003 H0138 H0172 H0367 J0106 J0116 K0003 M0172 N0036 P0188 Z0112,BEDCA,2256,ES,es,generic,Meat and meat products,Animal meat dried,,,1.0,100g,242.47,1014.5,False,39.0,0.0,,,9.5,4.4,3.9,0.5,,,,0.0,2100.0,5.25,True,120.0,45.0,0.0,48.0,9.8,39.0,321.0,62.2,,,4.96,,21.0,0.0,0.0,,0.36,8.89,0.0,0.16,0.82,,,,,,,,,,,,,,,,,,,,,,,Cecina,cecina couring beef,Couring beef,93,True,GRP-00199,OK,,f_origen original: BEDCA2,2026-09-20T03:50:39.818564+00:00,2026-09-20T03:50:39.818564+00:00
BEDCA-2257,"Cerdo, chuleta, crudo","Cerdo, chuleta, crudo","Cerdo, chuleta, crudo","Pork, chop, raw",cerdo chuleta crudo,,A0714 A0726 A0793 A1015 A1258 A1287 B1136 C0243 E0107 F0003 G0003 H0003 J0003 K0003 M0001 N0001 P0024 R0212 Z0154,BEDCA,2257,ES,es,generic,,,crudo,,0.8,100g,209.85,878.0,False,19.0,0.0,,,15.0,5.8,6.8,1.3,,,,0.0,69.0,0.1725,True,80.0,65.0,0.0,9.0,1.3,21.0,166.0,285.0,1.6,,3.0,14.0,0.0,0.0,,0.1,0.4,1.2,4.0,0.74,0.19,4.2,,,,,,,,,,,,,,,,,,,,,,"Cerdo, chuleta, crudo",cerdo chuleta crudo pork chop raw,"Pork, chop, raw",93,True,GRP-00202,OK,,f_origen original: BEDCA2,2026-09-20T03:50:39.818564+00:00,2026-09-20T03:50:39.818564+00:00
BEDCA-2258,"Cerdo, costilla, crudo","Cerdo, costilla, crudo","Cerdo, costilla, crudo","Pork, rib, raw",cerdo costilla crudo,,A0714 A0726 A0793 A1015 A1258 A1287 B1136 C0243 E0107 F0003 G0003 H0003 J0003 K0003 M0001 N0001 P0024 R0212 Z0154 Z0215,BEDCA,2258,ES,es,generic,,,crudo,,0.73,100g,278.18,1163.9,False,17.1,0.0,,,23.6,9.3,10.7,2.2,,,,0.0,75.0,0.1875,True,77.0,56.9,0.0,7.0,1.0,22.0,240.0,260.0,1.3,,2.0,27.3,0.0,0.0,,0.05,0.4,0.9,4.0,0.62,0.27,4.9,,,,,,,,,,,,,,,,,,,,,,"Cerdo, costilla, crudo",cerdo costilla crudo pork rib raw,"Pork, rib, raw",93,True,GRP-00203,OK,,f_origen original: BEDCA2,2026-09-20T03:50:39.818564+00:00,2026-09-20T03:50:39.818564+00:00
BEDCA-2259,"Cerdo, lomo, crudo","Cerdo, lomo, crudo","Cerdo, lomo, crudo","Pork, loin, raw",cerdo lomo crudo,,A0714 A0726 A0793 A1015 A1258 A1280 B1136 C0270 E0107 F0003 G0003 J0003 M0172 N0036 P0024 R0212 Z0154,BEDCA,2259,ES,es,generic,,,crudo,,1.0,100g,151.84,635.3,False,18.0,0.0,,,8.9,3.28,4.0,1.15,,,0.568,0.0,63.0,0.1575,True,65.0,66.0,0.0,9.0,0.9,20.0,151.0,212.0,2.4,,2.6,32.4,0.0,0.0,,0.1,0.4,0.6,3.0,0.76,0.22,4.0,,,0.002,0.022,0.64,0.211,0.624,0.5,0.02,0.068,0.009,,,,,,,,,,,"Cerdo, lomo, crudo",cerdo lomo crudo pork loin raw,"Pork, loin, raw",93,True,GRP-00205,OK,,f_origen original: BEDCA2,2026-09-20T03:50:39.818564+00:00,2026-09-20T03:50:39.818564+00:00
BEDCA-2260,"Cerdo, panceta, cruda","Cerdo, panceta, cruda","Cerdo, panceta, cruda","Bacon, raw",cerdo panceta cruda,,A0714 A0726 A0793 A1015 A1258 A1280 B1136 C0270 E0100 F0003 G0003 H0367 J0003 M0172 N0036 P0024 R0212 Z0154,BEDCA,2260,ES,es,generic,,,crudo,,1.0,100g,464.91,1945.2,False,12.5,0.5,,,46.6,19.39,21.2,3.47,,,,0.0,1470.0,3.675,True,72.0,40.4,0.0,6.0,0.9,13.0,120.0,230.0,1.5,,11.0,1.0,,0.0,,0.08,0.27,,1.5,0.32,0.12,4.2,,,,,,,,,,,,,,,,,,,,,,"Cerdo, panceta, cruda",cerdo panceta cruda bacon raw,"Bacon, raw",93,True,GRP-00206,OK,,f_origen original: BEDCA2,2026-09-20T03:50:39.818564+00:00,2026-09-20T03:50:39.818564+00:00
BEDCA-2261,"Cerdo, parte sin especificar","Cerdo, parte sin especificar","Cerdo, parte sin especificar","Pork, not specified part",cerdo parte sin especificar,,A0714 A0726 A0793 A1015 A1258 A1280 B1136 C0103 E0122 F0003 G0003 H0003 J0003 K0032 M0172 N0036 P0024 R0212 Z0154,BEDCA,2261,ES,es,generic,,,,,1.0,100g,270.84,1133.2,False,16.6,0.0,,,23.0,7.43,9.62,3.51,0.138,0.347,3.462,0.0,760.0,1.9,True,72.0,60.4,0.0,8.0,1.3,18.0,170.0,370.0,1.8,,,14.0,,0.0,,0.01,0.33,2.0,4.0,0.7,0.2,7.6,,,0.006,0.076,4.895,2.574,6.794,2.996,0.2,0.466,0.065,0.082,,,,,,,,,,"Cerdo, parte sin especificar",cerdo parte sin especificar pork not specified part,"Pork, not specified part",93,True,GRP-00207,OK,,f_origen original: BEDCA2,2026-09-20T03:50:39.818564+00:00,2026-09-20T03:50:39.818564+00:00
BEDCA-2262,Chistorra,Chistorra,Chistorra,Chistorra sausage,chistorra,,A0714 A0726 A0798 A1015 A1258 A1277 B1136 C0268 E0119 F0003 G0001 J0001 K0003 M0172 M0212 N0036 N0056 P0024 R0212 Z0094 Z0112,BEDCA,2262,ES,es,generic,,,,,1.0,100g,512.4,2143.9,False,15.3,0.9,,,50.5,26.8,18.7,2.6,,,,0.0,889.0,2.2225,True,76.0,33.3,0.0,13.0,1.7,23.0,90.0,232.0,1.4,,11.0,21.1,181.33,0.0,,0.57,0.16,0.85,2.0,0.56,0.25,11.5,,,,,,,,,,,,,,,,,,,,,,Chistorra,chistorra sausage,Chistorra sausage,93,True,GRP-00242,OK,,f_origen original: BEDCA2,2026-09-20T03:50:39.818564+00:00,2026-09-20T03:50:39.818564+00:00
BEDCA-2263,Choped pork,Choped pork,Choped pork,Pork luncheon meat,choped pork,,A0714 A0726 A0793 A1015 A1264 A1280 B2242 C0268 E0150 F0014 G0012 G0020 H0154 H0367 H0369 H0691 J0123 K0004 M0186 N0036 P0024 R0001,BEDCA,2263,ES,es,generic,,,,,1.0,100g,307.84,1288.0,False,14.0,3.0,,3.0,27.0,9.4,11.29,4.17,0.134,,2.644,0.0,668.0,1.67,True,72.0,56.0,0.0,13.0,2.2,9.0,160.0,207.0,2.9,,1.0,18.6,,0.0,,0.25,0.05,,,0.33,0.21,5.9,,,0.017,0.239,4.153,2.022,5.767,2.576,0.19,0.068,,0.011,,,,,,,,,,Choped pork,choped pork luncheon meat,Pork luncheon meat,93,True,GRP-00251,OK,,f_origen original: BEDCA2,2026-09-20T03:50:39.818564+00:00,2026-09-20T03:50:39.818564+00:00
BEDCA-2264,Chorizo,Chorizo,Chorizo,Chorizo,chorizo,,A0714 A0726 A0798 A1015 A1264 A1280 B1134 C0103 E0151 F0014 G0003 H0003 J0003 K0004 M0199 N0036 N0039 P0024 P0026 R0001,BEDCA,2264,ES,es,generic,Meat and meat products,Sausages and other comminuted meat,,,0.97,100g,321.7,1346.0,False,27.0,1.9,,,23.1,9.6,11.0,2.502,0.17,,2.581,0.0,1060.0,2.65,True,72.6,47.0,0.0,18.4,2.1,10.3,270.0,180.0,1.2,,10.9,21.1,,0.0,,0.29,0.14,0.9,0.9,0.33,0.15,7.1,,,0.023,0.298,4.979,2.541,6.764,2.545,0.151,0.036,,,,,,,,,,,,Chorizo,chorizo,,93,True,GRP-00252,OK,,f_origen original: BEDCA2,2026-09-20T03:50:39.818564+00:00,2026-09-20T03:50:39.818564+00:00
BEDCA-2265,"Corazon de vaca, crudo","Corazon de vaca, crudo","Corazon de vaca, crudo","Beef (cow), heart, raw",corazon de vaca crudo,,A0716 A0726 A0796 A1015 A1264 B1134 C0201 F0003 G0003 H0003 J0131 K0003 M0003 N0003 P0024 R0001,BEDCA,2265,ES,es,generic,,,crudo,,1.0,100g,104.45,437.0,False,17.0,0.0,,,4.0,1.6,1.0,0.5,,,,0.0,92.0,0.23,True,140.0,79.0,0.0,6.0,4.8,23.0,210.0,263.0,2.0,,7.0,22.0,0.0,6.0,1.0,0.52,0.3,13.0,3.0,0.19,1.02,10.467,,,,,,,,,,,,,,,,,,,,,,"Corazon de vaca, crudo",corazon de vaca crudo beef cow heart raw,"Beef (cow), heart, raw",93,True,GRP-00279,OK,,f_origen original: BEDCA2,2026-09-20T03:50:39.818564+00:00,2026-09-20T03:50:39.818564+00:00
BEDCA-2266,"Cordero, costilla, crudo","Cordero, costilla, crudo","Cordero, costilla, crudo","Lamb, rib, raw",cordero costilla crudo,Ovis orientalis aries,A0714 A0726 A0793 A1015 A1258 A1287 B2396 C0243 E0107 F0003 G0003 H0003 J0003 K0003 M0001 N0001 P0024 R0212 Z0154,BEDCA,2266,ES,es,generic,,,crudo,,0.67,100g,241.13,1008.9,False,15.6,0.0,,,20.1,9.96,8.05,1.18,,,,0.0,75.0,0.1875,True,79.0,64.1,0.0,9.0,2.6,16.0,170.0,320.0,2.2,,2.0,27.3,0.0,0.0,,0.17,0.2,1.3,3.0,0.13,0.18,4.4,,,,,,,,,,,,,,,,,,,,,,"Cordero, costilla, crudo",cordero costilla crudo lamb rib raw,"Lamb, rib, raw",93,True,GRP-00280,OK,,f_origen original: BEDCA2,2026-09-20T03:50:39.818564+00:00,2026-09-20T03:50:39.818564+00:00
BEDCA-2267,"Cordero, parte sin especificar","Cordero, parte sin especificar","Cordero, parte sin especificar","Lamb, not specified part",cordero parte sin especificar,Ovis orientalis aries,A0714 A0726 A0793 A1015 A1258 A1287 B1669 C0266 E0151 F0003 G0003 H0003 J0131 K0001 M0166 M0173 N0036 N0039 P0024 R0001,BEDCA,2267,ES,es,generic,,,,,1.0,100g,352.56,1475.1,False,15.6,0.0,,0.0,32.7,15.17,11.33,1.76,0.298,0.5946,1.0087,0.0,68.0,0.17,True,78.0,51.7,0.0,7.0,1.2,18.0,194.0,260.0,3.3,,3.0,1.0,,0.0,,0.26,0.17,1.0,3.0,0.08,0.16,7.4,,,0.088,0.568,6.704,3.684,9.815,0.8154,0.4137,0.1933,0.1359,0.045,,,,,,,,,,"Cordero, parte sin especificar",cordero parte sin especificar lamb not specified part,"Lamb, not specified part",93,True,GRP-00289,OK,,f_origen original: BEDCA2,2026-09-20T03:50:39.818564+00:00,2026-09-20T03:50:39.818564+00:00
BEDCA-2268,Croquetas de pollo,Croquetas de pollo,Croquetas de pollo,Chicken croquettes,croquetas de pollo,,A0722 A0735 A0861 A1015 A1264 A1275 B1457 C0103 E0135 F0014 G0024 H0117 H0184 H0186 H0272 H0317 H0349 H0367 H0411 H0430 H0431 H0447 H0456 H0491 H0539 H0555 H0681 H0704 H0759 J0136 K0001 M0166 N0036 P0024 R0001,BEDCA,2268,ES,es,generic,,,,,1.0,100g,153.54,642.41,False,5.78,20.43,,,5.32,0.74,1.436,2.225,0.5957,,,2.45,719.2,1.798,True,30.6,66.0,0.0,22.4,1.13,26.3,173.3,173.4,0.29,,15.2,8.1,5.55,0.0,0.434,0.09,0.06,4.01,8.93,0.12,0.2,5.2,,,0.039,0.117,0.738,0.518,1.016,1.098,0.02,,0.001,,,,,,,,,,,Croquetas de pollo,croquetas de pollo chicken croquettes,Chicken croquettes,93,True,GRP-00305,OK,,f_origen original: BEDCA2,2026-09-20T03:50:39.818564+00:00,2026-09-20T03:50:39.818564+00:00
BEDCA-2269,Foie gras,Foie gras,Foie gras,Foie gras,foie gras,,A0150 A0459 A0714 A0726 A1258 B1316 C0176 E0136 F0003 G0001 H0227 H0367 J0131 K0003 M0130 N0036 P0188 Z0112,BEDCA,2269,ES,es,generic,Meat and meat products,Sausages and other comminuted meat,,,1.0,100g,441.92,1849.0,False,10.0,3.0,,,44.0,12.0,25.2,4.8,0.3658,,3.599,0.0,740.0,1.85,True,380.0,42.0,0.0,10.0,6.4,15.0,190.0,170.0,1.7,,6.3,41.6,950.0,2.0,0.2,0.35,0.3,15.0,556.0,0.03,0.6,3.0,,,0.035,0.398,6.732,3.44,10.293,3.487,0.224,0.112,,,,,,,,,,,,Foie gras,foie gras,,93,True,GRP-00334,OK,,f_origen original: BEDCA2,2026-09-20T03:50:39.818564+00:00,2026-09-20T03:50:39.818564+00:00
BEDCA-2270,"Higado de pollo, crudo","Higado de pollo, crudo","Higado de pollo, crudo","Liver, chicken, raw",higado de pollo crudo,,A0714 A0726 A0796 A1015 A1264 A1275 B1457 C0176 E0150 F0003 G0003 H0003 J0131 K0003 M0166 M0173 N0036 N0039 P0024 R0001,BEDCA,2270,ES,es,generic,,,crudo,,1.0,100g,136.31,570.34,False,22.12,1.2,,,4.7,1.582,1.144,0.749,0.2515,0.1,0.796,0.0,68.0,0.17,True,492.0,72.0,0.0,18.0,7.4,13.0,240.0,218.0,3.2,,3.0,55.0,33.0,28.0,1.3,0.4,0.8,25.0,380.0,0.32,2.5,14.8,,,0.003,0.035,0.942,0.975,0.821,0.507,0.019,0.289,0.014,0.067,,,,,,,,,,"Higado de pollo, crudo",higado de pollo crudo liver chicken raw,"Liver, chicken, raw",93,True,GRP-00397,OK,,f_origen original: BEDCA2,2026-09-20T03:50:39.818564+00:00,2026-09-20T03:50:39.818564+00:00
BEDCA-2271,Jamón asado,Jamón asado,Jamón asado,"Ham, roasted",jamon asado,,A0714 A0726 A0793 A1015 A1258 A1280 B1136 C0265 E0150 F0003 G0005 H0138 H0367 J0116 K0003 M0001 N0001 P0188 Z0112,BEDCA,2271,ES,es,generic,,,asado,,1.0,100g,264.74,1107.68,False,26.83,,,,17.61,6.47,7.88,1.688,,,,0.0,60.0,0.15,True,94.0,55.04,0.0,14.0,1.01,22.0,263.0,352.0,2.96,,34.6,45.3,10.0,0.3,0.9,,0.402,0.68,10.0,0.635,0.313,4.574,,,,,,,,,,,,,,,,,,,,,,Jamón asado,jamon asado ham roasted,"Ham, roasted",87,True,GRP-00417,OK,,f_origen original: BEDCA2,2026-09-20T03:50:39.818564+00:00,2026-09-20T03:50:39.818564+00:00
BEDCA-2272,"Jamón cocido, enlatado","Jamón cocido, enlatado","Jamón cocido, enlatado","Cooked ham, canned",jamon cocido enlatado,,A0150 A0459 A0633 A0714 A0726 A0737 A0793 B1136 C0125 E0145 F0014 G0012 H0227 H0253 J0108 K0003 M0287 N0042 P0024,BEDCA,2272,ES,es,generic,,,cocido,,1.0,100g,125.14,523.6,False,18.4,1.3,,,5.1,1.9,2.1,0.6,,,,0.0,1250.0,3.125,True,68.0,74.0,0.0,9.0,1.2,18.0,280.0,280.0,2.3,,11.0,8.0,,0.0,,0.08,0.22,,,0.52,0.25,7.283,,,,,,,,,,,,,,,,,,,,,,"Jamón cocido, enlatado",jamon cocido enlatado cooked ham canned,"Cooked ham, canned",93,True,GRP-00419,OK,,f_origen original: BEDCA2,2026-09-20T03:50:39.818564+00:00,2026-09-20T03:50:39.818564+00:00
BEDCA-2273,Jamón serrano,Jamón serrano,Jamón serrano,Cured ham,jamon serrano,,A0714 A0726 A0793 A1015 A1258 A1280 B1136 C0265 E0150 F0003 G0003 H0138 H0367 J0116 K0003 M0157 N0036 N0045 P0188 Z0112,BEDCA,2273,ES,es,generic,Meat and meat products,Processed whole meat products,,,1.0,100g,317.69,1329.2,False,28.8,0.2,,,22.6,7.94,11.06,2.58,,,0.818,0.0,2130.0,5.325,True,84.0,39.9,0.0,9.0,1.7,22.0,167.0,250.0,2.1,,11.4,12.1,0.0,0.0,0.6,0.2,0.5,0.6,2.0,1.0,0.25,8.0,,,0.02,0.01,2.314,1.039,5.974,0.708,0.068,0.11,,,,,,,,,,,,Jamón serrano,jamon serrano cured ham,Cured ham,93,True,GRP-00422,OK,,f_origen original: BEDCA2,2026-09-20T03:50:39.818564+00:00,2026-09-20T03:50:39.818564+00:00
BEDCA-2274,Lacón,Lacón,Lacón,"Shoulder cured ham, ""lacon""",lacon,,A0714 A0726 A0797 A1015 A1258 A1280 B1136 C0218 E0131 F0003 G0003 H0367 J0141 K0004 M0157 M0172 N0036 N0045 P0024 R0001 Z0112,BEDCA,2274,ES,es,generic,,,,,1.0,100g,213.42,892.94,False,19.12,9.9,,,10.8,3.53,4.26,1.66,,,,0.0,965.0,2.4125,True,60.4,57.36,0.0,9.6,2.1,17.5,136.0,270.0,2.8,,10.9,17.7,9.4,0.0,0.5,0.08,0.2,0.6,1.0,0.46,0.18,6.817,,,,,,,,,,,,,,,,,,,,,,Lacón,lacon shoulder cured ham,"Shoulder cured ham, ""lacon""",93,True,GRP-00436,OK,,f_origen original: BEDCA2,2026-09-20T03:50:39.818564+00:00,2026-09-20T03:50:39.818564+00:00
BEDCA-2275,"Lengua de cerdo, cruda","Lengua de cerdo, cruda","Lengua de cerdo, cruda","Pork, tongue, raw",lengua de cerdo cruda,,A0150 A0459 A0633 A0716 A0726 A0739 A0796 B1136 C0189 E0150 F0003 G0003 H0003 J0131 K0003 M0001 N0001 P0024 R0212 R0497 Z0112,BEDCA,2275,ES,es,generic,,,crudo,,1.0,100g,156.09,653.1,False,16.0,0.0,,,10.3,3.57,4.87,1.07,0.544,,0.458,0.0,93.0,0.2325,True,116.0,73.7,0.0,9.6,3.0,20.0,197.0,278.0,2.6,,14.0,12.0,0.0,4.4,,0.51,0.35,0.8,4.0,0.49,0.5,8.217,,,0.018,0.534,3.327,1.801,4.064,0.404,0.042,0.054,,,,,,,,,,,,"Lengua de cerdo, cruda",lengua de cerdo cruda pork tongue raw,"Pork, tongue, raw",93,True,GRP-00457,OK,,f_origen original: BEDCA2,2026-09-20T03:50:39.818564+00:00,2026-09-20T03:50:39.818564+00:00
BEDCA-2276,"Lengua de cordero, cruda","Lengua de cordero, cruda","Lengua de cordero, cruda","Lamb, tongue, raw",lengua de cordero cruda,,A0150 A0459 A0633 A0716 A0726 A0739 A0796 B1669 C0189 E0150 F0003 G0003 H0003 J0131 K0003 M0001 N0001 P0024 R0212 R0497 Z0112,BEDCA,2276,ES,es,generic,,,crudo,,1.0,100g,191.28,800.3,False,15.3,0.0,,,14.6,5.623,7.194,0.901,0.544,,0.458,0.0,78.0,0.195,True,180.0,70.1,0.0,6.0,2.2,33.0,170.0,250.0,2.7,,14.0,15.0,,7.0,,0.21,0.17,7.0,4.0,0.17,0.49,7.467,,,0.018,0.534,3.327,1.801,4.064,0.404,0.042,0.054,,,,,,,,,,,,"Lengua de cordero, cruda",lengua de cordero cruda lamb tongue raw,"Lamb, tongue, raw",93,True,GRP-00458,OK,,f_origen original: BEDCA2,2026-09-20T03:50:39.818564+00:00,2026-09-20T03:50:39.818564+00:00
BEDCA-2277,Lomo embuchado,Lomo embuchado,Lomo embuchado,"Cured pork, loin",lomo embuchado,,A0714 A0726 A0793 A1015 A1264 A1280 B2242 C0270 E0122 F0003 G0003 H0003 H0341 H0367 H0749 J0141 K0004 M0186 N0036 P0024 R0001,BEDCA,2277,ES,es,generic,Meat and meat products,Processed whole meat products,,,0.97,100g,321.2,1343.9,False,34.0,0.0,,0.0,20.7,6.68,8.65,3.17,,,,0.0,1470.0,3.675,True,69.0,46.0,0.0,20.0,3.7,20.0,180.0,230.0,2.6,,3.8,20.0,,0.0,,0.44,0.22,2.0,5.0,0.8,0.25,12.0,,,,,,,,,,,,,,,,,,,,,,Lomo embuchado,lomo embuchado cured pork loin,"Cured pork, loin",93,True,GRP-00479,OK,,f_origen original: BEDCA2,2026-09-20T03:50:39.818564+00:00,2026-09-20T03:50:39.818564+00:00
BEDCA-2278,Molleja de cordero,Molleja de cordero,Molleja de cordero,Lamb gizzard,molleja de cordero,,A0714 A0726 A0793 A1015 A1258 A1287 B2396 C0109 E0107 F0003 G0003 H0003 J0003 K0003 M0001 N0001 P0024 R0212 Z0154,BEDCA,2278,ES,es,generic,,,,,1.0,100g,131.14,548.7,False,15.3,0.0,,,7.8,3.0,2.4,0.3,,,,0.0,75.0,0.1875,True,260.0,76.9,0.0,8.0,1.7,21.0,400.0,420.0,1.9,,,,,18.0,,0.44,0.03,6.0,13.0,0.03,0.25,7.0,,,,,,,,,,,,,,,,,,,,,,Molleja de cordero,molleja de cordero lamb gizzard,Lamb gizzard,93,True,GRP-00530,OK,,f_origen original: BEDCA2,2026-09-20T03:50:39.818564+00:00,2026-09-20T03:50:39.818564+00:00
BEDCA-2280,Morcilla,Morcilla,Morcilla,Blood sausage,morcilla,,A0459 A0714 A0726 A0798 A1015 A1258 A1277 B1136 C0185 E0119 F0014 G0015 H0227 H0262 H0339 H0367 J0153 K0001 M0001 N0001 P0188 R0212 Z0112,BEDCA,2280,ES,es,generic,Meat and meat products,Sausages and other comminuted meat,,,1.0,100g,322.99,1351.4,False,11.0,3.2,,,30.0,11.7,13.5,2.5,0.553,,5.123,,700.0,1.75,True,110.0,55.0,0.0,40.0,18.0,11.0,60.0,150.0,0.3,,4.9,11.8,13.0,0.0,,0.5,0.1,0.5,5.0,0.07,0.1,1.2,,,0.036,0.553,9.358,5.214,12.604,5.072,0.356,0.051,,,,,,,,,,,,Morcilla,morcilla blood sausage,Blood sausage,87,True,GRP-00532,OK,,f_origen original: BEDCA2,2026-09-20T03:50:39.818564+00:00,2026-09-20T03:50:39.818564+00:00
BEDCA-2281,"Morcilla, frita","Morcilla, frita","Morcilla, frita","Blood sausage, fried",morcilla frita,,A0459 A0714 A0726 A0798 A1015 A1258 A1277 B1136 C0185 E0119 F0014 G0015 G0035 H0227 H0262 H0339 H0367 J0153 K0001 M0001 N0001 P0188 R0212 Z0112,BEDCA,2281,ES,es,generic,,,frito,,1.0,100g,305.73,1279.16,False,12.58,15.0,,,21.9,8.5,8.1,3.6,,,,0.5,907.5,2.2687,True,68.0,44.0,0.0,33.25,19.0,14.8,101.75,112.0,1.24,,0.0,0.0,0.0,0.0,0.0,0.19,0.03,0.8,3.63,0.06,0.05,3.23,,,,,,,,,,,,,,,,,,,,,,"Morcilla, frita",morcilla frita blood sausage fried,"Blood sausage, fried",93,True,GRP-00531,OK,,f_origen original: BEDCA2,2026-09-20T03:50:39.818564+00:00,2026-09-20T03:50:39.818564+00:00
BEDCA-2282,Mortadela,Mortadela,Mortadela,Bologna,mortadela,,A0714 A0726 A0793 A1018 A1264 A1275 B2242 C0268 E0150 F0003 G0003 H0319 H0367 H0487 H0493 H0511 H0669 H0691 H0749 J0003 K0004 M0186 N0036 P0024 R0001,BEDCA,2282,ES,es,generic,Meat and meat products,Sausages and other comminuted meat,,,1.0,100g,293.6,1228.43,False,14.0,3.0,,3.0,25.39,9.4,11.29,4.17,0.134,,2.644,0.0,668.0,1.67,True,72.0,56.0,0.0,13.0,2.2,9.0,160.0,207.0,2.9,,8.6,6.1,,0.0,,0.11,0.05,,,0.33,0.21,5.9,,,0.017,0.239,4.153,2.022,5.767,2.576,0.19,0.068,,0.011,,,,,,,,,,Mortadela,mortadela bologna,Bologna,93,True,GRP-00533,OK,,f_origen original: BEDCA2,2026-09-20T03:50:39.818564+00:00,2026-09-20T03:50:39.818564+00:00
BEDCA-2283,"Panceta, frita","Panceta, frita","Panceta, frita","Bacon, fried",panceta frita,,A0714 A0726 A0793 A1015 A1258 A1280 B1136 C0270 E0100 F0014 G0035 H0367 J0003 M0172 N0036 P0024 R0212 Z0154,BEDCA,2283,ES,es,generic,,,frito,,1.0,100g,734.43,3072.86,False,4.68,,,,80.9,31.5,36.1,8.9,,,,,420.0,1.05,True,198.0,12.8,0.0,2.85,0.67,3.7,35.15,60.0,0.57,,10.45,0.95,,,,0.09,,,,,,0.77,,,,,,,,,,,,,,,,,,,,,,"Panceta, frita",panceta frita bacon fried,"Bacon, fried",82,True,GRP-00597,OK,,f_origen original: BEDCA2,2026-09-20T03:50:39.818564+00:00,2026-09-20T03:50:39.818564+00:00
BEDCA-2284,"Pate de higado de cerdo, 30% de grasa","Pate de higado de cerdo, 30% de grasa","Pate de higado de cerdo, 30% de grasa","Pork liver pate, fat 30%",pate de higado de cerdo 30 de grasa,,A0714 A0726 A0793 A1019 A1264 A1280 B2242 C0176 E0136 F0003 G0001 H0184 H0186 H0367 H0590 H0691 J0131 K0004 M0130 N0040 P0024 R0001 Z0112,BEDCA,2284,ES,es,generic,,,,,1.0,100g,338.07,1414.5,False,14.0,5.0,,0.0,29.5,10.48,12.41,3.59,0.3658,0.271,3.381,0.0,738.0,1.845,True,255.0,51.5,0.0,23.0,5.5,12.0,220.0,173.0,2.3,,6.3,41.6,8300.0,,0.3,0.5,0.35,12.0,99.0,0.18,0.85,7.1,,,0.009,0.243,4.98,2.805,9.873,3.165,0.232,0.216,0.037,0.002,,,,,,,,,,"Pate de higado de cerdo, 30% de grasa",pate de higado cerdo 30 grasa pork liver fat,"Pork liver pate, fat 30%",93,True,GRP-00623,OK,,f_origen original: BEDCA2,2026-09-20T03:50:39.818564+00:00,2026-09-20T03:50:39.818564+00:00
BEDCA-2285,"Pavo, crudo","Pavo, crudo","Pavo, crudo","Turkey, raw",pavo crudo,Meleagris gallopavo,A0273 A0459 A0633 A0715 A0726 A0741 A0795 B1236 C0268 E0150 F0003 G0003 H0003 J0003 K0003 M0001 N0001 P0024 R0212 R0497 Z0003 Z0112,BEDCA,2285,ES,es,generic,,,crudo,,1.0,100g,157.16,657.56,False,20.18,0.0,,,8.5,2.173,2.987,2.435,,,,0.0,63.0,0.1575,True,74.0,71.3,0.0,15.0,0.98,20.0,175.0,247.0,2.4,,2.0,28.6,13.0,0.0,,,0.46,2.0,16.0,0.1,0.18,10.567,,,,,,,,,,,,,,,,,,,,,,"Pavo, crudo",pavo crudo turkey raw,"Turkey, raw",93,True,GRP-00627,OK,,f_origen original: BEDCA2,2026-09-20T03:50:39.818564+00:00,2026-09-20T03:50:39.818564+00:00
BEDCA-2286,"Pavo, fiambre","Pavo, fiambre","Pavo, fiambre",Turkey luncheon meat,pavo fiambre,,A0714 A0726 A0797 A1015 A1264 A1288 B1236 C0103 E0151 F0014 G0020 H0148 H0157 H0487 H0609 H0669 H0691 J0131 K0004 M0137 N0036 P0024 R0001 Z0112 Z0183,BEDCA,2286,ES,es,generic,,,,,1.0,100g,146.92,614.7,False,15.3,0.4,,,9.4,2.783,3.146,2.342,,,,0.0,1004.0,2.51,True,76.0,74.07,0.0,40.0,1.25,22.0,266.0,216.0,2.32,,2.0,,0.0,0.0,,,,,,,,,,,,,,,,,,,,,,,,,,,,,,"Pavo, fiambre",pavo fiambre turkey luncheon meat,Turkey luncheon meat,93,True,GRP-00629,OK,,f_origen original: BEDCA2,2026-09-20T03:50:39.818564+00:00,2026-09-20T03:50:39.818564+00:00
BEDCA-2287,"Pavo, fiambre, bajo en grasa","Pavo, fiambre, bajo en grasa","Pavo, fiambre, bajo en grasa","Turkey luncheon meat, low fat",pavo fiambre bajo en grasa,,A0714 A0726 A0797 A1015 A1264 A1288 B1236 C0103 E0151 F0014 G0020 H0148 H0157 H0487 H0609 H0669 H0691 J0131 K0004 M0137 N0036 P0024 R0001 Z0112 Z0181,BEDCA,2287,ES,es,generic,,,,,1.0,100g,100.12,418.9,False,19.3,3.6,,,0.8,0.234,0.239,0.143,,,,0.0,1180.0,2.95,True,40.0,77.5,0.0,15.0,1.11,28.0,276.0,262.0,1.0,,2.0,,0.0,0.0,,,,,,,,,,,,,,,,,,,,,,,,,,,,,,"Pavo, fiambre, bajo en grasa",pavo fiambre bajo en grasa turkey luncheon meat low fat,"Turkey luncheon meat, low fat",93,True,GRP-00628,OK,,f_origen original: BEDCA2,2026-09-20T03:50:39.818564+00:00,2026-09-20T03:50:39.818564+00:00
BEDCA-2288,"Pavo, pechuga, con piel, crudo","Pavo, pechuga, con piel, crudo","Pavo, pechuga, con piel, crudo","turkey, breast, with skin, raw",pavo pechuga con piel crudo,meleagris gallopavo,A0273 A0459 A0633 A0715 A0726 A0741 A0795 B1236 C0267 E0150 F0003 G0003 H0003 J0003 K0003 M0001 N0001 P0024 R0212 R0497 Z0003 Z0112 Z0158,BEDCA,2288,ES,es,generic,,,crudo,,1.0,100g,106.76,446.67,False,24.12,,,,0.99,0.358,0.223,0.235,,,,0.0,46.0,0.115,True,45.0,74.9,0.0,8.0,1.0,20.0,210.0,333.0,1.8,,2.0,22.4,2.0,0.0,,0.0,0.46,0.52,7.0,0.047,0.081,11.567,,,,,,,,,,,,,,,,,,,,,,"Pavo, pechuga, con piel, crudo",pavo pechuga con piel crudo turkey breast with skin raw,"turkey, breast, with skin, raw",87,True,GRP-00631,OK,,f_origen original: BEDCA2,2026-09-20T03:50:39.818564+00:00,2026-09-20T03:50:39.818564+00:00
BEDCA-2289,"Perdiz, cruda","Perdiz, cruda","Perdiz, cruda","Partridge, raw",perdiz cruda,,A0459 A0715 A0726 A0795 A1020 A1258 A1275 B1382 C0173 E0150 F0003 G0003 H0003 J0003 K0003 M0001 N0001 P0024 R0212 Z0215,BEDCA,2289,ES,es,generic,,,crudo,,1.0,100g,111.41,466.13,False,22.37,0.0,,,2.32,0.77,0.595,0.55,,,,0.0,47.0,0.1175,True,76.0,75.3,0.0,15.0,4.0,31.0,179.0,281.0,0.1,,2.0,16.6,73.0,6.1,0.0,0.01,0.67,0.43,8.0,0.135,0.175,11.95,,,,,,,,,,,,,,,,,,,,,,"Perdiz, cruda",perdiz cruda partridge raw,"Partridge, raw",93,True,GRP-00640,OK,,f_origen original: BEDCA2,2026-09-20T03:50:39.818564+00:00,2026-09-20T03:50:39.818564+00:00
BEDCA-2290,"Pollo empanado, frito","Pollo empanado, frito","Pollo empanado, frito","Breaded chicken, fried",pollo empanado frito,,A0714 A0726 A0793 A1015 A1258 A1275 B1457 C0127 E0001 F0003 G0001 H0001 J0003 M0001 N0001 P0024 R0212 Z0109 Z0154,BEDCA,2290,ES,es,generic,,,frito,,1.0,100g,226.79,948.91,False,17.57,5.34,,,15.12,2.88,7.7,2.3,,,,0.26,23.65,0.0591,True,84.68,61.71,0.0,23.47,1.39,19.33,23.28,20.0,1.22,,3.0,0.0,17.28,0.0,0.13,0.85,0.28,8.41,8.14,0.09,0.12,6.69,,,,,,,,,,,,,,,,,,,,,,"Pollo empanado, frito",pollo empanado frito breaded chicken fried,"Breaded chicken, fried",93,True,GRP-00674,OK,,f_origen original: BEDCA2,2026-09-20T03:50:39.818564+00:00,2026-09-20T03:50:39.818564+00:00
BEDCA-2291,"Pollo, ala, con piel, cruda","Pollo, ala, con piel, cruda","Pollo, ala, con piel, cruda","Chicken, wing, with skin, raw",pollo ala con piel cruda,Gallus gallus,A0273 A0459 A0633 A0715 A0726 A0741 A0795 B1457 C0267 E0150 F0003 G0003 H0003 J0003 K0003 M0001 N0001 P0024 R0212 R0497 Z0112 Z0157,BEDCA,2291,ES,es,generic,,,crudo,,1.0,100g,215.7,902.5,False,18.33,0.0,,,15.97,4.36,6.28,3.26,,,,0.0,73.0,0.1825,True,77.0,65.7,0.0,12.0,0.95,18.0,132.0,156.0,1.33,,6.9,15.5,44.0,0.7,0.1,0.3,0.35,0.32,4.0,0.048,0.088,9.176,,,,,,,,,,,,,,,,,,,,,,"Pollo, ala, con piel, cruda",pollo ala con piel cruda chicken wing with skin raw,"Chicken, wing, with skin, raw",93,True,GRP-00673,OK,,f_origen original: BEDCA2,2026-09-20T03:50:39.818564+00:00,2026-09-20T03:50:39.818564+00:00
BEDCA-2292,"Pollo, entero, con piel, crudo","Pollo, entero, con piel, crudo","Pollo, entero, con piel, crudo","chicken, whole, with skin, raw",pollo entero con piel crudo,gallus gallus,A0273 A0459 A0633 A0715 A0726 A0741 A0795 B1457 C0267 E0150 F0003 G0003 H0003 J0003 K0003 M0001 N0001 P0024 R0212 R0497 Z0112,BEDCA,2292,ES,es,generic,,,crudo,,1.0,100g,166.52,696.7,False,20.85,0.0,,0.0,9.25,2.66,2.63,4.37,0.077,0.308,1.983,0.0,63.0,0.1575,True,110.0,70.3,0.0,0.0,0.74,25.0,248.0,220.0,0.8,,1.1,16.6,24.0,,,,0.53,0.34,4.0,0.063,0.1,9.9,,,0.009,0.099,2.448,0.648,3.932,1.94,0.3,0.043,0.004,0.004,,,,,,,,,,"Pollo, entero, con piel, crudo",pollo entero con piel crudo chicken whole with skin raw,"chicken, whole, with skin, raw",93,True,GRP-00676,OK,,f_origen original: BEDCA2,2026-09-20T03:50:39.818564+00:00,2026-09-20T03:50:39.818564+00:00
BEDCA-2293,"Pollo, fiambre","Pollo, fiambre","Pollo, fiambre",Chicken luncheon meat,pollo fiambre,,A0714 A0726 A0797 A1015 A1264 A1275 B1457 C0103 E0151 F0014 G0020 H0157 H0254 H0487 H0609 H0669 H0691 J0131 K0027 M0128 N0036 P0024 R0001 Z0112 Z0183,BEDCA,2293,ES,es,generic,,,,,1.0,100g,139.52,583.75,False,19.85,2.3,,,5.6,1.452,2.336,0.973,,,,0.0,1196.0,2.99,True,59.0,71.5,0.0,17.0,1.58,24.0,248.0,302.0,1.13,,6.3,,0.0,0.0,,,,,,,,,,,,,,,,,,,,,,,,,,,,,,"Pollo, fiambre",pollo fiambre chicken luncheon meat,Chicken luncheon meat,93,True,GRP-00678,OK,,f_origen original: BEDCA2,2026-09-20T03:50:39.818564+00:00,2026-09-20T03:50:39.818564+00:00
BEDCA-2294,"Pollo, fiambre, bajo en grasa","Pollo, fiambre, bajo en grasa","Pollo, fiambre, bajo en grasa","Chicken luncheon meat, low fat",pollo fiambre bajo en grasa,,A0714 A0726 A0797 A1015 A1264 A1275 B1457 C0103 E0151 F0014 G0020 H0157 H0254 H0487 H0609 H0669 H0691 J0131 K0027 M0128 N0036 P0024 R0001 Z0112 Z0181,BEDCA,2294,ES,es,generic,,,,,1.0,100g,86.57,362.2,False,18.3,1.7,,,0.6,0.17,0.16,0.06,,,,0.0,1242.0,3.105,True,44.0,75.8,0.0,12.0,1.33,36.0,256.0,316.0,0.6,,6.3,,0.0,0.0,,,,,,,,,,,,,,,,,,,,,,,,,,,,,,"Pollo, fiambre, bajo en grasa",pollo fiambre bajo en grasa chicken luncheon meat low fat,"Chicken luncheon meat, low fat",93,True,GRP-00677,OK,,f_origen original: BEDCA2,2026-09-20T03:50:39.818564+00:00,2026-09-20T03:50:39.818564+00:00
BEDCA-2295,"Pollo, frito","Pollo, frito","Pollo, frito","Chicken, fried",pollo frito,,A0714 A0726 A0793 A1015 A1258 A1275 B1457 C0127 E0001 F0014 G0029 H0001 J0003 M0001 N0001 P0024 R0212 Z0109,BEDCA,2295,ES,es,generic,,,frito,,1.0,100g,201.6,843.51,False,17.08,0.74,,,14.61,2.67,8.49,1.64,,,,0.02,10.42,0.0261,True,93.11,67.55,0.0,10.97,2.25,18.6,36.58,31.89,1.09,,5.53,0.0,43.3,3.88,0.0,0.72,0.35,8.13,13.08,0.1,0.51,7.26,,,,,,,,,,,,,,,,,,,,,,"Pollo, frito",pollo frito chicken fried,"Chicken, fried",93,True,GRP-00679,OK,,f_origen original: BEDCA2,2026-09-20T03:50:39.818564+00:00,2026-09-20T03:50:39.818564+00:00
BEDCA-2296,"Pollo, parte sin especificar","Pollo, parte sin especificar","Pollo, parte sin especificar","Chiken, part not specified",pollo parte sin especificar,,A0714 A0726 A0793 A1015 A1258 A1275 B1457 C0127 E0001 F0003 G0001 H0003 J0003 M0001 N0001 P0024 R0212 Z0154,BEDCA,2296,ES,es,generic,,,,,1.0,100g,165.75,693.5,False,19.9,0.0,,,9.6,2.609,3.146,2.3695,0.077,0.308,1.983,0.0,83.0,0.2075,True,99.0,70.5,0.0,13.0,0.73,19.0,165.0,262.0,0.996,,6.9,10.0,39.0,2.5,0.1,0.66,0.5,0.4,12.0,0.083,0.16,11.7,,,0.009,0.099,2.448,0.648,3.932,1.94,0.3,0.043,0.004,0.004,,,,,,,,,,"Pollo, parte sin especificar",pollo parte sin especificar chiken part not specified,"Chiken, part not specified",93,True,GRP-00682,OK,,f_origen original: BEDCA2,2026-09-20T03:50:39.818564+00:00,2026-09-20T03:50:39.818564+00:00
BEDCA-2297,"Pollo, pechuga, plancha","Pollo, pechuga, plancha","Pollo, pechuga, plancha","Chiken, breast, grilled",pollo pechuga plancha,,A0714 A0726 A0793 A1015 A1258 A1275 B1457 C0103 E0122 F0014 G0006 H0001 J0003 K0032 M0172 N0036 P0024 R0212 Z0154,BEDCA,2297,ES,es,generic,,,a_la_plancha,,1.0,100g,145.03,606.8,False,22.2,0.0,,,6.2,1.907,1.916,1.515,,,,0.0,52.8,0.132,True,62.0,71.6,0.0,13.3,0.99,15.75,169.6,211.2,0.8,,6.9,6.5,,3.68,,0.25,0.4256,,5.4,0.049,0.081,9.64,,,,,,,,,,,,,,,,,,,,,,"Pollo, pechuga, plancha",pollo pechuga plancha chiken breast grilled,"Chiken, breast, grilled",93,True,GRP-00684,OK,,f_origen original: BEDCA2,2026-09-20T03:50:39.818564+00:00,2026-09-20T03:50:39.818564+00:00
BEDCA-2298,"Pulmón, de cerdo, crudo","Pulmón, de cerdo, crudo","Pulmón, de cerdo, crudo","Pork lung, raw",pulmon de cerdo crudo,,A0150 A0459 A0633 A0716 A0726 A0739 A0796 B1136 C0187 E0150 F0003 G0001 H0003 J0001 K0003 M0001 N0001 P0024 R0212 R0497 Z0112,BEDCA,2298,ES,es,generic,,,crudo,,1.0,100g,81.26,340.0,False,14.08,0.0,,,2.72,0.96,0.61,0.35,,,,0.0,153.0,0.3825,True,320.0,83.2,0.0,7.0,18.9,14.0,196.0,303.0,2.03,,,17.8,0.0,12.3,3.0,,0.1,2.75,3.0,0.085,0.43,5.4117,,,,,,,,,,,,,,,,,,,,,,"Pulmón, de cerdo, crudo",pulmon de cerdo crudo pork lung raw,"Pork lung, raw",93,True,GRP-00689,OK,,f_origen original: BEDCA2,2026-09-20T03:50:39.818564+00:00,2026-09-20T03:50:39.818564+00:00
BEDCA-2299,"Pulmón, de cordero, crudo","Pulmón, de cordero, crudo","Pulmón, de cordero, crudo","Lamb lung, raw",pulmon de cordero crudo,,A0150 A0459 A0633 A0716 A0726 A0739 A0796 B1669 C0187 E0151 F0003 G0003 H0003 J0001 K0003 M0001 N0001 P0024 R0212 R0497 Z0112,BEDCA,2299,ES,es,generic,,,crudo,,1.0,100g,90.85,380.1,False,16.7,0.0,,,2.6,0.89,0.67,0.35,,,,0.0,157.0,0.3925,True,,80.7,0.0,10.0,6.4,14.0,219.0,238.0,1.8,,,17.7,27.0,31.0,12.0,,0.11,3.93,12.0,0.048,0.237,6.974,,,,,,,,,,,,,,,,,,,,,,"Pulmón, de cordero, crudo",pulmon de cordero crudo lamb lung raw,"Lamb lung, raw",93,True,GRP-00690,OK,,f_origen original: BEDCA2,2026-09-20T03:50:39.818564+00:00,2026-09-20T03:50:39.818564+00:00
BEDCA-2300,"Pulmón, de ternera, crudo","Pulmón, de ternera, crudo","Pulmón, de ternera, crudo","Veal lung, raw",pulmon de ternera crudo,,A0150 A0459 A0633 A0716 A0726 A0739 A0796 B1349 C0187 E0151 F0003 G0003 H0003 J0001 K0003 M0001 N0001 P0024 R0212 R0497 Z0112,BEDCA,2300,ES,es,generic,,,crudo,,1.0,100g,87.93,367.9,False,16.2,0.0,,,2.5,0.86,0.64,0.34,,,,0.0,198.0,0.495,True,242.0,81.3,0.0,10.0,7.95,14.0,224.0,340.0,1.61,,,44.3,14.0,38.5,11.0,,0.04,3.81,11.0,0.047,0.23,6.47,,,,,,,,,,,,,,,,,,,,,,"Pulmón, de ternera, crudo",pulmon de ternera crudo veal lung raw,"Veal lung, raw",93,True,GRP-00691,OK,,f_origen original: BEDCA2,2026-09-20T03:50:39.818564+00:00,2026-09-20T03:50:39.818564+00:00
BEDCA-2301,Rabo de toro,Rabo de toro,Rabo de toro,Oxtail,rabo de toro,,A0714 A0726 A0793 A1015 A1258 A1283 B1201 C0234 E0150 F0003 G0003 H0003 J0003 K0032 M0172 N0036 P0024 R0212 Z0154,BEDCA,2301,ES,es,generic,Meat and meat products,Animal offals and other slaughtering products (e),,,1.0,100g,199.38,834.2,False,18.6,0.0,,,14.0,6.3,6.6,0.49,,,,0.0,61.0,0.1525,True,70.0,67.4,0.0,8.1,1.9,18.0,139.0,264.0,3.6,,6.0,1.0,22.0,0.0,,0.19,0.23,1.0,8.0,0.038,0.064,7.0,,,,,,,,,,,,,,,,,,,,,,Rabo de toro,rabo de toro oxtail,Oxtail,93,True,GRP-00768,OK,,f_origen original: BEDCA2,2026-09-20T03:50:39.818564+00:00,2026-09-20T03:50:39.818564+00:00
BEDCA-2302,"Bacalao, crudo","Bacalao, crudo","Bacalao, crudo","Cod, raw",bacalao crudo,Gadus morhua,A0717 A0727 A0747 A0802 A1265 A1285 B1423 C0243 E0150 F0003 G0003 H0003 J0142 K0003 M0172 N0036 P0024 R0212 Z0153,BEDCA,2302,ES,es,generic,,,crudo,,0.86,100g,82.79,346.4,False,18.2,,,,1.0,0.17,0.17,0.33,,,,,68.0,0.17,True,61.0,79.9,0.0,13.0,0.1,24.0,180.0,340.0,0.4,,170.0,27.0,5.0,0.0,,0.47,0.2,1.0,12.0,0.05,0.05,2.4,,,,,,,,,,,,,,,,,,,,,,"Bacalao, crudo",bacalao crudo cod raw,"Cod, raw",82,True,GRP-00087,OK,,f_origen original: BEDCA2,2026-09-20T03:50:39.818564+00:00,2026-09-20T03:50:39.818564+00:00
BEDCA-2303,Salami,Salami,Salami,Salami,salami,,A0221 A0714 A0726 A0793 A1257 A1277 B1136 C0125 E0119 F0001 G0001 H0367 J0104 J0145 J0153 K0003 M0199 N0057 P0188 R0212 Z0094,BEDCA,2303,ES,es,generic,Meat and meat products,Sausages and other comminuted meat,,,1.0,100g,433.1,1812.1,False,17.8,1.3,,,40.2,14.86,19.09,4.0,,,,0.1,1962.0,4.905,True,80.0,28.4,0.0,17.0,2.2,12.0,208.0,240.0,1.7,,1.7,6.9,1.7,0.0,0.7,0.11,0.3,1.5,3.0,0.29,0.2,3.3,,,,,,,,,,,,,,,,,,,,,,Salami,salami,,93,True,GRP-00798,OK,,f_origen original: BEDCA2,2026-09-20T03:50:39.818564+00:00,2026-09-20T03:50:39.818564+00:00
BEDCA-2304,"Bacalao, frito","Bacalao, frito","Bacalao, frito","Codfish, fried",bacalao frito,,A0717 A0727 A0747 A0802 A1265 A1285 B1423 C0243 E0150 F0014 G0035 H0001 K0003 M0001 N0001 P0024 R0212 Z0109,BEDCA,2304,ES,es,generic,,,frito,,1.0,100g,75.14,314.39,False,16.97,0.0,,,0.7,0.1,0.1,0.3,,,,0.0,44.28,0.1107,True,46.0,82.1,0.0,15.2,0.28,21.85,161.5,296.0,0.37,,101.75,25.9,5.85,1.35,1.17,0.4,0.27,1.75,6.3,0.06,0.05,4.41,,,,,,,,,,,,,,,,,,,,,,"Bacalao, frito",bacalao frito codfish fried,"Codfish, fried",93,True,GRP-00089,OK,,f_origen original: BEDCA2,2026-09-20T03:50:39.818564+00:00,2026-09-20T03:50:39.818564+00:00
BEDCA-2305,"Salchicha, fresca","Salchicha, fresca","Salchicha, fresca","Sausage, fresh",salchicha fresca,,A0221 A0714 A0726 A0793 A1257 A1277 B1136 C0125 E0119 F0001 G0001 H0367 J0131 J0153 K0003 M0199 N0057 P0188 R0212 Z0094,BEDCA,2305,ES,es,generic,,,crudo,,1.0,100g,305.46,1278.04,False,13.12,0.9,,,28.1,10.545,12.3,2.602,0.118,,1.529,0.0,1060.0,2.65,True,67.0,55.41,0.0,34.54,1.44,9.42,150.0,210.0,2.62,,1.77,11.5,0.0,0.0,0.0,0.0,0.16,1.51,3.4,0.18,0.16,4.56,,,0.012,0.164,2.892,1.542,4.021,1.485,1.107,0.044,,0.005,,,,,,,,,,"Salchicha, fresca",salchicha fresca sausage fresh,"Sausage, fresh",93,True,GRP-00800,OK,,f_origen original: BEDCA2,2026-09-20T03:50:39.818564+00:00,2026-09-20T03:50:39.818564+00:00
BEDCA-2306,Berberechos,Berberechos,Berberechos,Cockles,berberechos,Cerastoderma edule,A0717 A0727 A0803 A1152 A1265 A1285 B1317 C0173 E0150 F0003 G0003 H0003 J0142 K0004 M0128 M0166 M0173 M0213 N0036 N0039 N0046 P0024 R0001 Z0215,BEDCA,2306,ES,es,generic,"Fish, seafood, amphibians, reptiles and invertebrates",Molluscs,,,0.8,100g,47.9,200.4,False,10.7,0.0,,0.0,0.5,0.05,0.03,0.13,,,,0.0,56.0,0.14,True,40.0,88.8,0.0,128.0,24.0,51.0,130.0,314.0,1.3,,160.0,24.3,250.0,,,0.4,0.1,,17.0,0.04,0.14,4.1,,,,,,,,,,,,,,,,,,,,,,Berberechos,berberechos cockles,Cockles,93,True,GRP-00112,OK,,f_origen original: BEDCA2,2026-09-20T03:50:39.818564+00:00,2026-09-20T03:50:39.818564+00:00
BEDCA-2307,Berberechos en conserva,Berberechos en conserva,Berberechos en conserva,"Cockles, canned ",berberechos en conserva,,A0717 A0727 A0801 A1148 A1265 A1285 B1317 C0125 E0150 F0014 G0013 H0148 H0367 J0123 K0017 M0175 M0182 N0042 P0024 R0001 Z0112,BEDCA,2307,ES,es,generic,,,en_conserva,,1.0,100g,47.9,200.4,False,10.7,,,0.0,0.5,0.05,0.03,0.13,,,,0.0,3520.0,8.8,True,40.0,88.8,0.0,128.0,24.0,51.0,204.0,43.0,1.3,,160.0,45.0,250.0,,,0.37,0.03,,12.8,0.04,0.14,4.1,,,,,,,,,,,,,,,,,,,,,,Berberechos en conserva,berberechos en conserva cockles canned,"Cockles, canned ",87,True,GRP-00111,OK,,f_origen original: BEDCA2,2026-09-20T03:50:39.818564+00:00,2026-09-20T03:50:39.818564+00:00
BEDCA-2308,Salchicha de pollo fresca,Salchicha de pollo fresca,Salchicha de pollo fresca,Fresh chicken sausage,salchicha de pollo fresca,,A0667 A0714 A0726 A0797 A1018 A1275 B1457 C0218 E0152 F0003 G0001 H0003 J0131 K0004 M0186 N0036 P0024 R0001,BEDCA,2308,ES,es,generic,,,crudo,,1.0,100g,305.46,1278.04,False,13.12,0.9,,,28.1,10.545,13.0,2.602,0.118,,,0.0,1060.0,2.65,True,67.0,55.41,0.0,34.54,1.44,9.42,150.0,210.0,2.62,,1.77,11.5,0.0,0.0,0.0,0.0,0.16,1.51,3.4,0.18,0.16,4.56,,,0.012,0.164,2.892,1.542,4.021,,1.107,0.044,,0.005,,,,,,,,,,Salchicha de pollo fresca,salchicha de pollo fresca fresh chicken sausage,Fresh chicken sausage,93,True,GRP-00799,OK,,f_origen original: BEDCA2,2026-09-20T03:50:39.818564+00:00,2026-09-20T03:50:39.818564+00:00
BEDCA-2309,"Salchicha, tipo ""frankfurt""","Salchicha, tipo ""frankfurt""","Salchicha, tipo ""frankfurt""",Frankfurt sausage,salchicha tipo frankfurt,,A0714 A0726 A0798 A1015 A1258 A1277 B1136 C0268 E0119 F0014 G0001 H0172 J0106 J0120 J0174 K0027 M0172 N0036 P0024 Z0112,BEDCA,2309,ES,es,generic,,,,,1.0,100g,286.81,1200.0,False,12.7,1.3,,,26.0,9.33,12.02,2.96,0.2997,,3.845,0.1,900.0,2.25,True,65.0,56.4,0.0,20.0,1.0,11.0,173.0,170.0,1.4,,6.9,8.3,15.0,0.0,0.2,0.15,0.1,0.5,3.0,0.3,0.2,2.4,,,0.027,0.381,5.999,3.024,8.375,3.788,0.275,0.057,,,,,,,,,,,,"Salchicha, tipo ""frankfurt""",salchicha tipo frankfurt sausage,Frankfurt sausage,93,True,GRP-00801,OK,,f_origen original: BEDCA2,2026-09-20T03:50:39.818564+00:00,2026-09-20T03:50:39.818564+00:00
BEDCA-2310,Salchichón,Salchichón,Salchichón,Salchichon,salchichon,,A0667 A0714 A0726 A0798 A1019 A1280 B1136 C0127 E0151 F0003 G0003 H0229 H0262 H0367 J0172 K0004 M0173 M0391 N0036 N0039 P0024 R0001,BEDCA,2310,ES,es,generic,Meat and meat products,Sausages and other comminuted meat,,,0.97,100g,419.81,1756.5,False,25.8,2.0,,1.9,34.7,12.3,15.93,5.83,,,,0.0,1060.0,2.65,True,72.0,38.0,0.0,15.0,2.4,10.0,260.0,207.0,1.7,,14.7,26.1,,0.0,,0.28,0.15,1.0,3.0,0.2,0.21,10.0,,,,0.44,7.447,1.414,12.72,3.713,0.25,,,,,,,,,,,,,Salchichón,salchichon,Salchichon,93,True,GRP-00804,OK,,f_origen original: BEDCA2,2026-09-20T03:50:39.818564+00:00,2026-09-20T03:50:39.818564+00:00
BEDCA-2311,Sobrasada,Sobrasada,Sobrasada,Sobrasada,sobrasada,,A0221 A0714 A0726 A0793 A1257 A1277 B1136 C0125 E0119 F0001 G0001 H0367 J0145 J0153 K0003 M0211 N0001 P0188 R0212 Z0112 Z0154,BEDCA,2311,ES,es,generic,Meat and meat products,Sausages and other comminuted meat,,,1.0,100g,595.39,2491.1,False,12.9,0.0,,,61.4,20.7,28.91,8.91,,,,0.0,1264.0,3.16,True,72.0,24.0,0.0,15.0,1.9,25.0,310.0,259.0,1.5,,11.0,21.1,363.0,0.0,,0.57,0.2,0.9,2.0,0.6,0.27,2.68,,,,,,,,,,,,,,,,,,,,,,Sobrasada,sobrasada,,93,True,GRP-00844,OK,,f_origen original: BEDCA2,2026-09-20T03:50:39.818564+00:00,2026-09-20T03:50:39.818564+00:00
BEDCA-2312,Besugo,Besugo,Besugo,Sea bream,besugo,Pagellus bogaraveo,A0717 A0727 A0802 A1144 A1265 A1285 B2388 C0275 E0150 F0003 G0003 H0003 J0142 K0003 M0166 M0173 N0036 N0039 P0024 R0001 Z0215,BEDCA,2312,ES,es,generic,"Fish, seafood, amphibians, reptiles and invertebrates",Fish,,,0.55,100g,89.54,374.64,False,18.12,0.0,,,1.8,0.4,0.6,0.301,,0.255,0.022,0.0,20.0,0.05,True,56.5,80.1,0.0,40.72,0.8,25.21,210.0,310.0,0.44,,7.07,45.0,9.0,0.0,0.19,1.48,0.05,2.91,10.41,0.06,0.06,2.89,,,,,,,,0.001,0.001,0.021,0.073,0.181,,,,,,,,,,Besugo,besugo sea bream,Sea bream,93,True,GRP-00116,OK,,f_origen original: BEDCA2,2026-09-20T03:50:39.818564+00:00,2026-09-20T03:50:39.818564+00:00
BEDCA-2313,Bogavante,Bogavante,Bogavante,Clawed lobster,bogavante,Homarus gammarus,A0717 A0727 A0802 A1152 A1265 A1285 B1505 C0173 E0150 F0003 G0003 H0003 J0003 K0003 M0003 N0003 P0188 R0001,BEDCA,2313,ES,es,generic,"Fish, seafood, amphibians, reptiles and invertebrates",Crustaceans,,,0.38,100g,92.04,385.1,False,18.3,0.0,,0.0,2.0,0.24,0.38,0.74,,,,0.0,270.0,0.675,True,150.0,79.7,0.0,60.0,0.7,34.0,261.0,220.0,2.3,,37.0,63.6,,,,0.4,0.06,1.0,17.0,0.12,0.11,5.3,,,,,,,,,,,,,,,,,,,,,,Bogavante,bogavante clawed lobster,Clawed lobster,93,True,GRP-00121,OK,,f_origen original: BEDCA2,2026-09-20T03:50:39.818564+00:00,2026-09-20T03:50:39.818564+00:00
BEDCA-2314,Bonito en aceite vegetal,Bonito en aceite vegetal,Bonito en aceite vegetal,Albacore in vegetable oil,bonito en aceite vegetal,,A0717 A0727 A0747 A0802 A1265 A1285 B1264 C0243 E0107 F0014 G0013 H0001 J0110 K0003 M0182 N0042 R0212 Z0058 Z0112 Z0153,BEDCA,2314,ES,es,generic,,,en_conserva,,1.0,100g,198.7,831.38,False,23.875,0.0,,,11.5,1.8,3.1,5.4,,,,0.0,396.0,0.99,True,46.7,64.7,0.0,28.5,1.0,29.0,,333.0,1.1,,37.0,60.1,,,23.8,7.2,0.42,5.0,15.5,0.05,0.11,13.5,,,,,,,,,,,,,,,,,,,,,,Bonito en aceite vegetal,bonito en aceite vegetal albacore in vegetable oil,Albacore in vegetable oil,93,True,GRP-00127,OK,,f_origen original: BEDCA2,2026-09-20T03:50:39.818564+00:00,2026-09-20T03:50:39.818564+00:00
BEDCA-2315,"Ternera, parte sin especificar, cruda, con grasa separable","Ternera, parte sin especificar, cruda, con grasa separable","Ternera, parte sin especificar, cruda, con grasa separable","Veal, not specified part, raw, with separable fat",ternera parte sin especificar cruda con grasa separable,,A0150 A0459 A0633 A0714 A0726 A0737 A0794 B1349 C0269 E0150 F0003 G0003 H0001 J0001 K0003 M0001 N0001 P0024 R0212 R0497 Z0018 Z0112,BEDCA,2315,ES,es,generic,,,crudo,,1.0,100g,253.56,1060.9,False,16.7,0.0,,0.0,21.0,8.51,9.33,1.25,0.186,0.045,0.105,0.0,61.0,0.1525,True,65.0,62.3,0.0,7.0,1.9,17.0,200.0,350.0,3.3,,3.0,3.0,,0.0,,0.19,0.25,1.0,10.0,0.05,0.2,7.2,,,0.0018,0.07,0.66,0.35,0.9,0.08,0.02,0.025,0.007,0.018,,,,,,,,,,"Ternera, parte sin especificar, cruda, con grasa separable",ternera parte sin especificar cruda con grasa separable veal not specified part raw with fat,"Veal, not specified part, raw, with separable fat",93,True,GRP-00864,OK,,f_origen original: BEDCA2,2026-09-20T03:50:39.818564+00:00,2026-09-20T03:50:39.818564+00:00
BEDCA-2316,Boquerón,Boquerón,Boquerón,Anchovy,boqueron,Engraulis encrasicolus,A0717 A0727 A0802 A1144 A1265 A1285 B1554 C0173 E0150 F0003 G0003 H0003 J0142 K0003 M0003 N0003 P0024 R0001,BEDCA,2316,ES,es,generic,,,,,0.7,100g,127.22,532.3,False,17.6,0.0,,0.0,6.3,1.65,1.33,2.18,,,,0.0,116.0,0.29,True,69.0,76.1,0.0,30.0,1.0,29.0,182.0,331.0,0.5,,45.0,36.5,47.0,,8.0,0.02,1.1,1.9,8.7,0.06,0.3,8.3,,,,,,,,,,,,,,,,,,,,,,Boquerón,boqueron anchovy,Anchovy,93,True,GRP-00130,OK,,f_origen original: BEDCA2,2026-09-20T03:50:39.818564+00:00,2026-09-20T03:50:39.818564+00:00
BEDCA-2317,Tocino,Tocino,Tocino,Bacon,tocino,,A0714 A0726 A0738 A0797 A1022 A1280 B1105 C0193 E0104 F0003 G0003 H0367 J0131 K0004 M0128 M0137 M0173 N0036 N0039 P0024 R0001 Z0215,BEDCA,2317,ES,es,generic,Meat and meat products,Processed whole meat products,,,1.0,100g,662.0,2769.8,False,8.4,0.0,,0.0,71.0,29.38,29.86,10.86,,,,0.0,560.0,1.4,True,57.0,20.6,0.0,6.0,0.7,5.0,177.0,75.0,0.4,,11.0,1.0,,0.0,,0.03,0.37,,,0.1,0.02,1.3,,,,,,,,,,,,,,,,,,,,,,Tocino,tocino bacon,Bacon,93,True,GRP-00867,OK,,f_origen original: BEDCA2,2026-09-20T03:50:39.818564+00:00,2026-09-20T03:50:39.818564+00:00
BEDCA-2318,"Boquerón, frito","Boquerón, frito","Boquerón, frito","Anchovy, fried",boqueron frito,,A0717 A0727 A0747 A0802 A1265 A1285 B1854 C0173 E0150 F0014 G0035 H0001 J0003 K0003 M0001 N0001 P0024 R0212 Z0109 Z0153,BEDCA,2318,ES,es,generic,,,frito,,1.0,100g,136.72,572.03,False,20.09,0.5,,,6.0,2.3,0.81,2.3,,,,0.0,104.0,0.26,True,69.0,72.9,0.0,26.79,0.93,26.6,182.0,331.0,0.43,,18.5,0.0,28.71,0.0,6.3,0.02,0.01,1.66,4.57,0.05,0.21,6.84,,,,,,,,,,,,,,,,,,,,,,"Boquerón, frito",boqueron frito anchovy fried,"Anchovy, fried",93,True,GRP-00129,OK,,f_origen original: BEDCA2,2026-09-20T03:50:39.818564+00:00,2026-09-20T03:50:39.818564+00:00
BEDCA-2319,"Caballa, cruda","Caballa, cruda","Caballa, cruda","Mackarel, raw",caballa cruda,Scomber scombrus,A0717 A0727 A0747 A0802 A1265 A1285 B1043 C0243 E0150 F0003 G0003 H0003 J0142 K0003 M0001 N0001 R0212 Z0058 Z0153,BEDCA,2319,ES,es,generic,,,crudo,,1.0,100g,181.13,757.86,False,18.68,0.0,,,11.9,3.449,2.363,2.47,,1.1,0.137,0.0,84.0,0.21,True,76.0,69.4,0.0,12.0,1.2,30.0,244.0,386.0,0.519,,51.0,39.0,45.0,0.0,4.0,1.3,0.63,9.0,1.2,0.13,0.36,12.47,,,,0.102,0.616,0.355,0.705,0.07,0.037,0.067,0.267,0.796,,,,,,,,,,"Caballa, cruda",caballa cruda mackarel raw,"Mackarel, raw",93,True,GRP-00137,OK,,f_origen original: BEDCA2,2026-09-20T03:50:39.818564+00:00,2026-09-20T03:50:39.818564+00:00
BEDCA-2320,"Calamar, asado","Calamar, asado","Calamar, asado","Squid, roasted",calamar asado,,A0717 A0727 A0802 A1124 A1265 A1285 B1205 C0173 E0150 F0014 G0029 H0001 J0003 K0003 M0003 N0003 P0024 Z0153,BEDCA,2320,ES,es,generic,,,asado,,1.0,100g,80.89,338.46,False,16.58,0.5,,,1.3,0.31,0.09,0.43,,,,,247.6,0.619,True,222.0,81.2,0.0,17.64,1.57,32.3,209.95,83.25,1.53,,,44.8,63.0,,,2.16,0.05,1.14,,0.06,0.11,3.24,,,,,,,,,,,,,,,,,,,,,,"Calamar, asado",calamar asado squid roasted,"Squid, roasted",87,True,GRP-00161,OK,,f_origen original: BEDCA2,2026-09-20T03:50:39.818564+00:00,2026-09-20T03:50:39.818564+00:00
BEDCA-2321,Camarón,Camarón,Camarón,Shrimp or common prawn,camaron,Palaemon serratus,A0460 A0717 A0803 A1152 A1265 A1285 B2320 C0173 E0150 F0003 G0003 H0003 J0001 K0003 M0001 N0001 P0024 R0212 Z0153,BEDCA,2321,ES,es,generic,"Fish, seafood, amphibians, reptiles and invertebrates",Crustaceans,,,0.4,100g,82.91,346.9,False,17.6,1.5,,,0.6,0.1,0.2,0.1,,0.35,0.003,0.0,190.0,0.475,True,195.0,80.3,0.0,79.0,1.6,34.0,180.0,330.0,1.5,,90.0,24.3,,0.0,,2.85,0.05,7.0,12.0,0.04,0.1,3.2,,,,,,,,0.002,0.004,0.001,0.161,0.185,,,,,,,,,,Camarón,camaron shrimp or common prawn,Shrimp or common prawn,93,True,GRP-00167,OK,,f_origen original: BEDCA2,2026-09-20T03:50:39.818564+00:00,2026-09-20T03:50:39.818564+00:00
BEDCA-2322,Longaniza,Longaniza,Longaniza,Sausage,longaniza,,A0714 A0726 A0798 A1015 A1258 A1277 B1136 C0268 E0119 F0001 G0001 J0001 K0003 M0172 M0212 N0036 N0056 P0024 R0212 Z0094 Z0112,BEDCA,2322,ES,es,generic,,,,,1.0,100g,344.77,1442.5,False,25.0,0.0,,,27.5,11.25,12.03,4.65,,,,0.0,70.0,0.175,True,88.5,47.5,0.0,20.0,1.6,200.0,160.0,200.0,1.2,,10.9,21.1,,0.0,,0.29,0.14,0.9,0.9,0.2,0.15,0.25,,,,,,,,,,,,,,,,,,,,,,Longaniza,longaniza sausage,Sausage,93,True,GRP-00480,OK,,f_origen original: BEDCA2,2026-09-20T03:50:39.818564+00:00,2026-09-20T03:50:39.818564+00:00
BEDCA-2323,Calamares en aceite vegetal,Calamares en aceite vegetal,Calamares en aceite vegetal,Squid in vegetable oil,calamares en aceite vegetal,,A0717 A0727 A0801 A1133 A1265 A1285 B1205 C0173 E0152 F0014 G0013 H0347 H0367 J0123 K0021 M0175 M0182 N0042 P0024 R0001 Z0112,BEDCA,2323,ES,es,generic,,,en_conserva,,0.01,100g,215.89,903.3,False,22.5,0.6,,,13.8,2.3,5.9,3.3,,,,0.0,382.0,0.955,True,66.9,63.1,0.0,17.2,1.01,28.9,272.0,278.0,0.51,,5.57,39.0,125.0,0.09,2.9,1.5,0.06,9.8,1.0,0.12,0.15,17.1,,,,,,,,,,,,,,,,,,,,,,Calamares en aceite vegetal,calamares en aceite vegetal squid in vegetable oil,Squid in vegetable oil,93,True,GRP-00164,OK,,f_origen original: BEDCA2,2026-09-20T03:50:39.818564+00:00,2026-09-20T03:50:39.818564+00:00
BEDCA-2324,Cangrejo,Cangrejo,Cangrejo,Crab,cangrejo,Carcinus maenas,A0717 A0727 A0802 A1152 A1265 A1285 B1335 C0173 E0150 F0003 G0003 H0003 J0142 K0001 M0003 N0003 P0188 R0001,BEDCA,2324,ES,es,generic,"Fish, seafood, amphibians, reptiles and invertebrates",Crustaceans,,,0.44,100g,124.0,518.82,False,19.5,,,,5.1,0.69,1.13,2.18,,,,0.0,370.0,0.925,True,100.0,75.4,0.0,30.0,1.3,48.0,160.0,270.0,3.8,,40.0,37.4,,0.0,,2.3,0.3,,20.0,0.1,0.15,6.3,,,,,,,,,,,,,,,,,,,,,,Cangrejo,cangrejo crab,Crab,87,True,GRP-00172,OK,,f_origen original: BEDCA2,2026-09-20T03:50:39.818564+00:00,2026-09-20T03:50:39.818564+00:00
BEDCA-2325,Cangrejo de río crudo,Cangrejo de río crudo,Cangrejo de río crudo,Crayfish raw,cangrejo de rio crudo,Austropotamobius pallipes,A0717 A0727 A0801 A1152 A1265 A1285 B2686 C0275 E0150 F0003 G0003 H0003 J0131 K0001 M0001 N0001 P0024 R0001,BEDCA,2325,ES,es,generic,,,crudo,,0.23,100g,124.33,520.2,False,19.5,0.0,,0.0,5.1,0.77,1.26,2.42,,,,0.0,370.0,0.925,True,100.0,75.4,0.0,30.0,1.3,48.0,176.0,270.0,3.8,,40.0,3.0,,,,2.3,0.35,,20.0,0.1,0.15,6.3,,,,,,,,,,,,,,,,,,,,,,Cangrejo de río crudo,cangrejo de rio crudo crayfish raw,Crayfish raw,93,True,GRP-00170,OK,,f_origen original: BEDCA2,2026-09-20T03:50:39.818564+00:00,2026-09-20T03:50:39.818564+00:00
BEDCA-2326,Caracol,Caracol,Caracol,Snail,caracol,Helix pomatia,A1129 A1263 B2114 C0173 E0150 F0003 G0003 H0003 J0003 K0003 M0001 N0001 P0024 P0188 R0212 Z0153,BEDCA,2326,ES,es,generic,"Fish, seafood, amphibians, reptiles and invertebrates","Amphibians, reptiles, snails, insects",,,1.0,100g,85.92,359.5,False,16.1,2.0,,,1.4,0.361,0.259,0.252,,,,0.0,70.0,0.175,True,50.0,79.2,0.0,10.0,3.5,250.0,272.0,382.0,1.0,,,27.4,30.0,,,5.0,0.13,0.5,6.0,0.01,0.12,1.4,,,,,,,,,,,,,,,,,,,,,,Caracol,caracol snail,Snail,93,True,GRP-00175,OK,,f_origen original: BEDCA2,2026-09-20T03:50:39.818564+00:00,2026-09-20T03:50:39.818564+00:00
BEDCA-2327,"Cardo, tallo, en conserva","Cardo, tallo, en conserva","Cardo, tallo, en conserva","Cardoon, stalk, canned",cardo tallo en conserva,Cynara cardunculus,A0152 A0455 A0629 A0682 A0705 A0731 A0826 B1727 C0101 E0152 F0014 G0014 H0148 H0158 H0367 H0430 J0123 K0017 M0194 N0040 P0024 R0212 R0497 Z0112 Z0205,BEDCA,2327,ES,es,generic,,,en_conserva,,1.0,100g,13.81,57.79,False,0.76,2.4,,,0.11,0.012,0.02,0.044,,,,1.7,176.0,0.44,True,0.0,95.0,0.0,72.0,0.73,43.0,23.0,392.0,0.18,,0.4,0.7,6.0,1.7,0.0,0.9,0.042,0.0,22.0,0.018,0.031,0.3,,,,,,,,,,,,,,,,,,,,,,"Cardo, tallo, en conserva",cardo tallo en conserva cardoon stalk canned,"Cardoon, stalk, canned",93,True,GRP-00177,OK,,f_origen original: BEDCA2,2026-09-20T03:50:39.818564+00:00,2026-09-20T03:50:39.818564+00:00
BEDCA-2328,"Centollo, crudo","Centollo, crudo","Centollo, crudo","Crab, raw",centollo crudo,Maja squinado,A0267 A0460 A0634 A0717 A0727 A0750 A0801 B2222 C0243 E0150 F0003 G0003 H0001 J0001 K0003 M0001 N0001 P0024 Z0062 Z0112,BEDCA,2328,ES,es,generic,,,crudo,,1.0,100g,127.65,534.1,False,20.1,0.0,,0.0,5.2,0.79,1.28,2.47,,,,0.0,370.0,0.925,True,100.0,74.7,0.0,29.0,1.3,48.0,312.0,270.0,5.5,,40.0,37.4,,,,2.3,0.35,,20.0,0.1,0.15,6.1,,,,,,,,,,,,,,,,,,,,,,"Centollo, crudo",centollo crudo crab raw,"Crab, raw",93,True,GRP-00201,OK,,f_origen original: BEDCA2,2026-09-20T03:50:39.818564+00:00,2026-09-20T03:50:39.818564+00:00
BEDCA-2329,Chipiron,Chipiron,Chipiron,Baby squid,chipiron,Loligo vulgaris,A0717 A0727 A0802 A1124 A1265 A1285 C0173 E0150 F0003 G0003 H0003 J0003 K0003 M0003 N0003 P0024 Z0153,BEDCA,2329,ES,es,generic,,,,,0.7,100g,81.25,339.95,False,16.25,0.7,,,1.4,0.408,0.1,0.5,,,,0.0,110.0,0.275,True,167.5,81.7,0.0,144.0,0.32,37.84,190.0,280.0,1.08,,64.0,44.8,77.03,0.0,,2.7,0.03,1.31,5.12,0.07,0.15,7.04,,,,,,,,,,,,,,,,,,,,,,Chipiron,chipiron baby squid,Baby squid,93,True,GRP-00239,OK,,f_origen original: BEDCA2,2026-09-20T03:50:39.818564+00:00,2026-09-20T03:50:39.818564+00:00
BEDCA-2330,Chirla,Chirla,Chirla,Baby clam,chirla,Chamelea striatula,A0717 A0727 A0803 A1152 A1265 A1285 B2590 C0173 E0150 F0003 G0003 H0003 J0142 K0004 M0128 M0166 M0173 M0213 N0036 N0039 N0046 P0024 R0001 Z0215,BEDCA,2330,ES,es,generic,,,,,0.56,100g,47.0,196.65,False,10.7,0.0,,0.0,0.5,0.05,0.03,0.13,,,,0.0,601.0,1.5025,True,40.0,88.8,0.0,128.0,24.0,51.0,130.0,43.0,1.3,,160.0,45.0,250.0,,,0.4,0.1,,17.0,0.04,0.14,4.1,,,,,,,,,,,,,,,,,,,,,,Chirla,chirla baby clam,Baby clam,93,True,GRP-00241,OK,,f_origen original: BEDCA2,2026-09-20T03:50:39.818564+00:00,2026-09-20T03:50:39.818564+00:00
BEDCA-2331,Cigala,Cigala,Cigala,Scampi,cigala,Nephrops norvegicus,A0717 A0727 A0801 A1152 A1265 A1285 B1998 C0173 E0150 F0003 G0003 H0003 J0142 K0003 M0003 N0003 P0188 R0001,BEDCA,2331,ES,es,generic,,,,,0.47,100g,86.33,361.2,False,17.7,0.5,,,1.4,0.2,0.2,0.5,,,,0.0,400.0,1.0,True,105.0,80.4,0.0,100.0,1.0,30.0,300.0,400.0,0.8,,30.0,41.4,,0.0,,1.5,0.1,1.0,17.0,0.08,0.05,1.3,,,,,,,,,,,,,,,,,,,,,,Cigala,cigala scampi,Scampi,93,True,GRP-00256,OK,,f_origen original: BEDCA2,2026-09-20T03:50:39.818564+00:00,2026-09-20T03:50:39.818564+00:00
BEDCA-2332,Congrio,Congrio,Congrio,Conger,congrio,Conger conger,A0717 A0727 A0802 A1144 A1265 A1285 B2299 C0275 E0150 F0003 G0003 H0003 J0142 K0003 M0166 M0173 N0036 N0039 P0024 R0001 Z0215,BEDCA,2332,ES,es,generic,"Fish, seafood, amphibians, reptiles and invertebrates",Fish,,,0.75,100g,101.96,426.6,False,19.0,0.0,,0.0,2.8,0.55,0.91,0.37,,,,0.0,50.0,0.125,True,40.0,78.5,0.0,30.0,0.7,30.0,202.0,340.0,2.0,,4.0,30.0,500.0,,22.0,4.1,0.28,1.0,13.0,0.17,0.37,5.5,,,,,,,,,,,,,,,,,,,,,,Congrio,congrio conger,Conger,93,True,GRP-00273,OK,,f_origen original: BEDCA2,2026-09-20T03:50:39.818564+00:00,2026-09-20T03:50:39.818564+00:00
BEDCA-2333,"Dorada, plancha","Dorada, plancha","Dorada, plancha","Gilt-head bream, griddle",dorada plancha,,A0717 A0727 A0747 A0802 A1265 A1285 B2858 C0243 E0150 F0014 G0008 H0001 J0142 K0003 M0172 N0036 P0026 R0212 Z0153,BEDCA,2333,ES,es,generic,,,a_la_plancha,,1.0,100g,92.95,388.9,False,17.0,0.0,,,2.7,0.5,0.8,0.5,,,,0.0,73.0,0.1825,True,42.0,80.3,0.0,184.0,0.9,25.0,180.0,300.0,0.5,,0.0,0.0,85.0,0.0,0.0,1.25,0.16,2.0,0.0,0.05,0.08,5.0,,,,,,,,,,,,,,,,,,,,,,"Dorada, plancha",dorada plancha gilt head bream griddle,"Gilt-head bream, griddle",93,True,GRP-00314,OK,,f_origen original: BEDCA2,2026-09-20T03:50:39.818564+00:00,2026-09-20T03:50:39.818564+00:00
BEDCA-2334,"Faneca, cruda","Faneca, cruda","Faneca, cruda","Pout, raw",faneca cruda,Trisopterus luscus linnaeus,A0717 A0727 A0747 A0802 A1265 A1285 B3362 C0243 E0150 F0003 G0003 H0003 J0142 K0003 M0172 N0036 P0026 R0212 Z0153,BEDCA,2334,ES,es,generic,,,crudo,,0.6,100g,75.48,315.8,False,15.4,1.0,,,1.0,0.25,0.18,0.27,,,,0.0,141.0,0.3525,True,48.0,82.6,0.0,30.0,0.8,25.0,210.0,316.0,0.5,,7.0,45.0,9.0,0.0,0.19,1.5,0.05,2.9,10.4,0.06,0.08,5.0,,,,,,,,,,,,,,,,,,,,,,"Faneca, cruda",faneca cruda pout raw,"Pout, raw",93,True,GRP-00329,OK,,f_origen original: BEDCA2,2026-09-20T03:50:39.818564+00:00,2026-09-20T03:50:39.818564+00:00
BEDCA-2335,"Fletan, crudo","Fletan, crudo","Fletan, crudo","Halibut, raw",fletan crudo,,A0717 A0727 A0747 A0802 A1265 A1285 B3362 C0243 E0150 F0003 G0003 H0003 J0142 K0003 M0172 N0036 P0024 R0212 Z0153,BEDCA,2335,ES,es,generic,,,crudo,,0.8,100g,84.64,354.12,False,17.501,0.5,,,1.3,0.2,0.3,0.5,,,,0.0,100.0,0.25,True,56.6,80.7,0.0,33.4,0.55,28.3,195.0,309.0,0.48,,16.14,24.0,20.0,0.0,,1.05,0.6,0.95,9.26,0.08,0.09,6.28,,,,,,,,,,,,,,,,,,,,,,"Fletan, crudo",fletan crudo halibut raw,"Halibut, raw",93,True,GRP-00333,OK,,f_origen original: BEDCA2,2026-09-20T03:50:39.818564+00:00,2026-09-20T03:50:39.818564+00:00
BEDCA-2336,Gallo,Gallo,Gallo,Fourspotted megrim,gallo,Lepidorhombus boscii,A0717 A0727 A0802 A1144 A1285 B2710 C0275 E0150 F0003 G0003 H0003 J0142 K0003 M0166 M0173 N0036 N0039 P0024 R0001 Z0215,BEDCA,2336,ES,es,generic,"Fish, seafood, amphibians, reptiles and invertebrates",Fish,,,0.56,100g,81.0,338.9,False,15.8,0.0,0.0,0.0,1.9,0.33,0.39,0.61,,0.309,0.054,0.0,150.0,0.375,True,62.2,82.3,0.0,33.6,0.96,42.1,260.0,250.0,0.4,,16.0,24.0,,,,,0.38,1.1,11.2,0.08,0.1,3.7,,,,0.057,0.304,0.14,0.272,0.027,0.014,0.027,0.09,0.205,,,,,,,,,,Gallo,gallo fourspotted megrim,Fourspotted megrim,98,True,GRP-00353,OK,,f_origen original: BEDCA2,2026-09-20T03:50:39.818564+00:00,2026-09-20T03:50:39.818564+00:00
BEDCA-2337,"Gamba, hervida","Gamba, hervida","Gamba, hervida","Shrimp, boiled",gamba hervida,,A0717 A0727 A0802 A1124 A1265 A1285 B2486 C0173 E0150 F0014 G0014 H0001 J0003 K0003 M0003 N0003 P0024 Z0109 Z0153,BEDCA,2337,ES,es,generic,,,hervido,,1.0,100g,95.49,399.53,False,19.78,0.0,,,1.71,0.4,0.5,0.4,,,,0.0,914.25,2.2856,True,81.0,70.0,0.0,142.0,0.99,38.85,323.75,227.5,1.44,,25.2,16.2,0.0,0.0,0.0,0.0,0.06,0.0,0.0,0.02,0.14,3.96,,,,,,,,,,,,,,,,,,,,,,"Gamba, hervida",gamba hervida shrimp boiled,"Shrimp, boiled",93,True,GRP-00354,OK,,f_origen original: BEDCA2,2026-09-20T03:50:39.818564+00:00,2026-09-20T03:50:39.818564+00:00
BEDCA-2338,Caviar,Caviar,Caviar,Caviar,caviar,,A0717 A0727 A0748 A0802 A1265 A1285 B2251 C0202 E0150 F0003 G0003 H0003 J0142 K0003 M0001 N0001 R0212 Z0153,BEDCA,2338,ES,es,generic,,,,,1.0,100g,274.5,1148.5,False,24.6,4.0,,,17.9,4.06,4.631,7.405,,,,0.0,1500.0,3.75,True,588.0,47.5,0.0,275.0,11.88,300.0,356.0,181.0,0.95,,,65.5,271.5,0.0,35.1,1.89,0.32,20.0,30.0,0.19,0.62,0.12,,,,,,,,,,,,,,,,,,,,,,Caviar,caviar,,93,True,GRP-00193,OK,,f_origen original: BEDCA2,2026-09-20T03:50:39.818564+00:00,2026-09-20T03:50:39.818564+00:00
BEDCA-2339,Langosta,Langosta,Langosta,Lobster,langosta,Palinurus elephas,A0717 A0727 A0802 A1152 A1265 A1285 B1505 C0173 E0150 F0003 G0003 H0003 J0142 K0003 M0003 N0003 P0188 R0001,BEDCA,2339,ES,es,generic,"Fish, seafood, amphibians, reptiles and invertebrates",Crustaceans,,,0.38,100g,90.82,380.0,False,18.0,0.0,,0.0,2.0,0.24,0.38,0.74,,,,0.0,270.0,0.675,True,150.0,79.7,0.0,60.0,0.7,34.0,261.0,220.0,2.3,,37.0,46.2,,,,1.5,0.06,1.0,17.0,0.12,0.11,5.3,,,,,,,,,,,,,,,,,,,,,,Langosta,langosta lobster,Lobster,93,True,GRP-00437,OK,,f_origen original: BEDCA2,2026-09-20T03:50:39.818564+00:00,2026-09-20T03:50:39.818564+00:00
BEDCA-2340,Langostino,Langostino,Langostino,"Prawn, raw",langostino,,A0717 A0727 A0803 A1148 A1265 A1285 B2486 C0173 E0150 F0003 G0003 H0003 J0003 K0004 M0213 N0036 N0046 P0024 R0001 Z0215,BEDCA,2340,ES,es,generic,"Fish, seafood, amphibians, reptiles and invertebrates",Crustaceans,,,0.47,100g,111.9,468.2,False,24.3,1.5,,,0.8,0.2,0.1,0.2,,,,0.0,305.0,0.7625,True,185.0,73.4,0.0,115.0,3.3,69.0,215.0,221.0,1.1,,90.0,24.3,18.0,0.0,18.0,1.5,0.06,1.9,2.0,0.02,0.02,3.2,,,,,,,,,,,,,,,,,,,,,,Langostino,langostino prawn raw,"Prawn, raw",93,True,GRP-00438,OK,,f_origen original: BEDCA2,2026-09-20T03:50:39.818564+00:00,2026-09-20T03:50:39.818564+00:00
BEDCA-2341,Lenguado,Lenguado,Lenguado,Sole,lenguado,Solea vulgaris,A0717 A0727 A0802 A1144 A1265 A1285 B1511 C0275 E0150 F0003 G0003 H0003 J0142 K0003 M0166 M0173 N0036 N0039 P0024 R0001 Z0215,BEDCA,2341,ES,es,generic,"Fish, seafood, amphibians, reptiles and invertebrates",Fish,,,0.55,100g,78.54,328.6,False,16.5,0.0,,0.0,1.3,0.18,0.27,0.43,,0.755,0.22,0.0,100.0,0.25,True,60.0,82.2,0.0,30.0,0.7,29.0,260.0,230.0,0.4,,30.0,44.0,,,,1.1,0.43,1.0,11.0,0.1,0.12,5.5,,,,0.18,0.54,0.13,0.37,0.15,0.02,0.07,0.193,0.542,,,,,,,,,,Lenguado,lenguado sole,Sole,93,True,GRP-00463,OK,,f_origen original: BEDCA2,2026-09-20T03:50:39.818564+00:00,2026-09-20T03:50:39.818564+00:00
BEDCA-2342,"Lenguado, frito","Lenguado, frito","Lenguado, frito","Sole, fried",lenguado frito,,A0717 A0727 A0747 A0802 A1265 A1285 B1881 C0243 E0150 F0014 G0035 H0001 J0142 K0003 M0172 N0036 P0026 R0212 Z0153,BEDCA,2342,ES,es,generic,,,frito,,1.0,100g,92.18,385.7,False,17.9,0.0,,,2.2,0.3,0.6,0.5,,,,0.0,120.0,0.3,True,42.0,79.5,0.0,51.0,0.3,22.0,180.0,280.0,0.5,,28.0,36.0,0.0,0.0,0.0,0.0,0.39,2.0,10.0,0.26,0.1,6.5,,,,,,,,,,,,,,,,,,,,,,"Lenguado, frito",lenguado frito sole fried,"Sole, fried",93,True,GRP-00461,OK,,f_origen original: BEDCA2,2026-09-20T03:50:39.818564+00:00,2026-09-20T03:50:39.818564+00:00
BEDCA-2343,"Lenguado, plancha","Lenguado, plancha","Lenguado, plancha","Sole, griddle",lenguado plancha,,A0717 A0727 A0747 A0802 A1265 A1285 B1881 C0243 E0150 F0014 G0008 H0001 J0142 K0003 M0172 N0036 P0026 R0212 Z0153,BEDCA,2343,ES,es,generic,,,a_la_plancha,,1.0,100g,134.8,564.0,False,15.36,0.47,,,7.97,1.79,3.7,0.88,,,,0.0,93.26,0.2331,True,61.16,76.2,0.0,28.26,0.66,27.02,242.21,214.42,0.38,,27.91,0.0,19.26,0.0,0.02,0.28,0.4,0.93,10.23,0.09,0.11,5.12,,,,,,,,,,,,,,,,,,,,,,"Lenguado, plancha",lenguado plancha sole griddle,"Sole, griddle",93,True,GRP-00462,OK,,f_origen original: BEDCA2,2026-09-20T03:50:39.818564+00:00,2026-09-20T03:50:39.818564+00:00
BEDCA-2344,Lubina,Lubina,Lubina,Seabass,lubina,Dicentrarchus labrax,A0717 A0727 A0802 A1144 A1265 A1285 B1524 C0275 E0150 F0003 G0003 H0003 J0142 M0166 M0173 N0036 N0039 P0024 R0001 Z0215,BEDCA,2344,ES,es,generic,"Fish, seafood, amphibians, reptiles and invertebrates",Fish,,,0.67,100g,84.63,354.1,False,18.0,0.0,,0.0,1.3,0.27,0.48,0.36,,0.824,0.54,0.0,69.0,0.1725,True,68.0,80.7,0.0,20.0,1.1,26.0,410.0,340.0,0.8,,7.0,36.5,,,,0.5,0.2,4.0,3.0,0.11,0.16,6.7,,,0.004,0.16,0.68,0.16,0.8,0.52,0.1,0.02,0.263,0.461,,,,,,,,,,Lubina,lubina seabass,Seabass,93,True,GRP-00481,OK,,f_origen original: BEDCA2,2026-09-20T03:50:39.818564+00:00,2026-09-20T03:50:39.818564+00:00
BEDCA-2345,Mejillon,Mejillon,Mejillon,Mussel,mejillon,Mytilus galloprovincialis,A0717 A0727 A0803 A1129 A1265 A1285 B1331 C0173 E0150 F0003 G0003 H0003 J0142 K0004 M0128 M0166 M0173 M0213 N0036 N0039 N0046 P0024 R0001 Z0215,BEDCA,2345,ES,es,generic,,,,,0.25,100g,60.68,253.9,False,10.8,0.0,,0.0,1.9,0.41,0.35,0.52,,1.44,0.09,0.0,210.0,0.525,True,58.0,87.3,0.0,80.0,4.5,23.0,236.0,92.0,1.8,,35.0,56.0,,,,0.9,0.08,8.0,33.0,0.1,0.14,3.0,,,,0.11,0.51,0.13,0.06,0.04,0.03,0.05,0.71,0.7,,,,,,,,,,Mejillon,mejillon mussel,Mussel,93,True,GRP-00504,OK,,f_origen original: BEDCA2,2026-09-20T03:50:39.818564+00:00,2026-09-20T03:50:39.818564+00:00
BEDCA-2346,"Mejillón, en escabeche","Mejillón, en escabeche","Mejillón, en escabeche","Mussel, pickled",mejillon en escabeche,,A0717 A0727 A0802 A1124 A1265 A1285 B1223 C0173 E0150 F0014 G0013 H0001 J0123 J0149 K0003 M0182 N0042 P0024 Z0112 Z0153,BEDCA,2346,ES,es,generic,,,,,1.0,100g,167.28,699.9,False,10.7,0.0,,,14.0,2.76,2.77,8.52,,,,0.0,0.0,0.0,True,61.9,77.3,0.0,45.3,3.7,20.4,0.0,0.0,1.6,,31.0,0.0,53.1,0.0,0.0,1.33,0.06,7.7,13.0,0.1,0.13,3.2,,,,,,,,,,,,,,,,,,,,,,"Mejillón, en escabeche",mejillon en escabeche mussel pickled,"Mussel, pickled",93,True,GRP-00502,OK,,f_origen original: BEDCA2,2026-09-20T03:50:39.818564+00:00,2026-09-20T03:50:39.818564+00:00
BEDCA-2347,Merluza fresca,Merluza fresca,Merluza fresca,"Hake, raw",merluza fresca,Merluccius merluccius,A0717 A0727 A0747 A0802 A1146 A1285 B1291 C0103 E0104 F0003 G0003 H0001 J0142 K0003 M0003 N0039 P0024 R0001 Z0056,BEDCA,2347,ES,es,generic,,,crudo,,0.8,100g,64.39,269.41,False,11.93,0.0,,,1.8,0.35,0.43,0.46,,0.374,0.041,0.0,101.0,0.2525,True,67.0,86.3,0.0,33.1,1.1,25.1,142.0,294.0,0.37,,27.0,36.0,,0.0,,0.35,0.16,1.1,12.3,0.09,0.09,8.53,,,0.001,0.04,0.186,0.058,0.097,0.016,0.008,0.025,0.1,0.266,,,,,,,,,,Merluza fresca,merluza fresca hake raw,"Hake, raw",93,True,GRP-00513,OK,,f_origen original: BEDCA2,2026-09-20T03:50:39.818564+00:00,2026-09-20T03:50:39.818564+00:00
BEDCA-2348,"Merluza, rebozada, frita","Merluza, rebozada, frita","Merluza, rebozada, frita","Hake, coat in batter, deep fried",merluza rebozada frita,,A0717 A0727 A0747 A0802 A1265 A1285 B1291 C0243 E0150 F0014 G0035 H0152 H0186 J0142 K0003 M0159 N0039 P0024 R0212 Z0109 Z0153,BEDCA,2348,ES,es,generic,,,frito,,1.0,100g,148.57,621.62,False,10.65,3.52,,,10.29,1.51,5.71,1.31,,,,0.15,89.27,0.2232,True,78.83,75.39,0.0,30.85,1.07,22.0,170.56,233.43,0.42,,15.8,,13.74,0.5,0.11,0.81,0.15,1.01,13.68,0.08,0.1,5.02,,,,,,,,,,,,,,,,,,,,,,"Merluza, rebozada, frita",merluza rebozada frita hake coat in batter deep fried,"Hake, coat in batter, deep fried",93,True,GRP-00514,OK,,f_origen original: BEDCA2,2026-09-20T03:50:39.818564+00:00,2026-09-20T03:50:39.818564+00:00
BEDCA-2349,"Mero, plancha","Mero, plancha","Mero, plancha","Grouper, griddle",mero plancha, epinephelus spp.,A0717 A0727 A0747 A0802 A1265 A1285 B1496 C0243 E0150 F0014 G0008 H0001 J0142 K0003 M0172 N0036 P0026 R0212 Z0153,BEDCA,2349,ES,es,generic,,,a_la_plancha,,1.0,100g,146.1,611.28,False,14.33,0.32,,,9.79,1.38,4.38,2.92,,,,0.16,71.87,0.1797,True,41.78,75.4,0.0,16.08,0.9,18.27,189.82,245.11,0.47,,,56.5,7.56,2.49,0.0,0.98,0.29,1.78,12.06,0.72,0.13,2.12,,,,,,,,,,,,,,,,,,,,,,"Mero, plancha",mero plancha grouper griddle,"Grouper, griddle",93,True,GRP-00525,OK,,f_origen original: BEDCA2,2026-09-20T03:50:39.818564+00:00,2026-09-20T03:50:39.818564+00:00
BEDCA-2350,Nécora,Nécora,Nécora,Velvet crab,necora,Necora puber,A0717 A0727 A0803 A1154 A1265 A1285 B2351 C0173 E0150 F0003 G0003 H0003 J0142 K0004 M0166 M0172 M0173 M0213 N0036 N0039 N0046 P0024 R0001 Z0215,BEDCA,2350,ES,es,generic,"Fish, seafood, amphibians, reptiles and invertebrates",Crustaceans,,,0.44,100g,124.0,518.82,False,19.5,,,,5.1,0.69,1.13,2.18,,,,0.0,370.0,0.925,True,100.0,75.4,0.0,30.0,1.3,48.0,160.0,270.0,3.8,,40.0,37.4,,0.0,,2.3,0.3,,20.0,0.1,0.15,6.3,,,,,,,,,,,,,,,,,,,,,,Nécora,necora velvet crab,Velvet crab,87,True,GRP-00550,OK,,f_origen original: BEDCA2,2026-09-20T03:50:39.818564+00:00,2026-09-20T03:50:39.818564+00:00
BEDCA-2351,"Panga, cruda","Panga, cruda","Panga, cruda","Iridescent shark, raw",panga cruda,Pangasius hypophthalmus,A0717 A0727 A0747 A0802 A1265 A1285 B3361 C0243 E0150 F0003 G0003 H0003 J0142 K0003 M0172 N0036 P0024 R0212 Z0153,BEDCA,2351,ES,es,generic,,,crudo,,1.0,100g,66.28,277.3,False,13.4,0.3,,,1.2,0.47,0.44,0.17,,,,0.0,274.0,0.685,True,29.8,83.8,0.0,36.7,0.21,17.6,107.0,200.0,0.24,,8.0,9.6,1.99,0.0,0.05,0.16,0.1,0.3,,0.04,0.04,0.35,,,,,,,,,,,,,,,,,,,,,,"Panga, cruda",panga cruda iridescent shark raw,"Iridescent shark, raw",93,True,GRP-00598,OK,,f_origen original: BEDCA2,2026-09-20T03:50:39.818564+00:00,2026-09-20T03:50:39.818564+00:00
BEDCA-2352,Percebe,Percebe,Percebe, goose barnacle ,percebe,Pollicipes pollicipes,A0717 A0727 A0803 A1154 A1265 A1285 B2127 C0173 E0150 F0003 G0003 H0003 J0142 K0004 M0128 M0166 M0173 M0213 N0036 N0039 N0046 P0024 R0001 Z0215,BEDCA,2352,ES,es,generic,"Fish, seafood, amphibians, reptiles and invertebrates",Crustaceans,,,0.15,100g,59.68,249.7,False,13.6,0.0,,0.0,0.5,0.01,0.01,0.01,,,,0.0,18.0,0.045,True,14.0,85.9,0.0,126.0,0.3,94.0,157.0,330.0,0.5,,58.0,28.8,,0.0,,0.85,0.22,15.0,7.0,0.3,0.6,3.0,,,,,,,,,,,,,,,,,,,,,,Percebe,percebe goose barnacle, goose barnacle ,93,True,GRP-00639,OK,,f_origen original: BEDCA2,2026-09-20T03:50:39.818564+00:00,2026-09-20T03:50:39.818564+00:00
BEDCA-2354,"Pescado, genérico","Pescado, genérico","Pescado, genérico",Fish,pescado generico,,A0717 A0727 A0747 A0802 A1265 A1285 B1021 C0243 E0150 F0003 G0003 H0003 J0142 K0003 M0001 N0001 R0212 Z0058 Z0153,BEDCA,2354,ES,es,generic,,,,,1.0,100g,95.82,400.9,False,20.1,0.0,,,1.6,3.69,0.71,1.27,,,,0.0,85.8,0.2145,True,53.6,74.43,0.0,23.2,0.8,28.2,220.4,322.2,0.5,,40.4,24.7,22.75,0.0,7.73,0.918,0.57,2.58,11.67,0.092,0.16,7.88,,,,,,,,,,,,,,,,,,,,,,"Pescado, genérico",pescado generico fish,Fish,93,True,GRP-00644,OK,,f_origen original: BEDCA2,2026-09-20T03:50:39.818564+00:00,2026-09-20T03:50:39.818564+00:00
BEDCA-2356,"Pez espada, emperador, plancha","Pez espada, emperador, plancha","Pez espada, emperador, plancha","Swordfish, griddle",pez espada emperador plancha,,A0717 A0727 A0747 A0802 A1265 A1285 B2859 C0243 E0150 F0014 G0008 H0001 J0142 K0003 M0172 N0036 P0026 R0212 Z0153,BEDCA,2356,ES,es,generic,,,a_la_plancha,,1.0,100g,147.28,616.2,False,16.01,1.28,,,8.71,1.57,4.14,1.3,,,,0.02,95.81,0.2395,True,36.45,73.98,0.0,20.02,0.91,54.5,475.57,332.94,0.4,,0.56,0.0,43.0,0.2,0.0,0.24,0.48,4.67,2.0,0.05,0.05,8.45,,,,,,,,,,,,,,,,,,,,,,"Pez espada, emperador, plancha",pez espada emperador plancha swordfish griddle,"Swordfish, griddle",93,True,GRP-00651,OK,,f_origen original: BEDCA2,2026-09-20T03:50:39.818564+00:00,2026-09-20T03:50:39.818564+00:00
BEDCA-2357,"Pijota, cruda","Pijota, cruda","Pijota, cruda","Young hake, raw",pijota cruda,Merluccius merluccius,A0717 A0727 A0747 A0802 A1265 A1285 B3362 C0243 E0150 F0003 G0003 H0003 J0142 K0003 M0001 N0001 R0212 Z0153,BEDCA,2357,ES,es,generic,,,crudo,,0.64,100g,64.39,269.41,False,11.93,0.0,,,1.8,0.35,0.43,0.46,,,,0.0,101.0,0.2525,True,67.0,86.3,0.0,33.1,1.1,25.1,142.0,294.0,0.37,,27.0,36.0,,0.0,,0.35,0.16,1.1,12.3,0.09,0.09,8.53,,,,,,,,,,,,,,,,,,,,,,"Pijota, cruda",pijota cruda young hake raw,"Young hake, raw",93,True,GRP-00653,OK,,f_origen original: BEDCA2,2026-09-20T03:50:39.818564+00:00,2026-09-20T03:50:39.818564+00:00
BEDCA-2359,"Acelga, en conserva","Acelga, en conserva","Acelga, en conserva","Swiss chard, canned",acelga en conserva,Beta vulgaris,A0152 A0455 A0629 A0678 A0705 A0731 A0826 B1175 C0200 E0152 F0014 G0001 H0148 H0367 H0430 H0491 J0123 K0017 M0194 N0001 P0024 R0212 R0497 Z0112 Z0205,BEDCA,2359,ES,es,generic,,,en_conserva,,1.0,100g,17.37,72.66,False,1.8,2.3,,,0.08,0.012,0.016,0.028,,,,1.3,130.0,0.325,True,0.0,94.5,0.0,80.0,2.3,86.0,33.0,510.0,0.2,,14.0,0.8,227.0,18.0,0.0,1.89,0.09,0.0,10.0,0.03,0.09,0.66,,,,,,,,,,,,,,,,,,,,,,"Acelga, en conserva",acelga en conserva swiss chard canned,"Swiss chard, canned",93,True,GRP-00020,OK,,f_origen original: BEDCA2,2026-09-20T03:50:39.818564+00:00,2026-09-20T03:50:39.818564+00:00
BEDCA-2360,"Acelgas, hervidas","Acelgas, hervidas","Acelgas, hervidas","Chard, boiled",acelgas hervidas,,A0705 A0826 A1010 A1281 B1175 C0137 E0150 F0014 G0014 H0001 J0003 K0003 N0036 Z0154,BEDCA,2360,ES,es,generic,,,hervido,,1.0,100g,28.92,121.02,False,1.9,4.37,,,0.39,0.03,0.04,0.07,,,,0.8,108.75,0.2719,True,0.0,92.3,0.0,80.0,2.63,56.8,38.0,275.5,0.02,,35.0,0.79,227.0,13.5,,0.03,0.08,,10.0,0.05,0.05,0.58,,,,,,,,,,,,,,,,,,,,,,"Acelgas, hervidas",acelgas hervidas chard boiled,"Chard, boiled",93,True,GRP-00021,OK,,f_origen original: BEDCA2,2026-09-20T03:50:39.818564+00:00,2026-09-20T03:50:39.818564+00:00
BEDCA-2361,Ajo,Ajo,Ajo,Garlic,ajo,Allium sativum,A0825 A0987 A1281 B3486 C0290 E0107 F0003 G0003 H0003 J0003 K0003 M0157 N0045 Z0204,BEDCA,2361,ES,es,generic,Vegetables and vegetable products,"Bulb, stalk and stem vegetables",,,0.01,100g,116.77,488.55,False,3.9375,24.3,,,0.23,0.05,0.03,0.1,,,,1.2,19.0,0.0475,True,0.0,70.4,0.0,17.8,1.2,24.1,134.0,446.0,1.1,,4.7,0.5,,14.0,0.0,0.1,0.32,0.0,4.8,0.16,0.02,0.27,,,,,,,,,,,,,,,,,,,,,,Ajo,ajo garlic,Garlic,93,True,GRP-00031,OK,,f_origen original: BEDCA2,2026-09-20T03:50:39.818564+00:00,2026-09-20T03:50:39.818564+00:00
BEDCA-2362,"Ajo, frito","Ajo, frito","Ajo, frito","Garlic, fried",ajo frito,Allium sativum l.,A0825 A0987 A1281 B1233 C0290 E0107 F0014 G0035 H0003 J0003 K0003 M0157 N0045 Z0204,BEDCA,2362,ES,es,generic,,,frito,,1.0,100g,101.39,424.22,False,7.7,15.97,,,0.59,0.1,0.03,0.3,,,,1.55,3.82,0.0095,True,0.0,64.3,0.0,18.62,1.86,24.5,166.6,607.6,0.98,,2.94,1.96,0.29,11.48,0.0,0.01,0.29,0.0,3.25,0.1,0.03,1.87,,,,,,,,,,,,,,,,,,,,,,"Ajo, frito",ajo frito garlic fried,"Garlic, fried",93,True,GRP-00030,OK,,f_origen original: BEDCA2,2026-09-20T03:50:39.818564+00:00,2026-09-20T03:50:39.818564+00:00
BEDCA-2363,Alcachofas en conserva,Alcachofas en conserva,Alcachofas en conserva,"Artichoke, canned",alcachofas en conserva,,A0705 A0731 A0825 A1006 A1227 A1281 B1466 C0237 E0150 F0014 G0014 H0148 H0367 H0491 J0110 K0017 M0175 M0204 N0042 P0024 R0001 Z0112,BEDCA,2363,ES,es,generic,,,en_conserva,,1.0,100g,18.07,75.62,False,2.9,1.2,,,0.16,0.037,0.005,0.068,,,,9.4,15.0,0.0375,True,0.0,86.3,0.0,44.0,1.0,27.0,50.0,300.0,0.1,,0.4,0.2,15.0,6.0,0.0,0.2,0.09,0.0,47.0,0.05,0.04,0.9,,,,,,,,,,,,,,,,,,,,,,Alcachofas en conserva,alcachofas en conserva artichoke canned,"Artichoke, canned",93,True,GRP-00036,OK,,f_origen original: BEDCA2,2026-09-20T03:50:39.818564+00:00,2026-09-20T03:50:39.818564+00:00
BEDCA-2364,Alcaparra,Alcaparra,Alcaparra,Caper,alcaparra,Capparis spinosa,A0705 A0731 A0860 A1006 A1227 A1281 B1247 C0140 E0150 F0003 G0003 H0003 J0003 K0003 M0130 N0040 P0024 Z0204,BEDCA,2364,ES,es,generic,,,,,0.8,100g,25.73,107.64,False,2.36,2.1,,,0.86,0.233,0.063,0.304,,,,1.5,2964.0,7.41,True,0.0,85.16,0.0,40.0,1.67,33.0,10.0,40.0,0.32,,,1.2,13.8,4.3,0.0,0.88,0.023,0.0,23.0,0.018,0.139,0.652,,,,,,,,,,,,,,,,,,,,,,Alcaparra,alcaparra caper,Caper,93,True,GRP-00037,OK,,f_origen original: BEDCA2,2026-09-20T03:50:39.818564+00:00,2026-09-20T03:50:39.818564+00:00
BEDCA-2365,Zumo de uva,Zumo de uva,Zumo de uva,Grape juice,zumo de uva,,A0708 A0732 A0834 A0992 A1221 A1279 B1329 C0137 E0123 F0018 G0003 H0136 J0135 K0003 M0172 N0036 P0026 Z0154,BEDCA,2365,ES,es,generic,,,,,1.0,100g,,,False,,,,,,,,,,,,,,,False,,,,,,,,,,,,,,,,,,,,,,,,,,,,,,,,,,,,,,,,,,,,Zumo de uva,zumo de uva grape juice,Grape juice,54,True,GRP-00956,REVIEW,sin energía (ni original ni calculable),f_origen original: BEDCA2,2026-09-20T03:50:39.818564+00:00,2026-09-20T03:50:39.818564+00:00
BEDCA-2366,"Apio, crudo","Apio, crudo","Apio, crudo","Celery, raw",apio crudo,Apium graveolens,A0705 A0826 A1010 A1281 B1282 C0137 E0150 F0003 G0003 H0003 J0003 K0003 N0036 Z0154,BEDCA,2366,ES,es,generic,,,crudo,,0.86,100g,10.64,44.5,False,0.9,1.5,,,0.1,,,,,,,2.0,110.0,0.275,True,0.0,94.4,0.0,52.0,0.5,14.0,32.0,305.0,0.1,,0.0,0.4,95.0,8.0,,0.2,0.1,,18.0,0.05,0.04,0.4,,,,,,,,,,,,,,,,,,,,,,"Apio, crudo",apio crudo celery raw,"Celery, raw",87,True,GRP-00060,OK,,f_origen original: BEDCA2,2026-09-20T03:50:39.818564+00:00,2026-09-20T03:50:39.818564+00:00
BEDCA-2368,Arandano,Arandano,Arandano,Bilberry,arandano,Vaccinium myrtillus,A0707 A0732 A0833 A0992 A1221 A1279 B2013 C0155 E0150 F0003 G0003 H0003 J0003 K0003 M0001 N0003 P0188 Z0204,BEDCA,2368,ES,es,generic,,,,,0.99,100g,32.43,135.68,False,0.625,6.05,,,0.6,,,,,,,4.9,1.0,0.0025,True,0.0,87.8,0.0,10.0,0.74,2.4,13.0,78.0,0.131,,1.0,0.1,5.7,22.0,0.0,1.921,0.06,0.0,10.0,0.02,0.02,0.09,,,,,,,,,,,,,,,,,,,,,,Arandano,arandano bilberry,Bilberry,87,True,GRP-00062,OK,,f_origen original: BEDCA2,2026-09-20T03:50:39.818564+00:00,2026-09-20T03:50:39.818564+00:00
BEDCA-2369,"Bambú, crudo","Bambú, crudo","Bambú, crudo","Bamboo, raw",bambu crudo,Bambusa vulgaris,A0455 A0705 A0731 A0826 A1010 A1228 A1281 B1271 C0101 E0150 F0003 G0003 H0003 J0003 K0003 M0001 N0001 P0024 R0345 Z0204,BEDCA,2369,ES,es,generic,,,crudo,,0.71,100g,34.35,143.7,False,2.6,5.2,,,0.3,0.069,0.007,0.134,,,,2.2,4.0,0.01,True,0.0,91.0,0.0,13.0,0.5,3.0,59.0,533.0,1.1,,,0.8,6.0,4.0,0.0,1.0,0.24,0.0,7.0,0.15,0.07,0.6,,,,,,,,,,,,,,,,,,,,,,"Bambú, crudo",bambu crudo bamboo raw,"Bamboo, raw",93,True,GRP-00094,OK,,f_origen original: BEDCA2,2026-09-20T03:50:39.818564+00:00,2026-09-20T03:50:39.818564+00:00
BEDCA-2370,Berenjena,Berenjena,Berenjena,Aubergine,berenjena,Solanum melongena,A0705 A0826 A1010 A1281 B1458 C0137 E0150 F0003 G0003 H0003 J0003 K0003 N0036 Z0154,BEDCA,2370,ES,es,generic,Vegetables and vegetable products,Fruiting vegetables,,,0.7,100g,20.05,83.9,False,0.7,3.8,,,0.2,,,0.09,,,,2.4,3.0,0.0075,True,0.0,92.2,0.0,10.0,0.3,13.0,21.0,262.0,0.1,,0.0,0.4,8.0,4.0,0.0,0.03,0.1,0.0,19.0,0.04,0.03,0.6,,,,,,,,,,,,,,,,,,,,,,Berenjena,berenjena aubergine,Aubergine,87,True,GRP-00114,OK,,f_origen original: BEDCA2,2026-09-20T03:50:39.818564+00:00,2026-09-20T03:50:39.818564+00:00
BEDCA-2371,Borraja,Borraja,Borraja,Borage,borraja,Borrago officinalis,A0705 A0731 A0826 A1010 A1232 A1281 B3358 C0200 E0150 F0003 H0003 J0003 K0003 M0003 N0003 P0024 R0212 Z0204,BEDCA,2371,ES,es,generic,Vegetables and vegetable products,"Aromatic herbs or flowers, fresh",,,0.8,100g,25.94,108.52,False,1.8,3.06,,,0.7,0.17,0.211,0.109,,,,,80.0,0.2,True,0.0,94.4,0.0,93.0,3.3,52.0,53.0,470.0,0.2,,,0.9,210.0,35.0,13.0,,0.084,0.0,13.0,0.06,0.15,,,,,,,,,,,,,,,,,,,,,,,Borraja,borraja borage,Borage,87,True,GRP-00131,OK,,f_origen original: BEDCA2,2026-09-20T03:50:39.818564+00:00,2026-09-20T03:50:39.818564+00:00
BEDCA-2372,"Brécol, hervido","Brécol, hervido","Brécol, hervido","Broccoli, boiled",brecol hervido,Brassica oleracea var. italica.,A0152 A0705 A0731 A0825 A1010 A1227 B1443 C0150 E0150 F0014 G0014 H0001 J0003 K0003 M0001 N0001 P0024 Z0154,BEDCA,2372,ES,es,generic,,,hervido,,1.0,100g,24.14,101.0,False,3.1,1.1,,,0.8,0.2,0.1,0.4,,,,0.65,13.0,0.0325,True,0.0,91.1,0.0,40.0,1.0,13.0,57.0,170.0,0.4,,2.0,0.0,75.0,44.0,0.0,1.1,0.11,0.0,64.0,0.05,0.05,1.3,,,,,,,,,,,,,,,,,,,,,,"Brécol, hervido",brecol hervido broccoli boiled,"Broccoli, boiled",93,True,GRP-00134,OK,,f_origen original: BEDCA2,2026-09-20T03:50:39.818564+00:00,2026-09-20T03:50:39.818564+00:00
BEDCA-2374,"Pulpo, hervido","Pulpo, hervido","Pulpo, hervido","Octopus, boiled",pulpo hervido,,A0717 A0727 A0802 A1124 A1265 A1285 B1514 C0173 E0150 F0014 G0014 H0001 J0003 K0003 M0003 N0003 P0024 Z0153,BEDCA,2374,ES,es,generic,,,hervido,,1.0,100g,68.62,287.09,False,13.39,1.43,,,0.95,,,,,,,0.0,25.3,0.0633,True,,86.9,0.0,30.4,1.53,30.53,204.43,215.25,0.0,,0.0,0.0,56.0,0.0,0.0,0.0,0.0,0.0,0.0,0.06,0.03,2.89,,,,,,,,,,,,,,,,,,,,,,"Pulpo, hervido",pulpo hervido octopus boiled,"Octopus, boiled",87,True,GRP-00692,OK,,f_origen original: BEDCA2,2026-09-20T03:50:39.818564+00:00,2026-09-20T03:50:39.818564+00:00
BEDCA-2376,Calabacín,Calabacín,Calabacín,Courgette,calabacin,Cucurbita pepo,A0705 A0826 A1010 A1281 B1006 C0137 E0150 F0003 G0003 H0003 J0003 K0003 N0036 Z0204,BEDCA,2376,ES,es,generic,Vegetables and vegetable products,Fruiting vegetables,,,1.0,100g,17.21,72.0,False,1.8,2.0,,,0.2,0.04,0.02,0.09,,,,1.0,3.0,0.0075,True,0.0,94.6,0.0,19.0,0.4,18.0,31.0,230.0,0.3,,1.0,0.2,4.0,20.0,0.0,,0.11,0.0,50.0,0.05,0.04,0.56,,,,,,,,,,,,,,,,,,,,,,Calabacín,calabacin courgette,Courgette,93,True,GRP-00158,OK,,f_origen original: BEDCA2,2026-09-20T03:50:39.818564+00:00,2026-09-20T03:50:39.818564+00:00
BEDCA-2377,"Calabacín, asado","Calabacín, asado","Calabacín, asado","Courgette, roasted",calabacin asado,,A0705 A0826 A1010 A1281 B1462 C0137 E0150 F0014 G0005 H0001 J0003 K0003 M0001 N0001 Z0204,BEDCA,2377,ES,es,generic,,,asado,,1.0,100g,17.75,74.27,False,1.76,1.76,,,0.39,0.1,0.1,0.2,,,,1.6,0.98,0.0025,True,0.0,93.7,0.0,25.5,0.78,21.56,44.1,352.8,0.29,,1.99,0.98,5.0,14.18,0.0,0.06,0.12,0.0,35.1,0.1,0.02,0.5,,,,,,,,,,,,,,,,,,,,,,"Calabacín, asado",calabacin asado courgette roasted,"Courgette, roasted",93,True,GRP-00157,OK,,f_origen original: BEDCA2,2026-09-20T03:50:39.818564+00:00,2026-09-20T03:50:39.818564+00:00
BEDCA-2378,"Calabaza, cruda","Calabaza, cruda","Calabaza, cruda","Pumpkin, raw",calabaza cruda,Cucurbita pepo,A0705 A0826 A1010 A1281 B1719 C0137 E0150 F0003 G0003 H0003 J0003 K0003 N0036 Z0154,BEDCA,2378,ES,es,generic,,,crudo,,0.7,100g,32.05,134.1,False,1.2,5.6,,,0.5,0.26,0.07,,,,,2.4,1.0,0.0025,True,0.0,89.4,0.0,18.0,0.4,10.0,30.0,304.0,0.2,,1.0,0.0,34.0,12.0,0.0,0.1,0.1,0.0,25.0,,0.07,0.1,,,,,,,,,,,,,,,,,,,,,,"Calabaza, cruda",calabaza cruda pumpkin raw,"Pumpkin, raw",93,True,GRP-00159,OK,,f_origen original: BEDCA2,2026-09-20T03:50:39.818564+00:00,2026-09-20T03:50:39.818564+00:00
BEDCA-2379,Canonigos,Canonigos,Canonigos,Lamb's lettuce,canonigos,Valerianella locusta,A0705 A0731 A0825 A0987 A1227 A1281 B1754 C0150 E0150 F0003 G0003 H0003 J0003 K0003 M0172 N0036 P0188 R0212 Z0154,BEDCA,2379,ES,es,generic,Vegetables and vegetable products,Leafy vegetables,,,0.57,100g,13.7,57.3,False,1.8,0.7,,,0.4,,,,,,,1.5,4.0,0.01,True,0.0,95.6,0.0,35.0,2.0,13.0,49.0,421.0,0.54,,33.5,,442.0,35.0,0.0,1.0,0.25,0.0,0.0,0.065,0.08,0.38,,,,,,,,,,,,,,,,,,,,,,Canonigos,canonigos lamb lettuce,Lamb's lettuce,87,True,GRP-00173,OK,,f_origen original: BEDCA2,2026-09-20T03:50:39.818564+00:00,2026-09-20T03:50:39.818564+00:00
BEDCA-2380,Cardo,Cardo,Cardo,Cardoon,cardo,Cynara cardunculus,A0705 A0731 A0825 A1010 A1228 A1281 B1727 C0148 E0150 F0003 G0003 H0398 J0003 K0003 M0166 M0213 N0036 P0024 Z0215,BEDCA,2380,ES,es,generic,,,,,0.8,100g,21.68,90.7,False,1.4,3.5,,0.5,0.2,,,,,,,1.0,220.0,0.55,True,0.0,93.9,0.0,70.0,1.5,32.0,46.0,392.0,0.2,,1.0,0.7,,1.0,0.0,0.9,0.05,0.0,34.0,0.01,0.03,0.2,,,,,,,,,,,,,,,,,,,,,,Cardo,cardo cardoon,Cardoon,87,True,GRP-00178,OK,,f_origen original: BEDCA2,2026-09-20T03:50:39.818564+00:00,2026-09-20T03:50:39.818564+00:00
BEDCA-2381,Cebolla,Cebolla,Cebolla,Onion,cebolla,Allium cepa,A0705 A0825 A0987 A1281 B1300 C0290 E0150 F0003 G0003 H0003 J0003 K0003 M0157 N0045 P0026 Z0204,BEDCA,2381,ES,es,generic,Vegetables and vegetable products,"Bulb, stalk and stem vegetables",,,1.0,100g,26.11,109.22,False,1.125,5.3,,,,,,,,,,1.8,3.0,0.0075,True,0.0,91.8,0.0,25.4,0.27,4.2,33.0,162.0,0.26,,8.9,1.5,0.0,6.9,0.0,0.45,0.13,0.0,7.0,0.03,0.03,0.4,,,,,,,,,,,,,,,,,,,,,,Cebolla,cebolla onion,Onion,82,True,GRP-00197,OK,,f_origen original: BEDCA2,2026-09-20T03:50:39.818564+00:00,2026-09-20T03:50:39.818564+00:00
BEDCA-2382,"Cebolla, asada","Cebolla, asada","Cebolla, asada","Onion, roasted",cebolla asada,,A0705 A0825 A0987 A1281 B1300 C0290 E0150 F0014 G0046 H0001 J0003 K0003 M0157 N0045 P0024 Z0204,BEDCA,2382,ES,es,generic,,,asado,,1.0,100g,37.97,158.87,False,1.17,7.74,,,0.2,0.09,,0.1,,,,1.45,2.94,0.0073,True,0.0,89.0,0.0,24.5,0.29,3.92,29.4,156.8,0.2,,2.94,0.98,1.54,3.38,0.0,0.3,0.16,0.0,11.48,0.1,0.02,0.83,,,,,,,,,,,,,,,,,,,,,,"Cebolla, asada",cebolla asada onion roasted,"Onion, roasted",93,True,GRP-00195,OK,,f_origen original: BEDCA2,2026-09-20T03:50:39.818564+00:00,2026-09-20T03:50:39.818564+00:00
BEDCA-2383,"Cebolla, hervida","Cebolla, hervida","Cebolla, hervida","Onion, boiled",cebolla hervida,,A0705 A0825 A0987 A1281 B1300 C0290 E0150 F0014 G0014 H0003 J0003 K0003 M0001 N0001 P0024 Z0109 Z0204,BEDCA,2383,ES,es,generic,,,hervido,,1.0,100g,18.36,76.8,False,0.6,3.7,,,0.1,,,,,,,0.7,2.0,0.005,True,0.0,92.6,0.0,19.0,0.3,3.0,16.0,90.0,0.2,,1.0,0.0,0.83,3.0,0.0,0.15,0.12,0.0,9.0,0.09,0.0,0.4,,,,,,,,,,,,,,,,,,,,,,"Cebolla, hervida",cebolla hervida onion boiled,"Onion, boiled",87,True,GRP-00196,OK,,f_origen original: BEDCA2,2026-09-20T03:50:39.818564+00:00,2026-09-20T03:50:39.818564+00:00
BEDCA-2384,Champiñon,Champiñon,Champiñon,Mushroom (champignon),champinon,,A0705 A0731 A0825 A1010 A1235 A1281 B2937 C0296 E0150 F0003 G0003 H0003 J0131 K0004 M0128 M0177 M0391 N0035 N0036 P0024 R0001 Z0215,BEDCA,2384,ES,es,generic,Vegetables and vegetable products,Fungi,,,0.8,100g,26.22,109.7,False,1.8,4.0,,,0.3,0.07,,0.17,,,,2.5,5.0,0.0125,True,0.0,91.4,0.0,9.0,1.0,14.0,115.0,470.0,0.1,,3.0,9.0,0.0,4.0,0.0,0.12,0.1,0.0,23.0,0.1,0.41,4.6,,,,,,,,,,,,,,,,,,,,,,Champiñon,champinon mushroom champignon,Mushroom (champignon),93,True,GRP-00234,OK,,f_origen original: BEDCA2,2026-09-20T03:50:39.818564+00:00,2026-09-20T03:50:39.818564+00:00
BEDCA-2385,Champiñones en conserva,Champiñones en conserva,Champiñones en conserva,"Mushrooms, canned",champinones en conserva,,A0705 A0731 A0825 A1006 A1235 A1281 B2937 C0296 E0150 F0014 G0003 H0148 H0367 H0430 H0491 J0004 K0017 M0175 M0204 N0042 P0024 R0001 Z0112,BEDCA,2385,ES,es,generic,,,en_conserva,,1.0,100g,13.85,57.94,False,2.25,0.07,0.1,,0.5,0.12,0.07,0.17,,,,1.5,319.0,0.7975,True,0.0,95.7,0.0,19.0,0.8,15.0,69.0,121.0,0.1,,2.0,8.8,0.0,1.7,0.0,0.1,0.06,0.0,23.0,0.02,0.19,1.2,,,,,,,,,,,,,,,,,,,,,,Champiñones en conserva,champinones en conserva mushrooms canned,"Mushrooms, canned",98,True,GRP-00233,OK,,f_origen original: BEDCA2,2026-09-20T03:50:39.818564+00:00,2026-09-20T03:50:39.818564+00:00
BEDCA-2386,"Col blanca, cruda","Col blanca, cruda","Col blanca, cruda","Cabbage, white, raw",col blanca cruda,odocoileus,A0152 A0455 A0629 A0675 A0705 A0731 A0826 B1406 C0151 E0150 F0003 G0003 H0003 J0001 K0001 M0001 N0001 P0024 R0212 R0497 Z0112 Z0205,BEDCA,2386,ES,es,generic,,,crudo,,1.0,100g,35.75,149.58,False,4.3,2.54,,,0.9,0.105,0.017,0.4899,,,,4.2,35.0,0.0875,True,0.0,88.1,0.0,57.0,1.9,31.0,87.0,270.0,0.33,,4.5,1.4,4.0,37.4,0.0,1.7,0.25,0.0,77.0,0.1,0.25,2.07,,,,,,,,,,,,,,,,,,,,,,"Col blanca, cruda",col blanca cruda cabbage white raw,"Cabbage, white, raw",93,True,GRP-00261,OK,,f_origen original: BEDCA2,2026-09-20T03:50:39.818564+00:00,2026-09-20T03:50:39.818564+00:00
BEDCA-2387,"Coliflor, hervida","Coliflor, hervida","Coliflor, hervida","Cauliflower, boiled",coliflor hervida,,A0152 A0705 A0731 A0825 A1010 A1227 B1094 C0150 E0150 F0014 G0014 H0003 J0003 K0003 M0001 N0001 P0024 Z0154,BEDCA,2387,ES,es,generic,,,hervido,,1.0,100g,27.2,113.79,False,2.76,2.04,,,0.87,0.2,0.1,0.5,,,,1.6,2.9,0.0073,True,0.0,90.6,0.0,16.15,0.35,9.6,49.4,87.0,0.35,,0.0,0.0,1.0,18.23,0.0,0.1,0.12,0.0,35.7,0.05,0.03,0.91,,,,,,,,,,,,,,,,,,,,,,"Coliflor, hervida",coliflor hervida cauliflower boiled,"Cauliflower, boiled",93,True,GRP-00266,OK,,f_origen original: BEDCA2,2026-09-20T03:50:39.818564+00:00,2026-09-20T03:50:39.818564+00:00
BEDCA-2388,Endibia,Endibia,Endibia,Endive,endibia,Achicoria de bruselas,A0705 A0731 A0825 A1010 A1227 A1281 B1314 C0150 E0150 F0003 G0003 H0003 J0003 M0003 N0003 P0188 Z0204,BEDCA,2388,ES,es,generic,,,,,0.83,100g,9.08,38.0,False,1.1,0.7,,,0.2,0.04,0.02,0.13,,,,1.9,4.0,0.01,True,0.0,93.8,0.0,39.0,0.6,8.0,25.0,205.0,0.3,,5.9,2.8,17.0,10.0,0.0,1.0,0.1,0.0,115.0,0.06,0.06,0.31,,,,,,,,,,,,,,,,,,,,,,Endibia,endibia endive,Endive,93,True,GRP-00317,OK,,f_origen original: BEDCA2,2026-09-20T03:50:39.818564+00:00,2026-09-20T03:50:39.818564+00:00
BEDCA-2389,Ensalada,Ensalada,Ensalada,Salad,ensalada,,A0731 A0826 A0987 A1281 B1006 C0165 E0108 F0003 G0003 H0001 J0003 K0003 M0001 N0001 R0212 Z0109,BEDCA,2389,ES,es,generic,,,,,1.0,100g,19.13,80.06,False,1.11,2.99,,,0.28,0.06,0.0,0.18,,,,1.26,7.0,0.0175,True,0.0,94.34,0.0,20.55,0.67,7.23,26.8,216.0,0.19,,2.0,0.1,46.87,16.0,0.0,0.56,0.1,0.0,25.9,0.07,0.05,1.13,,,,,,,,,,,,,,,,,,,,,,Ensalada,ensalada salad,Salad,93,True,GRP-00320,OK,,f_origen original: BEDCA2,2026-09-20T03:50:39.818564+00:00,2026-09-20T03:50:39.818564+00:00
BEDCA-2390,Escarola,Escarola,Escarola,Escarole,escarola,Cichorium endivia,A0705 A0731 A0825 A1012 A1232 A1281 B1446 C0150 E0150 F0003 G0003 H0003 J0003 K0003 M0172 N0036 P0026 R0212 Z0154,BEDCA,2390,ES,es,generic,,,,,0.64,100g,12.33,51.6,False,1.6,1.0,,,0.2,0.05,0.01,0.1,,,,2.6,14.0,0.035,True,0.0,93.8,0.0,55.0,1.0,13.0,37.0,327.0,0.2,,3.0,1.0,73.0,10.0,0.0,,0.1,0.0,110.0,0.06,0.09,0.4,,,,,,,,,,,,,,,,,,,,,,Escarola,escarola escarole,Escarole,93,True,GRP-00322,OK,,f_origen original: BEDCA2,2026-09-20T03:50:39.818564+00:00,2026-09-20T03:50:39.818564+00:00
BEDCA-2393,Esparragos blancos en conserva,Esparragos blancos en conserva,Esparragos blancos en conserva,"Asparagus, white, canned",esparragos blancos en conserva,,A0705 A0731 A0825 A1006 A1234 A1281 B1603 C0101 E0150 F0003 G0003 H0148 H0367 H0492 J0120 K0017 M0134 N0040 P0024 R0001 Z0112,BEDCA,2393,ES,es,generic,,,en_conserva,,1.0,100g,24.19,101.2,False,1.9,3.4,,,0.3,0.07,0.01,0.14,,,,1.0,236.0,0.59,True,0.0,93.4,0.0,19.0,0.7,15.0,43.0,160.0,0.32,,,1.0,65.0,15.0,0.0,1.5,0.03,0.0,30.0,0.07,0.1,0.9,,,,,,,,,,,,,,,,,,,,,,Esparragos blancos en conserva,esparragos blancos en conserva asparagus white canned,"Asparagus, white, canned",93,True,GRP-00324,OK,,f_origen original: BEDCA2,2026-09-20T03:50:39.818564+00:00,2026-09-20T03:50:39.818564+00:00
BEDCA-2394,"Espinaca, en conserva","Espinaca, en conserva","Espinaca, en conserva","Spinach, canned",espinaca en conserva,spinacia oleracea,A0152 A0455 A0629 A0678 A0705 A0731 A0826 B1420 C0200 E0111 F0014 G0014 H0148 H0367 J0123 K0017 M0001 N0001 P0024 R0212 R0497 Z0112 Z0205,BEDCA,2394,ES,es,generic,,,en_conserva,,1.0,100g,14.59,61.04,False,2.2,0.52,,,0.4,0.03,0.02,0.18,,,,6.3,170.0,0.425,True,0.0,90.6,0.0,85.0,,63.0,30.0,213.0,0.5,,2.0,1.0,550.0,14.0,0.0,0.06,0.07,0.0,140.0,0.017,0.06,0.3,,,,,,,,,,,,,,,,,,,,,,"Espinaca, en conserva",espinaca en conserva spinach canned,"Spinach, canned",93,True,GRP-00325,OK,,f_origen original: BEDCA2,2026-09-20T03:50:39.818564+00:00,2026-09-20T03:50:39.818564+00:00
BEDCA-2395,"Espinaca, hervida","Espinaca, hervida","Espinaca, hervida","Spinach, boiled",espinaca hervida,,A0731 A0825 A0987 A1281 B1420 C0150 E0150 F0014 G0014 H0001 J0003 K0032 M0186 N0036 Z0109 Z0204,BEDCA,2395,ES,es,generic,,,hervido,,1.0,100g,21.93,91.74,False,2.39,1.94,,,0.49,,,,,,,1.84,57.0,0.1425,True,0.0,93.14,0.0,119.7,2.1,46.4,52.25,458.93,0.44,,8.75,,771.0,23.63,0.0,1.44,0.17,0.0,105.0,0.08,0.18,1.07,,,,,,,,,,,,,,,,,,,,,,"Espinaca, hervida",espinaca hervida spinach boiled,"Spinach, boiled",87,True,GRP-00326,OK,,f_origen original: BEDCA2,2026-09-20T03:50:39.818564+00:00,2026-09-20T03:50:39.818564+00:00
BEDCA-2396,Grelo,Grelo,Grelo,Turnip greens,grelo,Brassica rapa,A0705 A0731 A0827 A1010 A1234 A1281 B1238 C0101 E0150 F0003 G0003 H0003 J0003 K0004 M0166 N0036 P0024 R0001 Z0215,BEDCA,2396,ES,es,generic,,,,,0.81,100g,11.38,47.6,False,2.7,0.1,,,0.2,0.05,0.04,0.1,,,,3.9,7.0,0.0175,True,0.0,93.1,0.0,98.0,3.1,10.0,35.0,78.0,0.4,,2.0,0.8,1000.0,40.0,0.0,1.0,0.16,0.0,110.0,0.06,0.2,0.9,,,,,,,,,,,,,,,,,,,,,,Grelo,grelo turnip greens,Turnip greens,93,True,GRP-00369,OK,,f_origen original: BEDCA2,2026-09-20T03:50:39.818564+00:00,2026-09-20T03:50:39.818564+00:00
BEDCA-2397,"Judia verde, hervida","Judia verde, hervida","Judia verde, hervida","Green bean, boiled",judia verde hervida,,A0705 A0731 A0826 A1010 A1227 A1281 B1371 C0155 E0150 F0014 G0014 H0001 J0003 K0003 M0001 N0001 P0024 R0212 Z0154,BEDCA,2397,ES,es,generic,,,hervido,,1.0,100g,83.29,348.47,False,1.78,3.94,,,6.79,0.86,3.98,0.85,,,,2.25,1.88,0.0047,True,0.0,85.24,0.0,48.47,0.94,20.81,41.25,243.75,0.22,,3.75,,46.0,21.94,0.0,0.58,0.21,0.0,58.41,0.06,0.09,1.31,,,,,,,,,,,,,,,,,,,,,,"Judia verde, hervida",judia verde hervida green bean boiled,"Green bean, boiled",93,True,GRP-00428,OK,,f_origen original: BEDCA2,2026-09-20T03:50:39.818564+00:00,2026-09-20T03:50:39.818564+00:00
BEDCA-2398,Judias verdes en conserva,Judias verdes en conserva,Judias verdes en conserva,"Green bean, canned",judias verdes en conserva,,A0705 A0731 A0825 A1006 A1227 A1281 B1371 C0262 E0150 F0014 G0003 H0148 H0367 J0123 K0017 M0134 M0175 N0040 N0042 P0024 R0001 Z0112,BEDCA,2398,ES,es,generic,,,en_conserva,,1.0,100g,12.33,51.61,False,1.188,1.63,,,0.1,0.023,0.004,0.052,,,,1.5,249.0,0.6225,True,0.0,95.6,0.0,34.0,1.3,20.0,24.0,143.0,0.2,,1.4,0.9,33.3,4.3,0.0,0.05,0.03,0.0,13.0,0.07,0.04,0.55,,,,,,,,,,,,,,,,,,,,,,Judias verdes en conserva,judias verdes en conserva green bean canned,"Green bean, canned",93,True,GRP-00430,OK,,f_origen original: BEDCA2,2026-09-20T03:50:39.818564+00:00,2026-09-20T03:50:39.818564+00:00
BEDCA-2399,Lechuga,Lechuga,Lechuga,Lettuce,lechuga,Lactuca sativa,A0731 A0825 A0987 A1281 B3358 C0148 E0150 F0003 G0003 H0003 J0003 K0032 M0186 N0036 Z0204,BEDCA,2399,ES,es,generic,Vegetables and vegetable products,Leafy vegetables,,,1.0,100g,15.57,65.12,False,1.125,1.4,,,0.6,0.12,,0.37,,,,1.5,3.0,0.0075,True,0.0,95.2,0.0,34.7,1.0,8.7,28.0,220.0,0.23,,3.0,1.0,8.0,12.2,0.0,0.51,0.06,0.0,33.6,0.06,0.07,0.6,,,,,,,,,,,,,,,,,,,,,,Lechuga,lechuga lettuce,Lettuce,93,True,GRP-00454,OK,,f_origen original: BEDCA2,2026-09-20T03:50:39.818564+00:00,2026-09-20T03:50:39.818564+00:00
BEDCA-2400,Lombarda,Lombarda,Lombarda,Lombard,lombarda,,A0705 A0731 A0827 A1010 A1231 A1281 B2072 C0200 E0150 F0003 G0003 H0003 J0131 K0004 M0166 N0036 P0024 R0001 Z0215,BEDCA,2400,ES,es,generic,Vegetables and vegetable products,Brassica vegetables,,,0.81,100g,22.16,92.7,False,1.5,3.5,,0.1,0.18,0.036,0.006,0.098,,,,2.5,8.0,0.02,True,0.0,92.3,0.0,60.0,0.4,9.0,37.0,250.0,0.1,,2.0,1.0,1.0,55.0,0.0,0.2,0.09,0.0,39.0,0.02,0.01,0.6,,,,,,,,,,,,,,,,,,,,,,Lombarda,lombarda lombard,Lombard,93,True,GRP-00478,OK,,f_origen original: BEDCA2,2026-09-20T03:50:39.818564+00:00,2026-09-20T03:50:39.818564+00:00
BEDCA-2401,"Menestra de verduras, congelada","Menestra de verduras, congelada","Menestra de verduras, congelada","Vegetables, stewed, frozen",menestra de verduras congelada,Apium graveolens var. dulce miller,A0152 A0455 A0629 A0650 A0705 A0731 A0825 B1613 C0240 E0100 F0001 G0003 H0166 H0212 J0136 K0003 M0001 N0001 P0024 R0212 R0497 Z0112 Z0205,BEDCA,2401,ES,es,generic,,,,,1.0,100g,44.65,186.8,False,3.3,6.6,,3.0,0.5,0.098,0.031,0.24,,,,4.0,96.0,0.24,True,0.0,89.6,0.0,35.0,0.8,16.0,57.0,130.0,0.4,,1.0,1.0,420.0,13.0,0.0,0.3,0.11,0.0,52.0,0.12,0.09,1.3,,,,,,,,,,,,,,,,,,,,,,"Menestra de verduras, congelada",menestra de verduras congelada vegetables stewed frozen,"Vegetables, stewed, frozen",93,True,GRP-00510,OK,,f_origen original: BEDCA2,2026-09-20T03:50:39.818564+00:00,2026-09-20T03:50:39.818564+00:00
BEDCA-2402,"Patata, asada","Patata, asada","Patata, asada","Potato, roast",patata asada,,A0706 A0735 A0852 A1009 A1293 B1218 C0308 E0150 F0014 G0005 H0367 M0001 N0001 P0024 P0188 R0212 Z0109 Z0112,BEDCA,2402,ES,es,generic,,,asado,,1.0,100g,205.46,859.65,False,4.29,46.06,,,0.1,0.026,0.002,0.043,,,,7.9,21.0,0.0525,True,0.0,47.31,0.0,34.0,7.04,0.616,101.0,573.0,0.49,,2.6,0.7,1.0,13.5,0.0,0.04,0.614,0.0,22.0,0.122,0.106,3.065,,,,,,,,,,,,,,,,,,,,,,"Patata, asada",patata asada potato roast,"Potato, roast",93,True,GRP-00615,OK,,f_origen original: BEDCA2,2026-09-20T03:50:39.818564+00:00,2026-09-20T03:50:39.818564+00:00
BEDCA-2403,"Patata, cruda","Patata, cruda","Patata, cruda","Potato, raw",patata cruda,Solanum tuberosum,A0706 A0731 A0829 A1010 A1228 A1281 B1218 C0308 E0150 F0003 G0001 H0003 J0003 K0003 M0001 N0003 P0024 R0212 Z0154,BEDCA,2403,ES,es,generic,,,crudo,,0.81,100g,72.47,303.2,False,2.2,15.2,,,0.2,0.03,,0.11,,,,1.7,15.0,0.0375,True,0.0,80.6,0.0,11.0,0.7,20.0,46.0,525.0,0.3,,2.6,1.5,0.0,19.0,0.0,0.06,0.3,0.0,16.0,0.1,0.04,1.15,,,,,,,,,,,,,,,,,,,,,,"Patata, cruda",patata cruda potato raw,"Potato, raw",93,True,GRP-00616,OK,,f_origen original: BEDCA2,2026-09-20T03:50:39.818564+00:00,2026-09-20T03:50:39.818564+00:00
BEDCA-2404,"Patata, hervida","Patata, hervida","Patata, hervida","Potato, boiled",patata hervida,,A0706 A0731 A0829 A1010 A1228 A1281 B1218 C0308 E0150 F0014 G0014 H0003 J0003 K0003 M0001 N0003 P0024 R0212 Z0154,BEDCA,2404,ES,es,generic,,,hervido,,1.0,100g,74.9,313.4,False,2.38,15.62,,,0.2,0.05,,0.11,,,,1.8,7.25,0.0181,True,0.0,79.39,0.0,6.84,0.68,15.92,47.5,413.25,0.24,,3.5,1.31,0.0,12.15,0.0,0.05,0.19,0.0,8.33,0.08,0.03,1.07,,,,,,,,,,,,,,,,,,,,,,"Patata, hervida",patata hervida potato boiled,"Potato, boiled",93,True,GRP-00618,OK,,f_origen original: BEDCA2,2026-09-20T03:50:39.818564+00:00,2026-09-20T03:50:39.818564+00:00
BEDCA-2405,"Patata, prefrita, congelada","Patata, prefrita, congelada","Patata, prefrita, congelada","Potato, prefried, frozen",patata prefrita congelada,Solanum tuberosum,A0152 A0731 A0829 B1218 C0240 E0115 F0018 G0001 H0263 J0136 K0003 M0001 N0001 P0024 Z0112 Z0205,BEDCA,2405,ES,es,generic,,,,,1.0,100g,269.27,1126.63,False,4.1,32.79,,,13.5,1.2,6.7,4.9,2.657,,,3.5,29.0,0.0725,True,0.0,46.1,0.0,15.0,0.9,33.0,120.0,710.0,0.6,,7.0,2.0,,16.0,0.0,0.9,0.46,0.0,30.0,0.16,0.08,3.1,,,0.036,0.141,5.428,1.098,2.582,0.205,0.026,,,,,,,,,,,,,"Patata, prefrita, congelada",patata prefrita congelada potato prefried frozen,"Potato, prefried, frozen",93,True,GRP-00619,OK,,f_origen original: BEDCA2,2026-09-20T03:50:39.818564+00:00,2026-09-20T03:50:39.818564+00:00
BEDCA-2406,Pepinillos en vinagre,Pepinillos en vinagre,Pepinillos en vinagre,Pickled gherkin,pepinillos en vinagre,,A0731 A0826 A0987 A1281 B1404 C0137 E0150 F0014 G0003 H0101 J0104 K0003 M0210 N0040 R0212 Z0112 Z0204,BEDCA,2406,ES,es,generic,Vegetables and vegetable products,Fruiting vegetables,,,1.0,100g,15.67,65.58,False,1.04,2.6,,,0.1,0.03,0.002,0.04,,,,1.2,960.0,2.4,True,0.0,91.7,0.0,30.0,1.6,11.0,30.0,110.0,0.3,,0.0,0.0,13.0,1.0,0.0,0.16,0.38,0.0,6.0,0.003,0.022,0.2,,,,,,,,,,,,,,,,,,,,,,Pepinillos en vinagre,pepinillos en vinagre pickled gherkin,Pickled gherkin,93,True,GRP-00633,OK,,f_origen original: BEDCA2,2026-09-20T03:50:39.818564+00:00,2026-09-20T03:50:39.818564+00:00
BEDCA-2407,Pepino,Pepino,Pepino,Cucumber,pepino,Cucumis sativus,A0731 A0826 A0987 A1281 B1404 C0137 E0150 F0003 G0003 H0003 J0003 K0003 M0186 N0036 Z0204,BEDCA,2407,ES,es,generic,Vegetables and vegetable products,Fruiting vegetables,,,1.0,100g,11.85,49.6,False,0.7,2.0,,,0.1,,,,,,,0.8,3.0,0.0075,True,0.0,95.7,0.0,19.0,0.3,12.0,23.0,150.0,0.1,,0.3,0.8,2.0,5.0,0.0,0.09,0.04,0.0,13.0,0.02,0.02,0.23,,,,,,,,,,,,,,,,,,,,,,Pepino,pepino cucumber,Cucumber,87,True,GRP-00634,OK,,f_origen original: BEDCA2,2026-09-20T03:50:39.818564+00:00,2026-09-20T03:50:39.818564+00:00
BEDCA-2408,"Pimiento morrón, en conserva","Pimiento morrón, en conserva","Pimiento morrón, en conserva","Sweet pepper, whole, canned",pimiento morron en conserva,Capsicum annuum var. annuum,A0152 A0731 A0826 B1250 C0229 E0107 F0014 G0001 H0148 H0367 J0123 K0017 M0151 M0204 N0001 P0024 Z0112 Z0205,BEDCA,2408,ES,es,generic,,,en_conserva,,1.0,100g,29.5,123.43,False,1.19,5.2,,,0.4,0.1,0.013,0.2,,,,1.5,70.0,0.175,True,0.0,91.7,0.0,9.0,0.3,14.0,26.0,180.0,0.2,,0.4,0.3,375.0,81.0,0.0,0.9,0.31,0.0,11.0,0.01,0.03,1.1,,,,,,,,,,,,,,,,,,,,,,"Pimiento morrón, en conserva",pimiento morron en conserva sweet pepper whole canned,"Sweet pepper, whole, canned",93,True,GRP-00658,OK,,f_origen original: BEDCA2,2026-09-20T03:50:39.818564+00:00,2026-09-20T03:50:39.818564+00:00
BEDCA-2409,"Pimiento rojo, crudo","Pimiento rojo, crudo","Pimiento rojo, crudo","Red pepper, raw",pimiento rojo crudo,Capsicum frutescens,A0705 A0731 A0826 A1010 A1227 A1281 B1356 C0140 E0150 F0003 G0003 H0003 J0003 K0003 M0001 N0001 P0024 R0212 Z0154,BEDCA,2409,ES,es,generic,,,crudo,,0.83,100g,28.87,120.8,False,1.3,4.5,,,0.6,0.14,0.04,0.26,,,,1.8,6.0,0.015,True,0.0,92.2,0.0,9.0,0.4,8.0,15.0,155.0,0.1,,0.78,0.1,90.0,152.0,0.0,0.86,0.3,0.0,23.0,0.04,0.01,0.1,,,,,,,,,,,,,,,,,,,,,,"Pimiento rojo, crudo",pimiento rojo crudo red pepper raw,"Red pepper, raw",93,True,GRP-00659,OK,,f_origen original: BEDCA2,2026-09-20T03:50:39.818564+00:00,2026-09-20T03:50:39.818564+00:00
BEDCA-2410,"Pimiento, frito","Pimiento, frito","Pimiento, frito","Pepper, fried",pimiento frito,,A0705 A0731 A0826 A1010 A1227 A1281 B1356 C0140 E0150 F0014 G0035 H0001 J0003 K0003 M0001 N0001 P0024 R0212 Z0154,BEDCA,2410,ES,es,generic,,,frito,,1.0,100g,20.09,84.07,False,0.88,3.63,,,0.2,0.04,0.01,0.1,,,,1.4,3.92,0.0098,True,0.0,93.8,0.0,11.76,0.49,13.23,24.5,205.8,0.2,,,,59.06,88.43,0.0,0.78,0.19,0.0,16.25,0.04,0.03,0.77,,,,,,,,,,,,,,,,,,,,,,"Pimiento, frito",pimiento frito pepper fried,"Pepper, fried",93,True,GRP-00657,OK,,f_origen original: BEDCA2,2026-09-20T03:50:39.818564+00:00,2026-09-20T03:50:39.818564+00:00
BEDCA-2411,"Puerro, crudo y congelado","Puerro, crudo y congelado","Puerro, crudo y congelado","Leek, raw, frozen",puerro crudo y congelado,"Allium porrum, l.",A0152 A0455 A0629 A0650 A0705 A0731 A0826 B1308 C0100 E0150 F0003 G0003 H0003 J0136 K0001 M0001 N0001 P0024 R0212 R0497 Z0112 Z0205,BEDCA,2411,ES,es,generic,,,crudo,,0.35,100g,24.19,101.2,False,1.6,3.7,,,0.3,,,0.2,,,,2.8,12.0,0.03,True,0.0,90.5,0.0,31.0,0.9,11.0,35.0,256.0,0.2,,8.6,0.76,83.0,18.0,0.0,0.73,0.3,0.0,96.0,0.07,0.04,0.4,,,,,,,,,,,,,,,,,,,,,,"Puerro, crudo y congelado",puerro crudo congelado leek raw frozen,"Leek, raw, frozen",87,True,GRP-00688,OK,,f_origen original: BEDCA2,2026-09-20T03:50:39.818564+00:00,2026-09-20T03:50:39.818564+00:00
BEDCA-2413,"Puré de patata, en copos","Puré de patata, en copos","Puré de patata, en copos","mashed potato, flakes",pure de patata en copos,Solanum tuberosum,A0152 A0731 A0829 B1218 C0240 E0122 F0001 G0003 H0138 H0227 J0116 K0001 M0001 N0036 P0024 Z0109 Z0112 Z0205,BEDCA,2413,ES,es,generic,,,,,1.0,100g,359.95,1506.05,False,8.2,78.65,,,0.8,0.15,0.02,0.472,,,,6.05,138.0,0.345,True,0.0,6.42,0.0,89.0,2.4,69.0,310.0,1290.0,1.1,,2.6,26.3,0.0,12.0,0.0,0.1,0.18,0.0,24.0,0.04,0.14,7.583,,,,,,,,,,,,,,,,,,,,,,"Puré de patata, en copos",pure de patata en copos mashed potato flakes,"mashed potato, flakes",93,True,GRP-00696,OK,,f_origen original: BEDCA2,2026-09-20T03:50:39.818564+00:00,2026-09-20T03:50:39.818564+00:00
BEDCA-2414,"Puré de patatas y champiñones, en copos","Puré de patatas y champiñones, en copos","Puré de patatas y champiñones, en copos","Mashed potatoes and mushrooms, flakes",pure de patatas y champinones en copos,,A0152 A0467 A0641 A0663 A0722 A0735 A0829 B1218 C0240 E0139 F0001 G0034 H0148 H0166 H0184 H0227 H0259 H0367 J0001 K0003 M0001 N0001 P0024 R0212 R0497 Z0109 Z0112 Z0205,BEDCA,2414,ES,es,generic,,,,,1.0,100g,387.19,1620.0,False,10.3,75.2,,,4.5,,,0.1,,,,1.7,1049.7,2.6242,True,0.0,8.3,0.0,45.5,2.6,94.1,161.6,1885.9,1.2,,1.8,5.9,3.1,27.0,0.0,0.0,0.02,0.02,0.0,0.18,0.17,4.7,0.2,0.0,,,,,,,,,,,,,,,,,,,,"Puré de patatas y champiñones, en copos",pure de patatas champinones en copos mashed potatoes and mushrooms flakes,"Mashed potatoes and mushrooms, flakes",87,True,GRP-00698,OK,,f_origen original: BEDCA2,2026-09-20T03:50:39.818564+00:00,2026-09-20T03:50:39.818564+00:00
BEDCA-2415,Rábano,Rábano,Rábano,Radish,rabano,Raphanus sativus,A0705 A0731 A0826 A1010 A1227 A1281 B1315 C0305 E0150 F0003 G0003 H0003 J0003 K0003 M0001 N0001 P0024 R0212 Z0204,BEDCA,2415,ES,es,generic,,,,,0.81,100g,15.65,65.5,False,0.6,2.6,,,0.3,,,,,,,1.2,12.0,0.03,True,0.0,94.8,0.0,20.0,0.8,7.0,18.0,243.0,0.2,,1.2,2.0,2.0,23.0,0.0,,0.1,0.0,50.0,0.03,0.04,0.3,,,,,,,,,,,,,,,,,,,,,,Rábano,rabano radish,Radish,87,True,GRP-00767,OK,,f_origen original: BEDCA2,2026-09-20T03:50:39.818564+00:00,2026-09-20T03:50:39.818564+00:00
BEDCA-2416,"Remolacha, en conserva","Remolacha, en conserva","Remolacha, en conserva","beetroot, canned",remolacha en conserva,Beta vulgaris,A0152 A0731 A0826 B1309 C0240 E0151 F0014 G0014 H0148 H0367 J0123 K0010 M0194 M0210 N0001 P0024 Z0112 Z0205,BEDCA,2416,ES,es,generic,,,en_conserva,,1.0,100g,29.4,123.0,False,1.2,5.6,,0.3,0.2,,,0.1,,,,2.5,120.0,0.3,True,0.0,90.5,0.0,19.0,0.5,13.0,17.0,190.0,0.3,,0.1,,,2.8,0.0,,0.04,0.0,2.0,0.02,0.03,0.3,,,,,,,,,,,,,,,,,,,,,,"Remolacha, en conserva",remolacha en conserva beetroot canned,"beetroot, canned",87,True,GRP-00785,OK,,f_origen original: BEDCA2,2026-09-20T03:50:39.818564+00:00,2026-09-20T03:50:39.818564+00:00
BEDCA-2417,Repollo,Repollo,Repollo,Cabbage,repollo,Brasica oleracea,A0152 A0705 A0731 A0825 A1010 A1227 B1281 C0150 E0150 F0003 G0003 H0003 J0003 K0003 M0172 N0036 P0188 Z0154,BEDCA,2417,ES,es,generic,,,,,0.74,100g,25.88,108.3,False,1.8,3.7,,,0.4,0.1,,0.3,,,,3.1,16.0,0.04,True,0.0,89.3,0.0,57.0,0.6,6.0,46.0,270.0,0.4,,2.0,1.0,4.0,49.0,0.0,0.2,0.2,0.0,78.0,0.12,0.02,0.3,,,,,,,,,,,,,,,,,,,,,,Repollo,repollo cabbage,Cabbage,93,True,GRP-00786,OK,,f_origen original: BEDCA2,2026-09-20T03:50:39.818564+00:00,2026-09-20T03:50:39.818564+00:00
BEDCA-2418,Rúcula,Rúcula,Rúcula,Arugula,rucula,Eruca vesicaria,A0705 A0731 A0825 A1006 A1227 A1281 B3372 C0150 E0150 F0003 G0003 H0003 J0003 K0003 M0172 N0036 P0188 R0358 Z0204,BEDCA,2418,ES,es,generic,Vegetables and vegetable products,Leafy vegetables,,,1.0,100g,31.15,130.33,False,2.58,3.65,,,0.66,0.086,0.049,0.319,,,,1.6,27.0,0.0675,True,0.0,91.71,0.0,160.0,1.46,47.0,52.0,369.0,0.47,,,0.3,596.0,15.0,0.0,0.43,0.073,0.0,97.0,0.044,0.086,0.305,,,,,,,,,,,,,,,,,,,,,,Rúcula,rucula arugula,Arugula,93,True,GRP-00795,OK,,f_origen original: BEDCA2,2026-09-20T03:50:39.818564+00:00,2026-09-20T03:50:39.818564+00:00
BEDCA-2419,Seta,Seta,Seta,Mushroom,seta,Agaricus spp,A0650 A0705 A0731 A0826 A1012 A1281 B1467 C0296 E0150 F0003 G0003 H0003 J0131 K0004 M0128 M0177 M0391 N0035 N0036 P0024 R0001 Z0215,BEDCA,2419,ES,es,generic,,,,,0.8,100g,26.22,109.7,False,1.8,4.0,,,0.3,0.07,,0.17,,,,2.5,5.0,0.0125,True,0.0,91.4,0.0,9.0,1.0,14.0,74.0,325.0,0.1,,3.0,9.0,0.0,4.0,0.0,0.12,0.1,0.0,23.0,0.1,0.41,4.6,,,,,,,,,,,,,,,,,,,,,,Seta,seta mushroom,Mushroom,93,True,GRP-00841,OK,,f_origen original: BEDCA2,2026-09-20T03:50:39.818564+00:00,2026-09-20T03:50:39.818564+00:00
BEDCA-2420,"Seta, plancha","Seta, plancha","Seta, plancha","Mushroom, griddle",seta plancha,,A0467 A0705 A0825 A1010 A1235 A1281 B1467 C0247 E0150 F0014 G0035 J0003 K0003 M0001 N0001 P0024 R0212 Z0109 Z0204,BEDCA,2420,ES,es,generic,,,a_la_plancha,,1.0,100g,13.07,54.68,False,1.76,0.39,,,0.49,0.1,0.0,0.3,,,,1.7,4.9,0.0123,True,0.0,92.6,0.0,5.88,0.59,8.82,78.4,313.6,0.39,,2.94,8.82,0.0,0.68,0.0,0.12,0.14,0.0,28.6,0.07,0.26,2.98,,,,,,,,,,,,,,,,,,,,,,"Seta, plancha",seta plancha mushroom griddle,"Mushroom, griddle",93,True,GRP-00840,OK,,f_origen original: BEDCA2,2026-09-20T03:50:39.818564+00:00,2026-09-20T03:50:39.818564+00:00
BEDCA-2421,Tomate,Tomate,Tomate,Tomato,tomate,Lycopersicum esculentum,A0705 A0731 A0826 A1006 A1227 A1281 B1276 C0140 E0150 F0003 G0003 H0003 J0003 K0003 M0003 N0003 P0024 R0212 Z0154,BEDCA,2421,ES,es,generic,Vegetables and vegetable products,Fruiting vegetables,,,0.95,100g,18.76,78.5,False,0.9,3.5,,,0.1,,,0.11,,,,1.1,18.0,0.045,True,0.0,93.9,0.0,11.0,0.5,10.0,22.0,236.0,0.2,,2.2,0.99,82.0,19.0,0.0,0.89,0.1,0.0,29.0,0.06,0.04,0.8,,,,,0.027,0.01,0.038,0.122,0.001,,,,,,,,,,,,,Tomate,tomate tomato,Tomato,87,True,GRP-00873,OK,,f_origen original: BEDCA2,2026-09-20T03:50:39.818564+00:00,2026-09-20T03:50:39.818564+00:00
BEDCA-2422,"Tomate, asado","Tomate, asado","Tomate, asado","Tomato, roasted",tomate asado,,A0705 A0731 A0826 A1006 A1227 A1281 B1276 C0140 E0150 F0014 G0005 H0001 J0003 K0003 M0003 N0003 P0024 R0212 Z0154,BEDCA,2422,ES,es,generic,,,asado,,1.0,100g,18.89,79.04,False,0.98,3.43,,,0.11,,,0.11,,,,1.4,5.88,0.0147,True,0.0,93.99,0.0,10.39,0.69,8.13,26.46,245.0,0.16,,1.96,0.0,86.95,17.96,0.0,0.87,0.1,0.0,19.44,0.06,0.03,1.57,,,,,,,,,,,,,,,,,,,,,,"Tomate, asado",tomate asado tomato roasted,"Tomato, roasted",87,True,GRP-00869,OK,,f_origen original: BEDCA2,2026-09-20T03:50:39.818564+00:00,2026-09-20T03:50:39.818564+00:00
BEDCA-2423,"Tomate, maduro, pelado y triturado, enlatado","Tomate, maduro, pelado y triturado, enlatado","Tomate, maduro, pelado y triturado, enlatado","tomato, ripe, peeled and ground, canned",tomate maduro pelado y triturado enlatado,lycopersicum esculentum l,A0152 A0731 A0826 B1276 C0230 E0134 F0014 G0001 H0367 J0123 K0003 M0001 N0001 P0024 Z0052 Z0112,BEDCA,2423,ES,es,generic,,,en_conserva,,1.0,100g,36.32,151.95,False,2.3,5.55,,,0.5,0.071,0.077,0.202,,,,1.204,590.0,1.475,True,0.0,90.4,0.0,60.0,1.0,32.0,34.0,1160.0,0.27,,2.2,0.6,207.0,9.0,0.0,0.83,0.18,0.0,11.0,0.093,0.058,0.998,,,,,,,,,,,,,,,,,,,,,,"Tomate, maduro, pelado y triturado, enlatado",tomate maduro pelado triturado enlatado tomato ripe peeled and ground canned,"tomato, ripe, peeled and ground, canned",93,True,GRP-00871,OK,,f_origen original: BEDCA2,2026-09-20T03:50:39.818564+00:00,2026-09-20T03:50:39.818564+00:00
BEDCA-2424,"Zanahoria, cruda","Zanahoria, cruda","Zanahoria, cruda","Carrot, raw",zanahoria cruda,,A0705 A0731 A0826 A1006 A1227 A1281 B1227 C0305 E0150 F0003 G0003 H0003 J0003 K0003 M0001 N0001 P0024 R0212 Z0154,BEDCA,2424,ES,es,generic,,,crudo,,1.0,100g,34.35,143.7,False,0.8,7.0,,,0.3,0.05,0.02,0.12,,,,2.6,70.0,0.175,True,0.0,87.8,0.0,42.0,0.3,10.0,16.0,286.0,0.2,,6.5,1.3,1346.0,7.0,0.0,0.5,0.2,0.0,30.0,0.1,0.05,0.6,,,,,,,,,,,,,,,,,,,,,,"Zanahoria, cruda",zanahoria cruda carrot raw,"Carrot, raw",93,True,GRP-00943,OK,,f_origen original: BEDCA2,2026-09-20T03:50:39.818564+00:00,2026-09-20T03:50:39.818564+00:00
BEDCA-2425,Agua de la red,Agua de la red,Agua de la red,Tap water,agua de la red,,A0709 A0734 A0844 B3323 C0005 E0123 F0003 G0003 H0001 J0001 K0001 M0003 N0003 P0026,BEDCA,2425,ES,es,generic,,,,,1.0,100g,0.0,0.0,False,0.0,0.0,,,0.0,0.0,0.0,0.0,,,,0.0,,,False,0.0,100.0,0.0,,,0.0,,,,,,,0.0,0.0,0.0,0.0,0.0,0.0,0.0,0.0,0.0,0.0,,,,,,,,,,,,,,,,,,,,,,Agua de la red,agua de la red tap water,Tap water,87,True,GRP-00024,OK,,f_origen original: BEDCA2,2026-09-20T03:50:39.818564+00:00,2026-09-20T03:50:39.818564+00:00
BEDCA-2426,"Agua mineral, mineralización debil","Agua mineral, mineralización debil","Agua mineral, mineralización debil",Mineral water,agua mineral mineralizacion debil,,A0709 A0734 A0844 A0923 B1217 C0005 E0123 F0003 G0003 H0001 J0001 K0001 M0172 N0036,BEDCA,2426,ES,es,generic,,,,,1.0,100g,0.0,0.0,False,0.0,0.0,,,0.0,0.0,0.0,0.0,,,,0.0,1.0,0.0025,True,0.0,100.0,0.0,5.0,,2.0,0.0,,0.0,,0.0,,0.0,0.0,0.0,0.0,0.0,0.0,0.0,0.0,0.0,0.0,,,,,,,,,,,,,,,,,,,,,,"Agua mineral, mineralización debil",agua mineral mineralizacion debil water,Mineral water,93,True,GRP-00025,OK,,f_origen original: BEDCA2,2026-09-20T03:50:39.818564+00:00,2026-09-20T03:50:39.818564+00:00
BEDCA-2427,Aguardiente,Aguardiente,Aguardiente,Aguardiente,aguardiente,,A0277 A0465 A0639 A0713 A0734 A0850 B1347 C0174 E0123 F0001 G0003 H0232 H0270 J0001 K0003 M0001 N0001 P0024 R0212 R0495 Z0170 Z0215,BEDCA,2427,ES,es,generic,,,,,1.0,100g,235.66,986.0,False,,,,0.0,,0.0,0.0,0.0,,,,0.0,,,False,0.0,67.0,34.0,,,,,,,,,,0.0,0.0,0.0,0.0,0.0,0.0,0.0,0.0,0.0,0.0,,,,,,,,,,,,,,,,,,,,,,Aguardiente,aguardiente,,70,True,GRP-00028,OK,,f_origen original: BEDCA2,2026-09-20T03:50:39.818564+00:00,2026-09-20T03:50:39.818564+00:00
BEDCA-2428,Licor de crema 15-17% vol.,Licor de crema 15-17% vol.,Licor de crema 15-17% vol.,Cream liqueur 15-17% volume,licor de crema 15 17 vol,,A0465 A0712 A0734 A0849 A0886 A1284 B3324 C0005 E0109 F0014 G0001 H0270 K0003 M0130 N0040 P0188 R0212 Z0112,BEDCA,2428,ES,es,generic,,,,,1.0,100g,322.3,1348.5,False,0.0,20.9,,,14.8,8.0,3.8,0.6,,,,,80.0,0.2,True,0.04,52.3,12.0,16.5,,1.8,34.9,17.4,0.2,,,0.0,180.7,0.2,0.0,0.5,0.01,0.08,2.0,0.01,0.06,0.75,,,,,,,,,,,,,,,,,,,,,,Licor de crema 15-17% vol.,licor de crema 15 17 vol cream liqueur volume,Cream liqueur 15-17% volume,87,True,GRP-00471,OK,,f_origen original: BEDCA2,2026-09-20T03:50:39.818564+00:00,2026-09-20T03:50:39.818564+00:00
BEDCA-2429,Bebida energética,Bebida energética,Bebida energética,Energy drink,bebida energetica,,A0465 A0709 A0734 A0843 A0922 A1284 B1288 C0001 E0123 F0003 G0003 H0136 H0148 H0159 H0163 H0175 H0210 J0003 K0003 M0182 N0042 P0188 Z0112,BEDCA,2429,ES,es,generic,Water and water-based beverages,Water based beverages,,,1.0,100g,4.57,19.11,False,0.25,0.7,,,0.08,0.0,0.0,0.0,,,,0.0,39.0,0.0975,True,0.0,98.35,0.0,13.0,0.02,3.0,0.0,3.0,0.0,,0.4,0.2,0.0,0.0,0.0,0.0,1.9,1.99,1.995,0.025,0.575,8.5,,,,,,,,,,,,,,,,,,,,,,Bebida energética,bebida energetica energy drink,Energy drink,93,True,GRP-00109,OK,,f_origen original: BEDCA2,2026-09-20T03:50:39.818564+00:00,2026-09-20T03:50:39.818564+00:00
BEDCA-2430,Bebida isotónica,Bebida isotónica,Bebida isotónica,Sport drink,bebida isotonica,,A0709 A0734 A0843 A0912 A1284 B1217 C0005 E0123 F0014 G0001 H0196 H0400 H0430 H0491 H0532 H0589 H0643 H0671 H0749 J0123 K0004 M0172 M0175 N0036 N0042 P0024 R0001,BEDCA,2430,ES,es,generic,,,,,1.0,100g,32.1,134.3,False,0.0,7.9,,,0.0,0.0,0.0,0.0,,,,0.0,24.0,0.06,True,0.0,92.1,0.0,0.8,,5.0,1.0,2.2,,,1.0,,0.0,0.0,0.0,0.5,0.1,0.0,0.0,0.0,0.0,0.9,,,,,,,,,,,,,,,,,,,,,,Bebida isotónica,bebida isotonica sport drink,Sport drink,93,True,GRP-00110,OK,,f_origen original: BEDCA2,2026-09-20T03:50:39.818564+00:00,2026-09-20T03:50:39.818564+00:00
BEDCA-2431,"Cacao, en polvo, azucarado, bajo en calorías","Cacao, en polvo, azucarado, bajo en calorías","Cacao, en polvo, azucarado, bajo en calorías","Soluble cocoa, with sugar, powder, light",cacao en polvo azucarado bajo en calorias,Theobroma cacao l,A0272 A0467 A0662 A0710 A0733 A0839 B1012 C0108 E0106 F0001 G0003 H0138 H0158 H0227 H0231 H0247 J0116 K0003 M0001 N0001 P0024 P0034 R0212 R0497 Z0089 Z0112,BEDCA,2431,ES,es,generic,,,deshidratado,,1.0,100g,384.08,1607.0,False,9.8,67.1,,,8.1,4.47,2.56,0.25,,,,0.8,200.0,0.5,True,6.0,13.0,0.0,40.0,4.96,208.0,210.0,550.0,3.44,,3.1,16.7,0.0,0.0,0.0,0.43,0.318,0.0,15.0,0.267,1.4,1.08,,,,,,,,,,,,,,,,,,,,,,"Cacao, en polvo, azucarado, bajo en calorías",cacao en polvo azucarado bajo calorias soluble cocoa with sugar powder light,"Soluble cocoa, with sugar, powder, light",93,True,GRP-00148,OK,,f_origen original: BEDCA2,2026-09-20T03:50:39.818564+00:00,2026-09-20T03:50:39.818564+00:00
BEDCA-2432,"Café, en polvo, soluble","Café, en polvo, soluble","Café, en polvo, soluble","Soluble coffee, powder",cafe en polvo soluble,Coffea arabica l,A0268 A0465 A0639 A0662 A0710 A0734 A0845 B1305 C0155 E0117 F0014 G0003 H0138 H0169 J0116 K0003 M0001 N0001 P0024 R0212 R0497 Z0112,BEDCA,2432,ES,es,generic,,,deshidratado,,1.0,100g,119.86,501.5,False,18.5,11.0,,4.5,,0.19,0.041,0.2,,,,20.7,41.0,0.1025,True,0.0,46.0,0.0,160.0,4.4,390.0,350.0,4000.0,0.5,,,,0.0,0.0,0.0,,0.03,0.0,,0.0,0.11,24.9,,,,,,,,,,,,,,,,,,,,,,"Café, en polvo, soluble",cafe en polvo soluble coffee powder,"Soluble coffee, powder",87,True,GRP-00153,OK,,f_origen original: BEDCA2,2026-09-20T03:50:39.818564+00:00,2026-09-20T03:50:39.818564+00:00
BEDCA-2433,"Café, infusión","Café, infusión","Café, infusión","Coffee, brewed",cafe infusion,,A0710 A0734 A0845 A0891 A1243 A1284 B1324 C0158 E0123 F0014 G0003 H0003 J0003 K0003 M0003 N0003 P0188 R0212,BEDCA,2433,ES,es,generic,,,,,1.0,100g,2.08,8.7,False,0.12,0.0,,,0.18,0.092,0.0,0.092,,,,0.0,14.0,0.035,True,0.0,97.8,0.0,2.0,0.13,80.0,7.0,115.0,0.05,,,0.0,0.0,0.2,0.0,0.01,0.002,0.0,1.0,0.001,0.177,5.207,,,,,,,,,,,,,,,,,,,,,,"Café, infusión",cafe infusion coffee brewed,"Coffee, brewed",93,True,GRP-00155,OK,,f_origen original: BEDCA2,2026-09-20T03:50:39.818564+00:00,2026-09-20T03:50:39.818564+00:00
BEDCA-2434,"Café, infusión, descafeinado","Café, infusión, descafeinado","Café, infusión, descafeinado","Coffee, brewed, decaffeinated",cafe infusion descafeinado,,A0710 A0734 A0845 A0891 A1243 A1284 B1324 C0158 E0123 F0014 G0003 H0003 J0003 K0003 M0003 N0003 P0118 P0188 R0212,BEDCA,2434,ES,es,generic,,,,,1.0,100g,2.08,8.7,False,0.12,0.0,,,0.18,0.092,0.0,0.092,,,,0.0,14.0,0.035,True,0.0,97.8,0.0,2.0,0.13,80.0,7.0,115.0,0.05,,,0.0,0.0,0.2,0.0,0.01,0.002,0.0,1.0,0.001,0.177,5.207,,,,,,,,,,,,,,,,,,,,,,"Café, infusión, descafeinado",cafe infusion descafeinado coffee brewed decaffeinated,"Coffee, brewed, decaffeinated",93,True,GRP-00154,OK,,f_origen original: BEDCA2,2026-09-20T03:50:39.818564+00:00,2026-09-20T03:50:39.818564+00:00
BEDCA-2435,"Café, sucedáneo, soluble","Café, sucedáneo, soluble","Café, sucedáneo, soluble","Coffee, substitute, instant",cafe sucedaneo soluble,Coffea arabica l,A0268 A0465 A0639 A0662 A0710 A0734 A0845 B1305 C0132 E0117 F0014 G0005 H0138 H0169 H0229 J0116 K0003 M0001 N0001 P0024 R0212 R0497 Z0089 Z0112,BEDCA,2435,ES,es,generic,,,,,1.0,100g,408.75,1710.2,False,12.3,80.9,,,3.4,0.63,0.37,1.77,,,,0.1,73.0,0.1825,True,0.0,3.3,0.0,250.0,2.0,244.0,450.0,1840.0,0.5,,0.0,14.8,0.0,0.0,0.0,,0.22,0.0,0.0,0.01,0.1,17.47,,,,,,,,,,,,,,,,,,,,,,"Café, sucedáneo, soluble",cafe sucedaneo soluble coffee substitute instant,"Coffee, substitute, instant",93,True,GRP-00156,OK,,f_origen original: BEDCA2,2026-09-20T03:50:39.818564+00:00,2026-09-20T03:50:39.818564+00:00
BEDCA-2436,Cava,Cava,Cava,"Sparkling wine, ""cava"" type",cava,,A0713 A0734 A0848 A0876 A1284 B1329 C0165 E0123 F0014 G0012 H0232 H0749 H0751 J0104 K0004 M0130 N0040 P0188 R0212 Z0112,BEDCA,2436,ES,es,generic,Alcoholic beverages,Wine and wine-like drinks,,,1.0,100g,69.98,292.8,False,0.2,1.5,,,0.0,0.0,0.0,0.0,,,,0.0,4.0,0.01,True,0.0,89.2,9.1,10.0,0.8,6.0,7.0,48.0,,,0.01,,0.0,0.0,0.0,0.0,0.02,0.0,,,,0.2,,,,,,,,,,,,,,,,,,,,,,Cava,cava sparkling wine type,"Sparkling wine, ""cava"" type",93,True,GRP-00192,OK,,f_origen original: BEDCA2,2026-09-20T03:50:39.818564+00:00,2026-09-20T03:50:39.818564+00:00
BEDCA-2437,Cerveza con alcohol,Cerveza con alcohol,Cerveza con alcohol,Beer,cerveza con alcohol,,A0711 A0734 A0847 A0882 A1284 B1230 C0203 E0123 F0003 G0003 H0232 H0430 H0640 H0754 J0121 K0004 M0175 M0210 N0040 N0042 P0188 R0001 Z0112,BEDCA,2437,ES,es,generic,,,,,1.0,100g,42.16,176.38,False,0.5,3.12,,,0.0,0.0,0.0,0.0,,,,0.0,4.4,0.011,True,0.0,92.4,3.96,8.0,0.01,9.6,55.0,37.0,0.006,,8.0,1.2,,0.0,0.0,0.0,0.062,0.15,6.3,0.003,0.033,0.43,,,,,,,,,,,,,,,,,,,,,,Cerveza con alcohol,cerveza con alcohol beer,Beer,93,True,GRP-00230,OK,,f_origen original: BEDCA2,2026-09-20T03:50:39.818564+00:00,2026-09-20T03:50:39.818564+00:00
BEDCA-2438,Cerveza sin alcohol,Cerveza sin alcohol,Cerveza sin alcohol,Non-alcoholic beer,cerveza sin alcohol,,A0711 A0734 A0842 A0912 A1284 B1230 C0203 E0123 F0003 G0003 H0232 H0286 H0491 H0754 J0121 K0004 M0175 M0210 N0040 N0042 P0188 R0001 Z0112,BEDCA,2438,ES,es,generic,Alcoholic beverages,Beer and beer-like beverage,,,1.0,100g,25.75,107.75,False,0.375,5.4,,,0.0,0.0,0.0,0.0,,,,0.0,2.6,0.0065,True,0.0,93.9,0.33,5.0,0.02,7.7,20.0,40.0,0.008,,1.0,1.2,0.0,0.0,0.0,0.0,0.034,0.1,15.0,0.006,0.0055,0.7,,,,,,,,,,,,,,,,,,,,,,Cerveza sin alcohol,cerveza sin alcohol non alcoholic beer,Non-alcoholic beer,93,True,GRP-00232,OK,,f_origen original: BEDCA2,2026-09-20T03:50:39.818564+00:00,2026-09-20T03:50:39.818564+00:00
BEDCA-2439,"Cerveza, baja en alcohol","Cerveza, baja en alcohol","Cerveza, baja en alcohol","Beer, low alcohol",cerveza baja en alcohol,Lupulus humulos,A0195 A0465 A0639 A0662 A0711 A0734 A0847 B1230 C0102 E0123 F0001 G0003 H0229 H0232 H0246 H0287 J0001 K0003 M0001 N0001 P0024 R0212 R0497 Z0112,BEDCA,2439,ES,es,generic,,,,,1.0,100g,33.6,140.6,False,0.2,2.1,,0.0,0.0,0.0,0.0,0.0,,,,0.0,7.0,0.0175,True,0.0,97.7,3.5,10.0,,6.0,20.0,34.0,,,1.0,,,0.0,0.0,0.0,0.05,,3.0,,0.02,0.7,,,,,,,,,,,,,,,,,,,,,,"Cerveza, baja en alcohol",cerveza baja en alcohol beer low,"Beer, low alcohol",93,True,GRP-00229,OK,,f_origen original: BEDCA2,2026-09-20T03:50:39.818564+00:00,2026-09-20T03:50:39.818564+00:00
BEDCA-2440,Cubata,Cubata,Cubata,Ron with soft drink,cubata,,A0713 A0734 A0843 A0875 A1284 B3324 C0005 E0123 F0003 G0003 H0100 H0109 H0136 H0200 K0001 M0130 N0001 P0026 Z0109,BEDCA,2440,ES,es,generic,,,,,1.0,100g,108.88,455.55,False,0.0,7.35,,,0.0,0.0,0.0,0.0,,,,0.0,7.3,0.0182,True,0.0,82.65,11.4,2.8,0.03,1.6,8.5,0.6,0.0,,0.0,0.0,0.0,0.0,0.0,0.0,0.0,0.0,0.0,0.0,0.0,0.0,,,,,,,,,,,,,,,,,,,,,,Cubata,cubata ron with soft drink,Ron with soft drink,93,True,GRP-00307,OK,,f_origen original: BEDCA2,2026-09-20T03:50:39.818564+00:00,2026-09-20T03:50:39.818564+00:00
BEDCA-2441,Ginebra,Ginebra,Ginebra,Gin,ginebra,,A0713 A0734 A0846 A0876 A1284 B1230 C0165 E0123 F0014 G0003 H0148 H0232 H0270 J0104 K0001 M0134 N0040 P0188 R0001 Z0112,BEDCA,2441,ES,es,generic,Alcoholic beverages,Unsweetened spirits and liqueurs,,,1.0,100g,219.02,916.4,False,0.0,0.0,,,0.0,0.0,0.0,0.0,,,,0.0,2.0,0.005,True,0.0,68.4,31.6,0.0,0.1,0.0,0.0,0.0,0.0,,0.0,0.0,0.0,0.0,0.0,0.0,0.0,0.0,0.0,0.0,0.0,0.0,,,,,,,,,,,,,,,,,,,,,,Ginebra,ginebra gin,Gin,93,True,GRP-00363,OK,,f_origen original: BEDCA2,2026-09-20T03:50:39.818564+00:00,2026-09-20T03:50:39.818564+00:00
BEDCA-2442,Horchata,Horchata,Horchata,Tigger nut milk drink,horchata,,A0465 A0709 A0734 A0842 A0912 A1284 B2159 C0165 E0139 F0014 H0148 H0158 J0123 K0003 M0172 N0036 P0188 R0212 Z0112,BEDCA,2442,ES,es,generic,Fruit and vegetable juices and nectars,Vegetable juices,,,1.0,100g,97.83,409.3,False,1.2,17.0,,,2.7,0.4,2.0,0.3,,,,0.1,9.0,0.0225,True,0.0,79.0,0.0,29.0,1.2,15.0,26.0,52.0,1.0,,,,0.0,0.03,0.0,0.0,,,2.0,0.02,,0.13,,,,,,,,,,,,,,,,,,,,,,Horchata,horchata tigger nut milk drink,Tigger nut milk drink,93,True,GRP-00402,OK,,f_origen original: BEDCA2,2026-09-20T03:50:39.818564+00:00,2026-09-20T03:50:39.818564+00:00
BEDCA-2443,Infusión,Infusión,Infusión,Infusion,infusion,,A0734 A0845 A0891 A1241 A1284 B1013 C0148 E0123 F0014 G0003 H0138 J0116 K0003 M0415 N0045 P0188,BEDCA,2443,ES,es,generic,"Coffee, cocoa, tea and infusions","Coffee, cocoa, tea and herbal drinks",,,1.0,100g,0.0,0.0,False,,,,,0.0,0.0,0.0,0.0,,,,,,,False,0.0,99.9,0.0,,,1.0,1.0,19.0,0.0,,1.0,,0.0,0.0,0.0,0.0,0.0,0.0,5.0,0.0,,0.1,,,,,,,,,,,,,,,,,,,,,,Infusión,infusion,Infusion,70,True,GRP-00415,OK,,f_origen original: BEDCA2,2026-09-20T03:50:39.818564+00:00,2026-09-20T03:50:39.818564+00:00
BEDCA-2444,Licor apricot,Licor apricot,Licor apricot,Apricot liqueur,licor apricot,,A0240 A0465 A0639 A0663 A0713 A0734 A0850 B1306 C0300 E0123 F0003 G0003 H0117 H0158 H0160 H0232 J0104 K0003 M0121 N0040 P0024 R0212 R0497 Z0112,BEDCA,2444,ES,es,generic,,,,,1.0,100g,247.51,1035.57,False,0.21,30.0,,,,0.0,0.0,0.0,,,,0.0,11.2,0.028,True,0.0,69.8,18.0,5.6,0.09,4.08,6.45,53.0,0.05,,0.0,0.0,1.02,12.65,0.0,0.06,0.02,0.0,5.15,0.03,0.01,0.11,,,,,,,,,,,,,,,,,,,,,,Licor apricot,licor apricot liqueur,Apricot liqueur,87,True,GRP-00467,OK,,f_origen original: BEDCA2,2026-09-20T03:50:39.818564+00:00,2026-09-20T03:50:39.818564+00:00
BEDCA-2445,Licor benedictine,Licor benedictine,Licor benedictine,Benedictine liqueur,licor benedictine,,A0240 A0465 A0639 A0663 A0713 A0734 A0850 B1179 C0139 E0123 F0001 G0003 H0100 H0158 H0160 H0232 J0001 J0104 K0003 M0130 N0040 P0024 R0212 R0497 Z0112,BEDCA,2445,ES,es,generic,,,,,1.0,100g,258.84,1083.0,False,0.0,33.0,,,0.0,0.0,0.0,0.0,,,,0.0,0.0,0.0,True,0.0,67.0,18.0,0.0,0.0,0.0,0.0,0.0,0.0,,0.0,0.0,0.0,0.0,0.0,0.0,0.0,0.0,0.0,0.0,0.0,0.0,,,,,,,,,,,,,,,,,,,,,,Licor benedictine,licor benedictine liqueur,Benedictine liqueur,93,True,GRP-00468,OK,,f_origen original: BEDCA2,2026-09-20T03:50:39.818564+00:00,2026-09-20T03:50:39.818564+00:00
BEDCA-2446,Licor curaçao,Licor curaçao,Licor curaçao,Curaçao liqueur,licor curacao,,A0240 A0465 A0639 A0663 A0713 A0734 A0850 B1347 C0139 E0123 F0001 G0003 H0100 H0158 H0160 H0232 J0001 J0104 K0003 M0130 N0040 P0024 R0212 R0497 Z0112,BEDCA,2446,ES,es,generic,,,,,1.0,100g,315.27,1319.1,False,0.0,30.0,,,,0.0,0.0,0.0,,,,0.0,0.0,0.0,True,0.0,70.0,27.9,0.0,0.0,0.0,0.0,0.0,0.0,,0.0,0.0,0.0,0.0,0.0,0.0,0.0,0.0,0.0,0.0,0.0,0.0,,,,,,,,,,,,,,,,,,,,,,Licor curaçao,licor curacao liqueur,Curaçao liqueur,87,True,GRP-00469,OK,,f_origen original: BEDCA2,2026-09-20T03:50:39.818564+00:00,2026-09-20T03:50:39.818564+00:00
BEDCA-2447,Licor de café,Licor de café,Licor de café,Coffee liqueur,licor de cafe,,A0240 A0465 A0639 A0663 A0713 A0734 A0850 B1347 C0001 E0123 F0001 G0003 H0100 H0158 H0160 H0232 J0104 K0003 M0130 N0040 P0024 R0212 R0497 Z0112,BEDCA,2447,ES,es,generic,,,,,1.0,100g,343.12,1435.63,False,0.0,46.8,,,0.29,0.1,,0.1,,,,0.0,8.62,0.0215,True,0.0,0.1,21.7,0.0,0.06,2.87,5.75,28.74,0.03,,0.0,0.0,0.0,0.0,0.0,0.0,0.0,0.0,0.0,0.0,0.0,0.0,,,,,,,,,,,,,,,,,,,,,,Licor de café,licor de cafe coffee liqueur,Coffee liqueur,93,True,GRP-00470,OK,,f_origen original: BEDCA2,2026-09-20T03:50:39.818564+00:00,2026-09-20T03:50:39.818564+00:00
BEDCA-2448,Licores de frutas,Licores de frutas,Licores de frutas,Fruits liqueur,licores de frutas,,A0709 A0734 A0850 A0912 A1284 B1140 C0005 E0123 F0014 G0003 H0285 H0362 H0491 H0606 H0646 H0670 H0749 J0003 K0004 M0130 N0040 P0188 R0001 Z0112,BEDCA,2448,ES,es,generic,,,,,1.0,100g,225.79,944.7,False,0.1,35.0,,,0.0,0.0,0.0,0.0,,,,0.0,5.0,0.0125,True,0.0,52.9,12.0,6.0,0.07,6.0,20.0,35.0,0.0,,0.0,0.0,0.0,0.0,0.0,0.0,0.0,0.0,0.0,0.0,0.02,0.0,,,,,,,,,,,,,,,,,,,,,,Licores de frutas,licores de frutas fruits liqueur,Fruits liqueur,93,True,GRP-00472,OK,,f_origen original: BEDCA2,2026-09-20T03:50:39.818564+00:00,2026-09-20T03:50:39.818564+00:00
BEDCA-2449,Limonada,Limonada,Limonada,Lemonade,limonada,,A0708 A0732 A0834 A0918 A1222 A1279 B1275 C0230 E0123 F0014 G0003 H0136 J0123 K0003 M0172 N0036 P0024 Z0112,BEDCA,2449,ES,es,generic,,,,,1.0,100g,11.52,48.2,False,0.5,1.9,,,0.2,0.022,0.019,0.055,,,,2.8,2.0,0.005,True,0.0,94.6,0.0,13.0,0.2,8.0,11.0,82.0,0.11,,1.5,0.4,1.67,44.0,0.0,0.8,0.04,0.0,10.0,0.021,0.02,0.25,,,,,,,,,,,,,,,,,,,,,,Limonada,limonada lemonade,Lemonade,93,True,GRP-00476,OK,,f_origen original: BEDCA2,2026-09-20T03:50:39.818564+00:00,2026-09-20T03:50:39.818564+00:00
BEDCA-2450,"Refresco ""tipo gaseosa""","Refresco ""tipo gaseosa""","Refresco ""tipo gaseosa""","Soft drink, soda type",refresco tipo gaseosa,,A0709 A0734 A0843 A1284 B1217 C0005 E0123 F0003 G0003 H0136 H0484 J0001 K0001 M0172 N0036 P0188,BEDCA,2450,ES,es,generic,,,,,1.0,100g,0.0,0.0,False,,,,,0.0,0.0,0.0,0.0,,,,0.0,25.0,0.0625,True,0.0,99.5,0.0,3.0,,1.0,,3.0,,,,0.0,0.0,0.0,0.0,0.0,0.0,0.0,0.0,,,0.0,,,,,,,,,,,,,,,,,,,,,,"Refresco ""tipo gaseosa""",refresco tipo gaseosa soft drink soda type,"Soft drink, soda type",82,True,GRP-00782,OK,,f_origen original: BEDCA2,2026-09-20T03:50:39.818564+00:00,2026-09-20T03:50:39.818564+00:00
BEDCA-2451,"Refresco con gas, sabor cola, sin cafeina","Refresco con gas, sabor cola, sin cafeina","Refresco con gas, sabor cola, sin cafeina","Cola drink, carbonated, decaffeinated",refresco con gas sabor cola sin cafeina,,A0241 A0465 A0639 A0709 A0734 A0843 B1217 C0005 E0123 F0003 G0003 H0109 H0136 H0140 H0150 H0200 H0227 J0001 K0003 M0194 N0001 P0024 R0212 R0497 Z0112,BEDCA,2451,ES,es,generic,,,,,1.0,100g,43.68,182.75,False,0.0,10.75,,,0.0,0.0,0.0,0.0,,,,0.0,4.0,0.01,True,0.0,89.3,0.0,3.0,0.03,1.0,12.0,1.0,0.01,,,0.1,0.0,0.0,0.0,0.0,0.0,0.0,0.0,0.0,0.0,0.0,,,,,,,,,,,,,,,,,,,,,,"Refresco con gas, sabor cola, sin cafeina",refresco con gas sabor cola sin cafeina drink carbonated decaffeinated,"Cola drink, carbonated, decaffeinated",93,True,GRP-00774,OK,,f_origen original: BEDCA2,2026-09-20T03:50:39.818564+00:00,2026-09-20T03:50:39.818564+00:00
BEDCA-2452,"Refresco con gas, sabor cola, sin cafeina, bajo en calorías","Refresco con gas, sabor cola, sin cafeina, bajo en calorías","Refresco con gas, sabor cola, sin cafeina, bajo en calorías","Cola drink, light, carbonated, decaffeinated",refresco con gas sabor cola sin cafeina bajo en calorias,,A0241 A0465 A0639 A0709 A0734 A0843 B1217 C0005 E0123 F0003 G0003 H0108 H0109 H0140 H0150 H0200 H0227 J0001 K0003 M0194 N0001 P0024 P0033 P0132 R0212 R0497 Z0112,BEDCA,2452,ES,es,generic,,,,,1.0,100g,0.8,3.35,False,0.1,0.1,,,0.0,0.0,0.0,0.0,,,,0.0,6.0,0.015,True,0.0,99.8,0.0,4.0,0.03,1.0,9.0,0.0,0.08,,,0.1,0.0,0.0,0.0,0.0,0.0,0.0,0.0,0.005,0.023,0.0,,,,,,,,,,,,,,,,,,,,,,"Refresco con gas, sabor cola, sin cafeina, bajo en calorías",refresco con gas sabor cola sin cafeina bajo en calorias drink light carbonated decaffeinated,"Cola drink, light, carbonated, decaffeinated",93,True,GRP-00773,OK,,f_origen original: BEDCA2,2026-09-20T03:50:39.818564+00:00,2026-09-20T03:50:39.818564+00:00
BEDCA-2453,Refresco de té,Refresco de té,Refresco de té,Tea soft drink,refresco de te,,A0709 A0734 A0843 A1284 B1217 C0005 E0123 F0003 G0003 H0136 H0484 J0001 K0028 M0214 N0040 P0003 Z0091,BEDCA,2453,ES,es,generic,,,,,1.0,100g,37.34,156.23,False,0.1,9.09,,,,,,,,,,0.0,21.0,0.0525,True,0.0,91.18,0.0,3.0,,1.0,36.0,19.0,0.06,,,,,0.0,0.0,,,0.0,,,0.01,0.1,,,,,,,,,,,,,,,,,,,,,,Refresco de té,refresco de te tea soft drink,Tea soft drink,82,True,GRP-00777,OK,,f_origen original: BEDCA2,2026-09-20T03:50:39.818564+00:00,2026-09-20T03:50:39.818564+00:00
BEDCA-2454,"Refresco de té, bajo en calorías","Refresco de té, bajo en calorías","Refresco de té, bajo en calorías",Tea soft drink light,refresco de te bajo en calorias,,A0709 A0734 A0843 A1284 B1217 C0005 E0123 F0003 G0003 H0136 H0266 H0484 J0001 K0028 M0214 N0040 P0003 Z0091,BEDCA,2454,ES,es,generic,,,,,1.0,100g,0.41,1.7,False,0.1,0.0,,,,,,,,,,0.0,21.0,0.0525,True,0.0,91.18,0.0,3.0,,1.0,36.0,19.0,0.06,,,,,0.0,0.0,,,0.0,,,0.01,0.1,,,,,,,,,,,,,,,,,,,,,,"Refresco de té, bajo en calorías",refresco de te bajo en calorias tea soft drink light,Tea soft drink light,82,True,GRP-00776,OK,,f_origen original: BEDCA2,2026-09-20T03:50:39.818564+00:00,2026-09-20T03:50:39.818564+00:00
BEDCA-2455,"Refresco tipo ""tónica""","Refresco tipo ""tónica""","Refresco tipo ""tónica""","Soft drink, tonic water type",refresco tipo tonica,,A0465 A0709 A0734 A0843 A0912 A1284 B1288 C0005 E0109 F0001 G0003 H0109 H0136 H0200 H0229 J0001 K0003 M0132 N0040 P0188 R0212 Z0112,BEDCA,2455,ES,es,generic,,,,,1.0,100g,37.38,156.4,False,0.0,9.2,,,0.0,0.0,0.0,0.0,,,,0.0,2.0,0.005,True,0.0,90.5,0.0,2.0,,0.0,0.0,0.0,,,,0.0,,,0.0,0.01,0.0,0.0,0.0,0.01,0.02,0.01,,,,,,,,,,,,,,,,,,,,,,"Refresco tipo ""tónica""",refresco tipo tonica soft drink tonic water type,"Soft drink, tonic water type",93,True,GRP-00783,OK,,f_origen original: BEDCA2,2026-09-20T03:50:39.818564+00:00,2026-09-20T03:50:39.818564+00:00
BEDCA-2456,"Refresco, con gas, sabor naranja","Refresco, con gas, sabor naranja","Refresco, con gas, sabor naranja","Soft drink, carbonated, orange flavoured",refresco con gas sabor naranja,,A0709 A0734 A0843 A0875 A1284 B1217 C0005 E0123 F0003 G0003 H0100 H0109 H0136 H0200 K0001 M0182 N0042 P0026 Z0112,BEDCA,2456,ES,es,generic,,,,,1.0,100g,43.88,183.6,False,,10.8,,,,,,,,,,0.0,6.0,0.015,True,0.0,89.2,0.0,4.0,,4.0,1.0,18.0,,,1.0,,16.0,1.0,0.0,,,0.0,1.0,,,,,,,,,,,,,,,,,,,,,,,,,"Refresco, con gas, sabor naranja",refresco con gas sabor naranja soft drink carbonated orange flavoured,"Soft drink, carbonated, orange flavoured",76,True,GRP-00775,OK,,f_origen original: BEDCA2,2026-09-20T03:50:39.818564+00:00,2026-09-20T03:50:39.818564+00:00
BEDCA-2457,"Refresco, sabor cola","Refresco, sabor cola","Refresco, sabor cola","Soft drink, cola flavoured",refresco sabor cola,,A0709 A0734 A0843 A0922 A1245 A1284 B1217 C0005 E0123 F0001 G0001 H0206 H0611 H0612 H0749 J0003 K0004 M0172 N0036 P0024 R0001 Z0112,BEDCA,2457,ES,es,generic,,,,,1.0,100g,44.08,184.45,False,0.0,10.85,,,0.0,0.0,0.0,0.0,,,,0.0,8.0,0.02,True,0.0,89.2,0.0,4.0,0.03,1.0,15.0,1.0,0.01,,0.0,0.1,0.0,0.0,0.0,0.0,0.0,0.0,0.0,0.0,0.0,0.0,,,,,,,,,,,,,,,,,,,,,,"Refresco, sabor cola",refresco sabor cola soft drink flavoured,"Soft drink, cola flavoured",93,True,GRP-00779,OK,,f_origen original: BEDCA2,2026-09-20T03:50:39.818564+00:00,2026-09-20T03:50:39.818564+00:00
BEDCA-2458,"Refresco, sabor cola, bajo en calorías","Refresco, sabor cola, bajo en calorías","Refresco, sabor cola, bajo en calorías","Soft drink, cola flavoured, light",refresco sabor cola bajo en calorias,,A0709 A0734 A0843 A0922 A1245 A1284 B1217 C0005 E0123 F0001 G0001 H0202 H0206 H0433 H0458 H0491 H0611 H0612 H0670 J0003 K0004 M0172 N0036 P0024 R0001 Z0112,BEDCA,2458,ES,es,generic,,,,,1.0,100g,0.41,1.7,False,0.0,0.1,,,0.0,0.0,0.0,0.0,,,,0.0,7.0,0.0175,True,0.0,99.9,0.0,4.0,0.03,1.0,12.0,4.0,0.03,,0.0,0.1,0.0,0.0,0.0,0.0,0.0,0.0,0.0,0.0,0.0,0.0,,,,,,,,,,,,,,,,,,,,,,"Refresco, sabor cola, bajo en calorías",refresco sabor cola bajo en calorias soft drink flavoured light,"Soft drink, cola flavoured, light",93,True,GRP-00778,OK,,f_origen original: BEDCA2,2026-09-20T03:50:39.818564+00:00,2026-09-20T03:50:39.818564+00:00
BEDCA-2459,Sangría,Sangría,Sangría,Sangria,sangria,,A0712 A0734 A0849 A0887 A1284 B3324 C0001 E0123 F0014 G0001 H0136 H0147 H0175 J0003 K0003 M0172 N0036 P0188 R0212 Z0112,BEDCA,2459,ES,es,generic,Alcoholic beverages,Mixed alcoholic drinks and fortified wines,,,1.0,100g,71.01,297.1,False,0.2,3.8,,,,,,,,,,,3.0,0.0075,True,0.0,87.6,7.9,7.0,0.5,10.0,9.0,78.0,0.3,,0.0,0.0,1.0,4.0,,0.01,,,0.0,0.01,0.01,0.07,,,,,,,,,,,,,,,,,,,,,,Sangría,sangria,Sangria,76,True,GRP-00825,OK,,f_origen original: BEDCA2,2026-09-20T03:50:39.818564+00:00,2026-09-20T03:50:39.818564+00:00
BEDCA-2460,Sidra,Sidra,Sidra,Sidra,sidra,,A0663 A0713 A0734 A0848 A0890 A1284 B1245 C0167 E0123 F0014 G0013 H0148 J0104 K0004 M0130 N0040 P0188 R0001 Z0112,BEDCA,2460,ES,es,generic,Alcoholic beverages,Wine and wine-like drinks,,,1.0,100g,50.02,209.3,False,,6.0,,,0.0,0.0,0.0,0.0,,,,0.0,7.0,0.0175,True,0.0,90.3,3.7,8.0,0.49,3.0,3.0,72.0,,,0.0,,,0.0,0.0,,0.01,0.0,0.1,0.01,0.01,0.01,,,,,,,,,,,,,,,,,,,,,,Sidra,sidra,,87,True,GRP-00842,OK,,f_origen original: BEDCA2,2026-09-20T03:50:39.818564+00:00,2026-09-20T03:50:39.818564+00:00
BEDCA-2461,Tequila,Tequila,Tequila,Tequila,tequila,,A0465 A0712 A0734 A0850 A0884 A1284 B1535 C0174 E0123 F0014 G0022 H0232 H0270 J0001 K0003 M0214 N0040 P0188 R0212 Z0112,BEDCA,2461,ES,es,generic,Alcoholic beverages,Unsweetened spirits and liqueurs,,,1.0,100g,263.38,1102.0,False,0.0,0.0,,,0.0,0.0,0.0,0.0,,,,0.0,2.0,0.005,True,0.0,62.0,38.0,0.0,0.1,0.0,10.0,0.0,0.0,,0.0,0.0,0.0,0.0,0.0,0.0,0.0,0.0,0.0,0.0,0.0,0.0,,,,,,,,,,,,,,,,,,,,,,Tequila,tequila,,93,True,GRP-00860,OK,,f_origen original: BEDCA2,2026-09-20T03:50:39.818564+00:00,2026-09-20T03:50:39.818564+00:00
BEDCA-2462,Vino blanco,Vino blanco,Vino blanco,White wine,vino blanco,,A0712 A0734 A0849 A0886 A1284 B1329 C0137 E0150 F0014 G0012 H0232 J0003 K0004 M0278 N0040 P0188 R0212 Z0112,BEDCA,2462,ES,es,generic,Alcoholic beverages,Wine and wine-like drinks,,,1.0,100g,60.28,252.22,False,0.1,0.1,,,0.0,0.0,0.0,0.0,,,,0.0,2.0,0.005,True,0.0,91.2,8.58,9.0,0.6,10.0,15.0,82.0,0.07,,0.0,0.3,,0.0,0.0,0.0,0.02,0.0,,0.01,0.05,0.08,0.022,,,,,,,,,,,,,,,,,,,,,Vino blanco,vino blanco white wine,White wine,93,True,GRP-00897,OK,,f_origen original: BEDCA2,2026-09-20T03:50:39.818564+00:00,2026-09-20T03:50:39.818564+00:00
BEDCA-2463,"Vino dulce, tipo oporto","Vino dulce, tipo oporto","Vino dulce, tipo oporto","Sweet wine, ""oporto"" type",vino dulce tipo oporto,,A0224 A0465 A0639 A0712 A0734 A0849 B1329 C0140 E0123 F0003 G0003 H0232 H0332 J0003 K0003 M0130 N0040 P0024 R0212 R0497 Z0112 Z0205,BEDCA,2463,ES,es,generic,,,,,1.0,100g,131.45,550.0,False,0.3,14.0,,0.0,0.3,0.0,0.0,0.0,,,,0.0,4.0,0.01,True,0.0,69.0,10.2,4.0,0.4,11.0,10.0,97.0,0.07,,0.0,,0.0,,0.0,0.0,0.01,,0.1,0.0,0.01,0.08,,,,,,,,,,,,,,,,,,,,,,"Vino dulce, tipo oporto",vino dulce tipo oporto sweet wine type,"Sweet wine, ""oporto"" type",93,True,GRP-00898,OK,,f_origen original: BEDCA2,2026-09-20T03:50:39.818564+00:00,2026-09-20T03:50:39.818564+00:00
BEDCA-2464,Vino rosado,Vino rosado,Vino rosado,"Wine, rose",vino rosado,,A0299 A0465 A0639 A0712 A0734 A0849 B1329 C0140 E0123 F0003 G0003 H0232 J0104 K0003 M0001 N0001 P0024 R0212 R0497 Z0112 Z0205,BEDCA,2464,ES,es,generic,Alcoholic beverages,Wine and wine-like drinks,,,1.0,100g,66.4,277.8,False,0.1,1.4,,,0.0,0.0,0.0,0.0,,,,0.0,4.0,0.01,True,0.0,89.8,8.7,12.0,0.95,7.0,6.0,75.0,0.04,,0.0,0.2,,0.0,0.0,0.0,0.02,0.01,,0.004,0.01,0.07,,,,,,,,,,,,,,,,,,,,,,Vino rosado,vino rosado wine rose,"Wine, rose",93,True,GRP-00899,OK,,f_origen original: BEDCA2,2026-09-20T03:50:39.818564+00:00,2026-09-20T03:50:39.818564+00:00
BEDCA-2465,Vino tinto,Vino tinto,Vino tinto,Red wine,vino tinto,,A0712 A0734 A0849 A0886 A1284 B3324 C0140 E0109 F0001 G0001 H0128 J0104 K0001 M0214 N0040 P0024 R0001 Z0082,BEDCA,2465,ES,es,generic,Alcoholic beverages,Wine and wine-like drinks,,,1.0,100g,70.22,293.79,False,0.23,0.3,,,0.0,0.0,0.0,0.0,,,,0.0,4.0,0.01,True,0.0,89.7,9.82,7.6,0.9,11.0,14.0,93.0,0.05,,0.0,0.2,,0.0,0.0,0.0,0.02,0.01,1.0,0.005,0.02,0.09,0.04,,,,,,,,,,,,,,,,,,,,,Vino tinto,vino tinto red wine,Red wine,93,True,GRP-00900,OK,,f_origen original: BEDCA2,2026-09-20T03:50:39.818564+00:00,2026-09-20T03:50:39.818564+00:00
BEDCA-2466,Whisky,Whisky,Whisky,Whisky,whisky,,A0713 A0734 A0850 A0885 A1284 B1230 C0158 E0123 F0014 G0013 H0148 J0104 K0004 M0130 N0040 P0188 R0001 Z0112,BEDCA,2466,ES,es,generic,Alcoholic beverages,Unsweetened spirits and liqueurs,,,1.0,100g,244.42,1022.67,False,0.0,0.11,,,0.0,0.0,0.0,0.0,,,,0.0,,,False,0.0,64.7,35.2,,0.02,,5.0,2.8,0.1,,0.1,0.0,0.0,0.0,0.0,0.0,0.0,0.0,0.0,0.01,,0.05,0.0,,,,,,,,,,,,,,,,,,,,,Whisky,whisky,,87,True,GRP-00903,OK,,f_origen original: BEDCA2,2026-09-20T03:50:39.818564+00:00,2026-09-20T03:50:39.818564+00:00
BEDCA-2467,Zumo de manzana,Zumo de manzana,Zumo de manzana,Apple juice,zumo de manzana,,A0708 A0732 A0834 A0992 A1222 A1279 B1245 E0123 F0018 G0003 H0136 J0135 K0003 M0172 N0036 P0026 Z0154,BEDCA,2467,ES,es,generic,Fruit and vegetable juices and nectars,Fruit juices and nectars,,,1.0,100g,45.1,188.7,False,0.1,11.0,,,,0.0,0.0,0.0,,,,,2.0,0.005,True,0.0,87.4,0.0,6.0,0.3,5.0,7.0,120.0,,,1.0,0.1,,,0.0,,0.1,0.0,1.0,0.02,0.02,0.15,,,,,,,,,,,,,,,,,,,,,,Zumo de manzana,zumo de manzana apple juice,Apple juice,82,True,GRP-00949,OK,,f_origen original: BEDCA2,2026-09-20T03:50:39.818564+00:00,2026-09-20T03:50:39.818564+00:00
BEDCA-2468,Zumo de naranja,Zumo de naranja,Zumo de naranja,Orange juice,zumo de naranja,,A0708 A0732 A0834 A0992 A1222 A1279 B1339 E0123 F0018 G0003 H0136 J0135 K0003 M0172 N0036 P0026 Z0154,BEDCA,2468,ES,es,generic,Fruit and vegetable juices and nectars,Fruit juices and nectars,,,1.0,100g,41.18,172.3,False,0.7,9.0,,,0.2,,,,,,,0.1,20.0,0.05,True,0.0,88.8,0.0,7.0,0.1,8.0,8.0,105.0,,,2.0,1.0,73.0,39.0,0.0,0.17,0.04,0.0,20.0,0.07,0.02,0.24,,,,,,,,,,,,,,,,,,,,,,Zumo de naranja,zumo de naranja orange juice,Orange juice,87,True,GRP-00950,OK,,f_origen original: BEDCA2,2026-09-20T03:50:39.818564+00:00,2026-09-20T03:50:39.818564+00:00
BEDCA-2469,Zumo de piña,Zumo de piña,Zumo de piña,Pineapple juice,zumo de pina,,A0708 A0732 A0834 A0992 A1222 A1279 B1246 E0123 F0018 G0003 H0136 J0135 K0003 M0172 N0036 P0026 Z0154,BEDCA,2469,ES,es,generic,Fruit and vegetable juices and nectars,Fruit juices and nectars,,,1.0,100g,45.98,192.4,False,0.4,10.7,,,0.1,,,,,,,0.1,2.0,0.005,True,0.0,86.2,0.0,13.0,0.2,12.0,6.0,112.0,0.1,,,0.1,2.0,9.0,0.0,0.03,0.1,0.0,10.0,0.05,0.02,0.25,,,,,,,,,,,,,,,,,,,,,,Zumo de piña,zumo de pina pineapple juice,Pineapple juice,87,True,GRP-00952,OK,,f_origen original: BEDCA2,2026-09-20T03:50:39.818564+00:00,2026-09-20T03:50:39.818564+00:00
BEDCA-2470,"Raya, cruda","Raya, cruda","Raya, cruda","Ray, raw",raya cruda,Raja clavatta,A0717 A0727 A0747 A0802 A1265 A1285 B1340 C0243 E0150 F0003 G0003 H0003 J0142 K0003 M0172 N0036 P0024 R0212 Z0153,BEDCA,2470,ES,es,generic,,,crudo,,0.55,100g,97.93,409.74,False,20.56,0.8,,,1.26,0.286,0.286,0.532,,0.252,0.136,0.0,90.0,0.225,True,65.0,77.4,0.0,38.0,0.75,30.0,155.0,250.0,0.98,,3.0,36.5,3.0,0.0,,0.0,0.37,6.0,3.0,0.02,0.01,5.85,,,,,,,,0.003,0.001,0.133,0.031,0.22,,,,,,,,,,"Raya, cruda",raya cruda ray raw,"Ray, raw",93,True,GRP-00772,OK,,f_origen original: BEDCA2,2026-09-20T03:50:39.818564+00:00,2026-09-20T03:50:39.818564+00:00
BEDCA-2471,Pulpo,Pulpo,Pulpo,Octopus,pulpo,Octopus vulgaris,A0717 A0727 A0802 A1131 A1265 A1285 B1514 C0173 E0150 F0003 G0003 H0003 J0003 K0003 M0003 N0003 P0024 R0001,BEDCA,2471,ES,es,generic,"Fish, seafood, amphibians, reptiles and invertebrates",Molluscs,,,0.79,100g,90.8,379.9,False,17.9,1.4,,,1.4,0.3,0.2,0.5,,0.24,0.05,0.0,363.0,0.9075,True,48.0,79.3,0.0,144.0,1.2,28.0,170.0,230.0,1.7,,64.0,44.8,70.0,0.0,,2.1,0.36,3.0,13.0,0.07,0.04,6.8,,,,0.01,0.11,0.05,0.02,0.0,0.01,0.05,0.09,0.14,,,,,,,,,,Pulpo,pulpo octopus,Octopus,93,True,GRP-00693,OK,,f_origen original: BEDCA2,2026-09-20T03:50:39.818564+00:00,2026-09-20T03:50:39.818564+00:00
BEDCA-2473,Albahaca,Albahaca,Albahaca,Basil,albahaca,Ocimum basilicum l,A0853 A1166 A1248 A1272 B1145 C0001 E0117 F0003 G0003 H0003 H0138 J0116 K0003 M0172 N0036 P0024 Z0204,BEDCA,2473,ES,es,generic,Vegetables and vegetable products,"Aromatic herbs or flowers, fresh",,,1.0,100g,177.0,740.56,False,14.4,20.5,,,3.98,0.24,0.45,2.17,,,,40.5,34.0,0.085,True,0.0,6.4,0.0,154.0,42.0,422.0,490.0,3433.0,5.82,,,2.8,264.0,61.2,0.0,7.48,2.32,0.0,247.0,0.15,0.32,6.95,,,,,,,,,,,,,,,,,,,,,,Albahaca,albahaca basil,Basil,93,True,GRP-00032,OK,,f_origen original: BEDCA2,2026-09-20T03:50:39.818564+00:00,2026-09-20T03:50:39.818564+00:00
BEDCA-2474,Albondigas en conserva,Albondigas en conserva,Albondigas en conserva,"Meatball, canned",albondigas en conserva,,A0459 A0722 A0735 A0799 A1061 A1258 B1134 C0270 E0107 F0014 G0014 H0191 H0212 J0123 K0003 M0182 N0042 P0024 R0212 Z0112,BEDCA,2474,ES,es,generic,,,en_conserva,,1.0,100g,141.21,590.84,False,6.8,6.8,,,9.72,2.828,3.91,2.73,,,,5.05,929.3,2.3232,True,90.0,71.6,0.0,124.0,6.3,89.4,243.2,614.3,0.43,,6.7,8.2,9.55,0.0,0.23,1.43,0.12,24.84,34.08,0.06,0.13,5.0,,,,,,,,,,,,,,,,,,,,,,Albondigas en conserva,albondigas en conserva meatball canned,"Meatball, canned",93,True,GRP-00034,OK,,f_origen original: BEDCA2,2026-09-20T03:50:39.818564+00:00,2026-09-20T03:50:39.818564+00:00
BEDCA-2475,Azafrán,Azafrán,Azafrán,Saffron,azafran,Crocus sativus.,A0113 A0463 A0637 A0653 A0722 A0731 A0857 B1459 C0237 E0151 F0014 G0010 H0138 J0116 K0003 M0001 N0001 P0024 R0212 R0497 Z0112 Z0205,BEDCA,2475,ES,es,generic,"Legumes, nuts, oilseeds and spices",Spices,,,1.0,100g,348.37,1457.6,False,11.4,61.5,,19.1,5.9,1.586,0.429,2.067,,,,3.9,150.0,0.375,True,0.0,11.9,0.0,110.0,11.1,264.0,250.0,1720.0,1.09,,,5.6,27.0,0.0,0.0,,1.01,0.0,0.0,0.115,0.267,1.46,,,,,,,,,,,,,,,,,,,,,,Azafrán,azafran saffron,Saffron,93,True,GRP-00082,OK,,f_origen original: BEDCA2,2026-09-20T03:50:39.818564+00:00,2026-09-20T03:50:39.818564+00:00
BEDCA-2476,Bocadillo,Bocadillo,Bocadillo,Sandwich,bocadillo,,A0467 A0722 A0735 A0820 B0001 C0005 E0147 F0003 G0001 H0001 J0003 K0003 M0001 N0001 P0024 R0212 Z0109,BEDCA,2476,ES,es,generic,,,,,1.0,100g,224.36,938.74,False,11.06,35.28,,,4.08,1.34,1.37,0.64,,,,2.38,536.79,1.342,True,,47.21,0.0,57.8,1.46,20.89,83.03,116.48,0.95,,4.79,0.0,9.72,0.0,8.0,0.0,0.09,0.14,0.9,0.13,0.08,2.09,,,,,,,,,,,,,,,,,,,,,,Bocadillo,bocadillo sandwich,Sandwich,93,True,GRP-00119,OK,,f_origen original: BEDCA2,2026-09-20T03:50:39.818564+00:00,2026-09-20T03:50:39.818564+00:00
BEDCA-2477,"Canela, en polvo","Canela, en polvo","Canela, en polvo","Cinnamon, powder",canela en polvo,cinnamomum verum,A0133 A0463 A0637 A0722 A0735 A0765 A0857 B1472 C0264 E0106 F0001 G0003 H0001 J0001 K0001 M0001 N0001 P0024 R0212 R0497 Z0112 Z0205,BEDCA,2477,ES,es,generic,,,deshidratado,,1.0,100g,371.59,1554.73,False,3.9,80.59,,,3.2,0.65,0.48,0.53,,,,54.3,26.3,0.0658,True,0.0,10.58,0.0,1228.0,38.1,55.6,61.4,500.0,1.97,,,15.0,25.8,28.5,0.0,0.01,0.25,0.0,29.0,0.08,0.14,1.3,,,,,,,,,,,,,,,,,,,,,,"Canela, en polvo",canela en polvo cinnamon powder,"Cinnamon, powder",93,True,GRP-00168,OK,,f_origen original: BEDCA2,2026-09-20T03:50:39.818564+00:00,2026-09-20T03:50:39.818564+00:00
BEDCA-2478,Canelones,Canelones,Canelones,Canneloni,canelones,,A0172 A0722 A0735 A0861 A1099 B1347 C0001 E0134 F0014 G0005 J0136 K0003 M0287 N0042 R0212 Z0112,BEDCA,2478,ES,es,generic,,,,,1.0,100g,191.04,799.3,False,11.2,9.7,,,12.0,4.0,5.1,2.4,,,,0.5,272.0,0.68,True,40.0,65.0,0.0,47.0,1.5,19.0,84.0,210.0,0.5,,28.5,7.5,37.0,2.0,0.2,2.6,0.2,0.3,10.0,0.15,0.08,1.9,,,,,,,,,,,,,,,,,,,,,,Canelones,canelones canneloni,Canneloni,93,True,GRP-00169,OK,,f_origen original: BEDCA2,2026-09-20T03:50:39.818564+00:00,2026-09-20T03:50:39.818564+00:00
BEDCA-2479,Arroz con leche,Arroz con leche,Arroz con leche,Rice with milk,arroz con leche,,A0164 A0699 A0724 A0781 A1046 B1322 C0165 E0119 F0014 G0039 H0158 H0184 H0321 J0123 K0003 M0172 N0036 P0024 R0212 Z0112,BEDCA,2479,ES,es,generic,Composite dishes,"Dishes, incl. Ready to eat meals (excluding soups and salads)",,,1.0,100g,91.54,383.0,False,3.3,16.4,,,1.3,0.77,0.31,0.08,,,,0.1,38.0,0.095,True,9.0,78.9,0.0,109.0,0.2,14.0,96.0,138.0,0.3,,6.3,1.9,18.0,0.0,0.1,0.15,0.09,0.24,5.0,0.04,0.13,0.81,,,,,,,,,,,,,,,,,,,,,,Arroz con leche,arroz con leche rice with milk,Rice with milk,93,True,GRP-00065,OK,,f_origen original: BEDCA2,2026-09-20T03:50:39.818564+00:00,2026-09-20T03:50:39.818564+00:00
BEDCA-2480,Batido de chocolate,Batido de chocolate,Batido de chocolate,"Milk shake, chocolate",batido de chocolate,,A0719 A0724 A0778 A1042 A1259 A1271 B1201 C0113 E0130 F0014 G0012 H0144 H0231 H0487 H0493 H0496 H0749 J0123 J0131 K0004 M0186 M0355 N0017 N0034 R0001 Z0112,BEDCA,2480,ES,es,generic,,,,,1.0,100g,82.62,345.7,False,2.7,9.8,,,3.6,2.3,1.0,0.1,0.0318,,0.023,0.8,49.0,0.1225,True,13.0,83.1,0.0,111.0,0.3,22.0,95.0,192.0,0.4,,7.2,1.9,36.17,1.0,0.0,0.09,0.04,0.36,5.0,0.04,0.09,0.75,,,0.025,0.088,0.302,0.146,0.202,0.022,0.003,0.001,,,,,,,,,,,,Batido de chocolate,batido de chocolate milk shake,"Milk shake, chocolate",93,True,GRP-00102,OK,,f_origen original: BEDCA2,2026-09-20T03:50:39.818564+00:00,2026-09-20T03:50:39.818564+00:00
BEDCA-2481,Batido de fresa,Batido de fresa,Batido de fresa,"Milk shake, strawberry",batido de fresa,,A0719 A0724 A0780 A1042 A1259 A1271 B1201 C0235 E0130 F0014 G0012 H0487 H0493 H0496 J0123 J0131 K0004 M0172 N0017 N0039 N0042 P0024 R0001 Z0112,BEDCA,2481,ES,es,generic,,,,,1.0,100g,65.73,275.0,False,2.8,11.2,,,1.0,0.62,2.9,0.7,0.0318,,0.023,0.8,95.0,0.2375,True,12.0,84.2,0.0,110.0,0.09,11.31,90.0,183.0,0.39,,7.2,2.3,22.8,0.09,0.01,0.04,0.04,0.2,1.72,0.04,0.19,0.74,,,0.025,0.088,0.302,0.146,0.202,0.022,0.003,0.001,,,,,,,,,,,,Batido de fresa,batido de fresa milk shake strawberry,"Milk shake, strawberry",93,True,GRP-00103,OK,,f_origen original: BEDCA2,2026-09-20T03:50:39.818564+00:00,2026-09-20T03:50:39.818564+00:00
BEDCA-2482,Batido de soja,Batido de soja,Batido de soja,Soya shake,batido de soja,,A0719 A0724 A0778 A1042 A1284 B1452 C0155 E0102 F0014 G0001 H0148 H0162 H0252 H0257 J0123 K0003 M0159 N0039 P0024 R0212 Z0112,BEDCA,2482,ES,es,generic,,,,,1.0,100g,82.15,343.7,False,5.0,3.9,,,5.2,0.6,1.0,2.6,,,,0.0,32.0,0.08,True,0.0,85.9,0.0,100.0,0.4,15.0,47.0,120.0,0.2,,0.0,1.3,0.0,0.47,0.0,0.74,0.07,0.0,19.0,0.07,0.03,0.1,,,,,,,,,,,,,,,,,,,,,,Batido de soja,batido de soja soya shake,Soya shake,93,True,GRP-00104,OK,,f_origen original: BEDCA2,2026-09-20T03:50:39.818564+00:00,2026-09-20T03:50:39.818564+00:00
BEDCA-2483,Crema catalana,Crema catalana,Crema catalana,Catalan creme,crema catalana,,A0452 A0721 A0724 A0789 A1034 A1259 B1201 C0235 E0119 F0014 G0014 H0158 H0186 H0320 J0003 K0003 M0001 N0001 P0024 R0212 Z0109,BEDCA,2483,ES,es,generic,,,,,1.0,100g,103.58,433.36,False,3.7,15.48,,,2.9,1.89,0.76,0.06,,,,,81.0,0.2025,True,10.0,77.9,0.0,130.0,0.1,13.0,110.0,160.0,0.4,,8.3,2.7,63.0,1.0,0.83,0.1,0.06,0.5,5.0,0.04,0.18,1.0,,,,,,,,,,,,,,,,,,,,,,Crema catalana,crema catalana catalan creme,Catalan creme,87,True,GRP-00292,OK,,f_origen original: BEDCA2,2026-09-20T03:50:39.818564+00:00,2026-09-20T03:50:39.818564+00:00
BEDCA-2484,Cremoso san millan,Cremoso san millan,Cremoso san millan,"""san millan"" creamy cheese",cremoso san millan,,A0720 A0724 A0786 A1050 A1259 A1271 B1201 C0235 E0119 F0014 G0012 H0367 H0748 J0131 K0004 M0172 N0036 P0024 R0001 Z0112,BEDCA,2484,ES,es,generic,,,,,1.0,100g,260.49,1089.9,False,6.7,3.0,,,25.0,14.3,6.6,0.7,,,,0.0,457.0,1.1425,True,65.0,63.0,0.0,95.0,0.2,25.0,67.0,98.0,2.1,,29.0,6.0,203.8,,0.65,0.24,0.08,0.22,3.5,0.05,,0.12,,,,,,,,,,,,,,,,,,,,,,Cremoso san millan,cremoso san millan creamy cheese,"""san millan"" creamy cheese",93,True,GRP-00302,OK,,f_origen original: BEDCA2,2026-09-20T03:50:39.818564+00:00,2026-09-20T03:50:39.818564+00:00
BEDCA-2485,Cuajada,Cuajada,Cuajada,Curdled milk,cuajada,,A0721 A0724 A0781 A1046 A1259 A1271 B1201 C0245 E0119 F0014 G0012 H0101 H0122 H0184 H0296 H0408 J0104 J0131 K0001 M0172 N0036 P0024 R0001 Z0112,BEDCA,2485,ES,es,generic,Milk and dairy products,Fermented milk or cream,,,1.0,100g,86.66,362.6,False,4.5,6.6,,,4.7,2.9,1.3,0.2,,,,0.0,64.0,0.16,True,6.6,84.2,0.0,178.0,0.1,16.0,129.0,218.0,0.5,,9.0,9.0,42.0,0.0,0.21,0.23,0.12,0.3,5.0,0.05,0.22,1.0,,,,,,,,,,,,,,,,,,,,,,Cuajada,cuajada curdled milk,Curdled milk,93,True,GRP-00306,OK,,f_origen original: BEDCA2,2026-09-20T03:50:39.818564+00:00,2026-09-20T03:50:39.818564+00:00
BEDCA-2486,Flan de huevo,Flan de huevo,Flan de huevo,Egg custard,flan de huevo,,A0452 A0724 A0778 A1046 A1259 A1271 B0001 C0235 E0119 F0014 G0001 H0136 H0184 H0186 H0748 J0123 K0003 M0172 N0036 P0024 R0212 Z0112,BEDCA,2486,ES,es,generic,,,,,1.0,100g,132.46,554.2,False,4.8,20.4,,,3.4,2.03,1.82,0.53,,,,,63.0,0.1575,True,147.0,70.0,0.0,91.0,0.7,13.0,107.0,122.0,0.6,,33.0,4.6,95.0,0.0,0.58,0.23,0.1,0.6,9.0,0.05,0.17,0.43,,,,,,,,,,,,,,,,,,,,,,Flan de huevo,flan de huevo egg custard,Egg custard,87,True,GRP-00332,OK,,f_origen original: BEDCA2,2026-09-20T03:50:39.818564+00:00,2026-09-20T03:50:39.818564+00:00
BEDCA-2487,Helado de chocolate,Helado de chocolate,Helado de chocolate,Chocolate ice cream,helado de chocolate,,A0721 A0724 A0789 A1042 A1259 A1271 B1201 C0235 E0151 F0018 G0003 H0148 H0157 H0168 H0231 H0263 H0403 H0425 H0539 H0557 H0749 J0136 K0004 M0137 N0036 P0024 R0001 Z0112,BEDCA,2487,ES,es,generic,,,,,1.0,100g,227.29,951.0,False,3.8,28.2,,,11.0,6.8,3.21,0.41,0.05,,,1.2,76.0,0.19,True,34.0,55.7,0.0,109.0,0.93,29.0,107.0,249.0,0.58,,,2.5,10.4,0.7,0.2,0.3,0.055,0.29,16.0,0.042,0.194,0.226,,,3.191,1.235,0.84,0.9,0.4,0.172,0.003,,,,,,,,,,,,,Helado de chocolate,helado de chocolate ice cream,Chocolate ice cream,93,True,GRP-00393,OK,,f_origen original: BEDCA2,2026-09-20T03:50:39.818564+00:00,2026-09-20T03:50:39.818564+00:00
BEDCA-2488,Helado de fresa,Helado de fresa,Helado de fresa,Strawberry ice cream,helado de fresa,,A0721 A0724 A0789 A1042 A1259 A1271 B1201 C0235 E0151 F0018 G0003 H0145 H0271 H0297 H0395 H0436 H0491 H0539 H0557 H0749 J0136 K0004 M0137 N0036 P0024 R0001 Z0112,BEDCA,2488,ES,es,generic,,,,,1.0,100g,199.43,834.4,False,3.2,27.6,,,8.4,5.19,,,0.05,,,0.9,60.0,0.15,True,29.0,60.0,0.0,120.0,0.21,14.0,100.0,188.0,0.34,,,1.9,96.0,7.7,,,0.05,0.3,12.0,0.045,0.255,0.17,,,3.191,1.235,0.84,0.9,0.4,0.172,0.003,,,,,,,,,,,,,Helado de fresa,helado de fresa strawberry ice cream,Strawberry ice cream,93,True,GRP-00394,OK,,f_origen original: BEDCA2,2026-09-20T03:50:39.818564+00:00,2026-09-20T03:50:39.818564+00:00
BEDCA-2489,Helado de nata,Helado de nata,Helado de nata,Cream ice cream,helado de nata,,A0721 A0724 A0789 A1042 A1259 A1271 B1201 C0235 E0151 F0018 G0003 H0165 H0263 H0297 H0487 H0492 H0539 H0557 H0749 J0136 K0004 M0137 N0036 P0024 R0001 Z0112,BEDCA,2489,ES,es,generic,,,,,1.0,100g,210.49,880.7,False,3.9,24.4,,,10.8,7.3,2.8,0.3,0.05,,,0.0,44.0,0.11,True,30.0,60.0,0.0,146.0,0.1,14.0,120.0,190.0,0.5,,15.0,3.5,112.3,1.3,0.1,0.5,0.02,0.5,2.0,0.04,0.23,1.0,,,3.191,1.235,0.84,0.9,0.4,0.172,0.003,,,,,,,,,,,,,Helado de nata,helado de nata cream ice,Cream ice cream,93,True,GRP-00395,OK,,f_origen original: BEDCA2,2026-09-20T03:50:39.818564+00:00,2026-09-20T03:50:39.818564+00:00
BEDCA-2490,Leche de almendra,Leche de almendra,Leche de almendra,Almond milk,leche de almendra,,A0719 A0724 A0778 A1042 A1284 B1272 C0155 E0102 F0014 G0001 H0148 H0162 J0123 K0003 M0159 N0039 P0024 R0212 Z0112,BEDCA,2490,ES,es,generic,,,,,1.0,100g,351.34,1470.0,False,14.5,60.0,,,5.5,0.43,0.76,1.02,,,,6.0,18.0,0.045,True,0.0,97.05,0.0,200.0,2.0,60.0,280.0,420.0,,,,,120.0,,5.0,0.09,,,,6.0,0.15,0.075,,,,,,,,,,,,,,,,,,,,,,Leche de almendra,leche de almendra almond milk,Almond milk,93,True,GRP-00442,OK,,f_origen original: BEDCA2,2026-09-20T03:50:39.818564+00:00,2026-09-20T03:50:39.818564+00:00
BEDCA-2491,Bebida de soja,Bebida de soja,Bebida de soja,Soya drink,bebida de soja,,A0719 A0724 A0778 A1042 A1284 B1452 C0155 E0102 F0014 G0001 H0148 H0162 H0257 J0123 K0003 M0159 N0039 P0024 R0212 Z0112,BEDCA,2491,ES,es,generic,"Products for non-standard diets, food imitates and food supplements or fortifying agents",Meat and dairy imitates,,,1.0,100g,52.68,220.4,False,3.2,5.76,,,1.84,0.206,0.314,0.802,,,,1.3,3.0,0.0075,True,0.0,87.9,0.0,100.0,0.8,28.0,47.0,191.0,0.39,,0.0,1.3,2.0,0.0,0.0,0.74,0.062,0.0,1.0,0.12,0.42,0.883,,,,,,,,,,,,,,,,,,,,,,Bebida de soja,bebida de soja soya drink,Soya drink,93,True,GRP-00108,OK,,f_origen original: BEDCA2,2026-09-20T03:50:39.818564+00:00,2026-09-20T03:50:39.818564+00:00
BEDCA-2492,"Leche de vaca, desnatada, condensada, con azúcar","Leche de vaca, desnatada, condensada, con azúcar","Leche de vaca, desnatada, condensada, con azúcar","Milk, skimmed, condensed, with sugar",leche de vaca desnatada condensada con azucar,Gorditus apetitositus,A0148 A0452 A0626 A0719 A0724 A0740 A0779 B1201 C0235 E0139 F0018 G0003 H0136 H0138 H0248 J0135 K0003 M0001 N0001 P0024 R0212 R0497 Z0112,BEDCA,2492,ES,es,generic,,,,,1.0,100g,286.2,1197.44,False,10.0,60.0,,,0.201,0.1,0.1,,,,,0.0,150.0,0.375,True,1.0,29.8,0.0,330.0,0.33,33.0,270.0,450.0,1.2,,89.0,3.0,31.33,5.0,0.85,0.04,0.09,0.9,16.0,0.11,0.51,2.6,,,,,,,,,,,,,,,,,,,,,,"Leche de vaca, desnatada, condensada, con azúcar",leche de vaca desnatada condensada con azucar milk skimmed condensed with sugar,"Milk, skimmed, condensed, with sugar",93,True,GRP-00446,OK,,f_origen original: BEDCA2,2026-09-20T03:50:39.818564+00:00,2026-09-20T03:50:39.818564+00:00
BEDCA-2493,"Leche de vaca, entera","Leche de vaca, entera","Leche de vaca, entera",Whole milk,leche de vaca entera,,A0719 A0724 A0778 A1042 A1259 A1271 B1201 C0235 E0123 F0014 G0003 H0001 J0147 K0004 M0130 M0156 N0017 N0039 N0040 P0024 R0001 Z0112,BEDCA,2493,ES,es,generic,,,,,1.0,100g,65.13,272.52,False,3.06,4.7,,,3.8,2.3,1.1,0.13,0.179,,0.084,0.0,48.0,0.12,True,14.0,88.4,0.0,124.0,0.09,11.6,92.0,157.0,0.38,,9.0,1.4,46.0,1.4,0.03,0.1,0.04,0.3,5.5,0.04,0.19,0.73,,,0.118,0.371,1.07,0.35,0.73,0.078,0.009,0.006,0.0016,,,,,,,,,,,"Leche de vaca, entera",leche de vaca entera whole milk,Whole milk,93,True,GRP-00447,OK,,f_origen original: BEDCA2,2026-09-20T03:50:39.818564+00:00,2026-09-20T03:50:39.818564+00:00
BEDCA-2494,Leche materna,Leche materna,Leche materna,human milk,leche materna,,A0148 A0452 A0626 A0719 A0724 A0740 A0780 B1087 C0235 E0123 F0003 G0003 H0003 J0001 K0003 M0001 N0001 P0024 R0212 R0497 Z0112,BEDCA,2494,ES,es,generic,,,,,1.0,100g,68.75,287.66,False,1.15,7.0,,,4.03,2.031,1.523,0.435,,,,0.0,13.0,0.0325,True,16.0,87.8,0.0,29.0,0.058,3.2,15.0,47.0,0.134,,5.1,3.3,69.5,6.5,0.07,0.278,0.014,0.05,8.0,0.015,0.038,0.517,,,,,,,,,,,,,,,,,,,,,,Leche materna,leche materna human milk,human milk,93,True,GRP-00451,OK,,f_origen original: BEDCA2,2026-09-20T03:50:39.818564+00:00,2026-09-20T03:50:39.818564+00:00
BEDCA-2495,Preparado lácteo con omega 3,Preparado lácteo con omega 3,Preparado lácteo con omega 3,Dairy product with omega 3,preparado lacteo con omega 3,,A0719 A0724 A0778 A1042 A1284 B1201 C0235 E0102 F0014 G0001 H0162 H0263 J0123 K0003 M0159 N0039 P0024 R0212 Z0112,BEDCA,2495,ES,es,generic,,,,,1.0,100g,52.59,220.05,False,3.5,5.2,,,1.95,0.23,1.4,0.27,,,,,,,False,,88.0,0.0,132.0,,,,,,,,,120.0,,0.75,1.5,0.3,0.4,30.0,,,,,,,0.018,0.186,0.157,1.471,0.203,,,0.019,0.026,,,,,,,,,,Preparado lácteo con omega 3,preparado lacteo con omega dairy product with,Dairy product with omega 3,82,True,GRP-00686,OK,,f_origen original: BEDCA2,2026-09-20T03:50:39.818564+00:00,2026-09-20T03:50:39.818564+00:00
BEDCA-2496,Mousse de chocolate,Mousse de chocolate,Mousse de chocolate,Chocolate mousse,mousse de chocolate,,A0158 A0699 A0724 A0781 A1046 B0001 C0158 E0119 F0014 G0001 H0186 H0231 H0355 J0123 K0003 M0172 N0036 P0024 R0212 Z0112,BEDCA,2496,ES,es,generic,Milk and dairy products,Dairy dessert and similar,,,1.0,100g,245.94,1029.0,False,5.1,37.8,,,8.1,4.79,2.59,0.25,,,,2.3,63.0,0.1575,True,35.0,41.9,0.0,132.0,0.5,19.0,101.0,201.0,0.3,,0.45,6.1,57.0,0.0,0.15,0.19,0.1,0.2,4.0,0.03,0.16,0.24,,,,,,,,,,,,,,,,,,,,,,Mousse de chocolate,mousse de chocolate,Chocolate mousse,93,True,GRP-00535,OK,,f_origen original: BEDCA2,2026-09-20T03:50:39.818564+00:00,2026-09-20T03:50:39.818564+00:00
BEDCA-2497,Natillas sabor vainilla,Natillas sabor vainilla,Natillas sabor vainilla,"Custard, vainilla flavored",natillas sabor vainilla,,A0719 A0724 A0780 A1045 A1259 A1271 B1201 C0235 E0123 F0014 G0001 H0145 H0165 H0296 H0317 H0367 H0403 H0487 H0496 H0748 H0749 J0131 K0004 M0156 M0172 N0036 N0039 P0024 R0001 Z0112,BEDCA,2497,ES,es,generic,,,,,1.0,100g,103.58,433.36,False,3.7,15.48,,,2.9,1.89,0.76,0.06,0.02,,,,81.0,0.2025,True,10.0,77.9,0.0,130.0,0.1,13.0,110.0,160.0,0.4,,8.3,2.7,63.0,1.0,0.03,0.1,0.06,0.5,5.0,0.04,0.18,1.0,,,0.1532,0.466,1.392,0.3144,0.9788,0.1184,0.0124,,,,,,,,,,,,,Natillas sabor vainilla,natillas sabor vainilla custard flavored,"Custard, vainilla flavored",87,True,GRP-00549,OK,,f_origen original: BEDCA2,2026-09-20T03:50:39.818564+00:00,2026-09-20T03:50:39.818564+00:00
BEDCA-2498,Queso azul,Queso azul,Queso azul,Blue cheese,queso azul,,A0138 A0720 A0724 A0784 A1030 A1259 B1201 C0245 E0119 F0014 G0003 H0200 H0208 H0298 H0329 H0367 J0131 K0003 M0172 N0036 P0024 Z0112,BEDCA,2498,ES,es,generic,Milk and dairy products,Cheese,,,0.95,100g,349.38,1461.81,False,21.13,,,,29.8,17.55,8.24,0.768,,,,0.0,787.0,1.9675,True,88.0,43.65,0.0,526.0,0.18,39.0,362.0,128.0,4.1,,9.0,2.0,290.0,,0.23,0.77,0.18,0.59,40.0,0.043,0.5,3.517,,,,,,,,,,,,,,,,,,,,,,Queso azul,queso azul blue cheese,Blue cheese,87,True,GRP-00701,OK,,f_origen original: BEDCA2,2026-09-20T03:50:39.818564+00:00,2026-09-20T03:50:39.818564+00:00
BEDCA-2499,Queso brie,Queso brie,Queso brie,Brie cheese,queso brie,,A0138 A0720 A0724 A0784 A1030 A1259 B1201 C0245 E0119 F0014 G0003 H0200 H0208 H0298 H0367 J0131 K0003 M0172 N0036 P0024 Z0112,BEDCA,2499,ES,es,generic,Milk and dairy products,Cheese,,,1.0,100g,341.37,1428.3,False,17.2,,,,30.7,19.35,8.59,0.89,,,,,593.0,1.4825,True,80.0,50.5,0.0,256.0,0.6,27.0,303.0,119.0,2.0,,4.0,14.5,320.0,0.0,0.2,0.5,0.2,1.7,,0.06,0.5,5.8,,,,,,,,,,,,,,,,,,,,,,Queso brie,queso brie cheese,Brie cheese,82,True,GRP-00702,OK,,f_origen original: BEDCA2,2026-09-20T03:50:39.818564+00:00,2026-09-20T03:50:39.818564+00:00
BEDCA-2500,"Queso cabra, curado","Queso cabra, curado","Queso cabra, curado","Goat cheese, cured",queso cabra curado,,A0138 A0720 A0724 A0784 A1030 A1259 B2245 C0245 E0147 F0014 G0003 H0200 H0208 H0253 H0298 H0367 J0131 K0003 M0172 N0036 P0024 Z0112,BEDCA,2500,ES,es,generic,,,,,1.0,100g,462.33,1934.4,False,27.6,,,,39.6,25.4,10.602,2.4,,,,0.0,790.0,1.975,True,100.0,29.08,0.0,190.0,1.1,26.0,796.0,114.0,2.9,,2.0,5.5,437.0,0.0,0.2,0.9,0.1,1.5,53.0,0.14,1.2,7.233,,,,,,,,,,,,,,,,,,,,,,"Queso cabra, curado",queso cabra curado goat cheese cured,"Goat cheese, cured",87,True,GRP-00703,OK,,f_origen original: BEDCA2,2026-09-20T03:50:39.818564+00:00,2026-09-20T03:50:39.818564+00:00
BEDCA-2501,Queso cabrales,Queso cabrales,Queso cabrales,Cabrales cheese,queso cabrales,,A0720 A0724 A0784 A1030 A1259 B1201 C0245 E0147 F0014 G0003 H0200 H0203 H0208 H0298 H0329 H0367 J0131 K0003 M0172 N0036 P0026,BEDCA,2501,ES,es,generic,,,,,0.95,100g,375.65,1571.7,False,21.5,,,,32.6,19.38,10.1,1.2,,,,,1067.0,2.6675,True,90.0,41.8,0.0,358.0,0.5,16.0,379.0,95.0,2.3,,2.0,14.5,388.0,0.0,0.25,0.6,0.1,1.5,20.0,0.03,0.3,6.3,,,,,,,,,,,,,,,,,,,,,,Queso cabrales,queso cabrales cheese,Cabrales cheese,82,True,GRP-00704,OK,,f_origen original: BEDCA2,2026-09-20T03:50:39.818564+00:00,2026-09-20T03:50:39.818564+00:00
BEDCA-2502,"Queso curado, genérico","Queso curado, genérico","Queso curado, genérico",Cured cheese,queso curado generico,,A0168 A0720 A0724 A0784 A1030 A1259 B1201 C0245 E0147 F0014 G0003 H0200 H0208 H0253 H0293 H0298 H0367 J0131 K0003 M0172 N0036 P0024 Z0112,BEDCA,2502,ES,es,generic,,,,,1.0,100g,448.08,1874.76,False,35.77,0.51,,,34.0,21.3,9.9,1.0,,,,0.0,620.0,1.55,True,74.4,27.0,0.0,848.0,0.75,33.5,470.0,82.0,3.2,,4.1,12.0,234.0,0.0,0.9,0.61,0.2,1.5,21.8,0.04,0.33,8.2,,,,,,,,,,,,,,,,,,,,,,"Queso curado, genérico",queso curado generico cured cheese,Cured cheese,93,True,GRP-00712,OK,,f_origen original: BEDCA2,2026-09-20T03:50:39.818564+00:00,2026-09-20T03:50:39.818564+00:00
BEDCA-2503,Queso de bola,Queso de bola,Queso de bola,Cheese,queso de bola,,A0720 A0724 A0784 A1030 A1259 B2974 C0235 E0147 F0014 G0003 H0102 H0200 H0298 H0367 J0131 K0003 M0172 N0036 P0024 R0212 Z0112,BEDCA,2503,ES,es,generic,Milk and dairy products,Cheese,,,1.0,100g,334.37,1399.0,False,20.7,,,,28.3,17.3,7.92,0.91,,,,,778.0,1.945,True,80.0,42.3,,746.0,0.6,73.0,462.0,64.0,2.6,,1.7,14.5,238.0,0.0,0.18,0.8,0.1,1.5,20.0,0.04,0.4,6.3,,,,,,,,,,,,,,,,,,,,,,Queso de bola,queso de bola cheese,Cheese,82,True,GRP-00715,OK,,f_origen original: BEDCA2,2026-09-20T03:50:39.818564+00:00,2026-09-20T03:50:39.818564+00:00
BEDCA-2504,Queso edam,Queso edam,Queso edam,"Cheese, edam type",queso edam,,A0138 A0720 A0724 A0784 A1030 A1259 B1201 C0245 E0147 F0014 G0003 H0200 H0208 H0298 H0367 J0131 K0003 M0172 N0036 P0026 Z0148,BEDCA,2504,ES,es,generic,Milk and dairy products,Cheese,,,0.95,100g,334.37,1399.0,False,20.7,,,,28.3,17.3,7.92,0.91,,,,,440.0,1.1,True,80.0,42.3,0.0,746.0,0.6,30.0,462.0,746.0,2.6,,45.0,20.5,238.0,0.0,0.18,0.8,0.1,1.5,20.0,0.04,0.4,6.1,,,,,,,,,,,,,,,,,,,,,,Queso edam,queso edam cheese type,"Cheese, edam type",82,True,GRP-00723,OK,,f_origen original: BEDCA2,2026-09-20T03:50:39.818564+00:00,2026-09-20T03:50:39.818564+00:00
BEDCA-2505,Queso emmental,Queso emmental,Queso emmental,Emmental cheese,queso emmental,,A0138 A0720 A0724 A0784 A1030 A1259 B1201 C0245 E0147 F0014 G0003 H0200 H0208 H0253 H0298 H0367 J0131 K0003 M0172 N0036 P0024 P0026 Z0112,BEDCA,2505,ES,es,generic,,,,,0.94,100g,365.61,1529.7,False,27.3,,,,28.8,17.3,8.9,1.0,,,,,275.0,0.6875,True,110.0,36.7,0.0,1029.0,0.8,45.0,746.0,98.0,2.3,,2.0,11.0,231.0,0.0,0.3,0.35,0.1,2.2,9.0,0.05,0.34,7.1,,,0.989,3.577,9.288,3.426,7.908,0.489,0.276,,,,,,,,,,,,,Queso emmental,queso emmental cheese,Emmental cheese,82,True,GRP-00724,OK,,f_origen original: BEDCA2,2026-09-20T03:50:39.818564+00:00,2026-09-20T03:50:39.818564+00:00
BEDCA-2506,Queso en porciones,Queso en porciones,Queso en porciones,"Processed cheese, portions",queso en porciones,,A0720 A0724 A0776 A0786 A1050 A1271 B1201 C0235 E0115 F0014 G0012 H0184 H0271 H0472 H0557 H0646 H0693 H0746 H0748 J0131 K0004 M0156 M0190 N0039 N0042 P0024 R0001 Z0112,BEDCA,2506,ES,es,generic,,,,,1.0,100g,308.8,1292.0,False,18.0,2.5,,0.0,25.5,14.24,10.1,1.05,1.448,,0.622,0.0,935.0,2.3375,True,94.0,54.0,0.0,276.0,0.1,30.0,535.0,150.0,0.5,,38.5,14.5,299.0,0.0,0.28,1.0,0.01,0.3,5.0,0.03,0.3,4.2,,,0.778,2.537,7.415,3.256,4.95,0.589,0.102,0.033,0.005,,,,,,,,,,,Queso en porciones,queso en porciones processed cheese portions,"Processed cheese, portions",93,True,GRP-00725,OK,,f_origen original: BEDCA2,2026-09-20T03:50:39.818564+00:00,2026-09-20T03:50:39.818564+00:00
BEDCA-2507,Queso fresco de burgos,Queso fresco de burgos,Queso fresco de burgos,"Soft cheese, ""burgos"" type",queso fresco de burgos,,A0720 A0724 A0784 A1030 A1259 B1201 C0245 E0147 F0014 G0003 H0200 H0208 H0298 H0367 J0131 K0003 M0172 N0036 P0026,BEDCA,2507,ES,es,generic,,,crudo,,1.0,100g,196.73,823.1,False,12.4,2.5,,,15.4,9.46,4.28,0.74,,,,0.0,272.0,0.68,True,14.5,68.4,0.0,338.0,0.5,16.0,170.0,121.0,1.3,,4.8,14.5,194.0,0.0,0.0,0.56,0.08,0.66,14.0,0.02,0.17,4.1,,,,,,,,,,,,,,,,,,,,,,Queso fresco de burgos,queso fresco de burgos soft cheese type,"Soft cheese, ""burgos"" type",93,True,GRP-00728,OK,,f_origen original: BEDCA2,2026-09-20T03:50:39.818564+00:00,2026-09-20T03:50:39.818564+00:00
BEDCA-2508,Queso manchego,Queso manchego,Queso manchego,"Cheese ""manchego"" type",queso manchego,,A0168 A0720 A0724 A0784 A1030 A1259 B1201 C0245 E0147 F0014 G0003 H0200 H0208 H0253 H0293 H0298 H0367 J0131 K0003 M0172 N0036 P0024 R0212 Z0112,BEDCA,2508,ES,es,generic,Milk and dairy products,Cheese,,,0.95,100g,387.76,1622.39,False,28.77,0.5,,,30.4,18.9,9.0,0.763,1.47,,0.0686,0.0,670.0,1.675,True,87.8,40.3,0.0,765.0,0.64,36.0,520.0,100.0,4.0,,34.0,1.6,360.0,0.0,0.28,0.62,0.2,1.5,21.3,0.04,0.3,4.6,,,0.034,0.061,0.1925,0.051,0.1384,0.0136,0.155,0.055,,,,,,,,,,,,Queso manchego,queso manchego cheese type,"Cheese ""manchego"" type",93,True,GRP-00741,OK,,f_origen original: BEDCA2,2026-09-20T03:50:39.818564+00:00,2026-09-20T03:50:39.818564+00:00
BEDCA-2510,Queso mozzarella,Queso mozzarella,Queso mozzarella,Mozzarella cheese,queso mozzarella,,A0720 A0724 A0784 A1030 A1259 B0001 C0245 E0136 F0014 G0003 H0200 H0208 H0298 H0367 J0131 K0003 M0172 N0036 P0026,BEDCA,2510,ES,es,generic,,,,,1.0,100g,221.61,927.2,False,19.5,0.0,,,16.1,8.67,4.01,0.4,,,,0.0,373.0,0.9325,True,78.0,64.4,0.0,632.0,0.2,24.0,428.0,67.0,,,,14.5,,0.0,,,0.6,,10.0,0.03,0.27,0.14,,,,,,,,,,,,,,,,,,,,,,Queso mozzarella,queso mozzarella cheese,Mozzarella cheese,93,True,GRP-00742,OK,,f_origen original: BEDCA2,2026-09-20T03:50:39.818564+00:00,2026-09-20T03:50:39.818564+00:00
BEDCA-2511,Queso para untar,Queso para untar,Queso para untar,Chesee spread,queso para untar,,A0720 A0724 A0784 A1030 A1259 B1201 C0245 E0119 F0014 G0003 H0200 H0208 H0221 H0298 H0367 J0131 K0003 M0172 N0036 P0026,BEDCA,2511,ES,es,generic,,,,,1.0,100g,359.37,1503.61,False,15.63,2.3,,,32.4,19.6,9.9,1.0,,,,0.0,925.0,2.3125,True,94.1,47.7,0.0,420.0,0.1,32.3,754.0,149.0,0.54,,38.5,2.7,299.0,0.0,0.28,1.0,0.08,0.28,15.1,0.03,0.34,4.167,,,,,,,,,,,,,,,,,,,,,,Queso para untar,queso para untar chesee spread,Chesee spread,93,True,GRP-00747,OK,,f_origen original: BEDCA2,2026-09-20T03:50:39.818564+00:00,2026-09-20T03:50:39.818564+00:00
BEDCA-2512,Queso parmesano,Queso parmesano,Queso parmesano,Parmesan cheese,queso parmesano,,A0720 A0724 A0784 A1030 A1259 B2974 C0235 E0117 F0014 G0003 H0102 H0200 H0298 H0367 J0131 K0003 M0172 N0036 P0024 R0212 Z0112,BEDCA,2512,ES,es,generic,Milk and dairy products,Cheese,,,1.0,100g,365.58,1529.6,False,32.3,,,,26.5,16.7,7.7,0.58,,,,,839.0,2.0975,True,80.0,30.5,,1275.0,0.7,46.0,782.0,113.0,5.3,,2.0,23.9,368.0,0.0,0.46,0.9,0.1,1.5,20.0,0.02,0.33,7.7,,,1.001,3.215,8.448,2.655,6.696,0.6364,0.1454,,,,,,,,,,,,,Queso parmesano,queso parmesano parmesan cheese,Parmesan cheese,82,True,GRP-00748,OK,,f_origen original: BEDCA2,2026-09-20T03:50:39.818564+00:00,2026-09-20T03:50:39.818564+00:00
BEDCA-2513,"Queso rallado, genérico","Queso rallado, genérico","Queso rallado, genérico",Grated cheese,queso rallado generico,,A0290 A0312 A0720 A0724 A0784 A1030 A1259 B1201 C0245 E0106 F0014 G0003 H0200 H0208 H0253 H0298 H0367 J0131 K0003 M0172 N0036 P0024 Z0112,BEDCA,2513,ES,es,generic,,,,,1.0,100g,393.25,1645.34,False,26.92,,,,32.1,17.12,9.3,1.73,,,,0.0,588.0,1.47,True,120.0,36.7,0.0,881.0,0.349,33.0,581.0,86.0,4.1,,2.0,1.6,240.17,0.0,0.26,0.8,0.128,2.0,10.0,0.018,0.319,6.4,,,,,,,,,,,,,,,,,,,,,,"Queso rallado, genérico",queso rallado generico grated cheese,Grated cheese,87,True,GRP-00755,OK,,f_origen original: BEDCA2,2026-09-20T03:50:39.818564+00:00,2026-09-20T03:50:39.818564+00:00
BEDCA-2514,Queso roquefort,Queso roquefort,Queso roquefort,Roquefort cheese,queso roquefort,,A0720 A0724 A0784 A1030 A1259 B1183 C0245 E0147 F0014 G0003 H0200 H0208 H0298 H0367 J0131 K0003 M0172 N0036 P0026,BEDCA,2514,ES,es,generic,Milk and dairy products,Cheese,,,1.0,100g,352.63,1475.4,False,15.4,,,,32.8,20.6,9.1,1.4,,,,,1522.0,3.805,True,100.0,41.6,,600.0,0.5,25.0,445.0,600.0,2.0,,2.0,14.5,309.0,0.0,0.2,0.77,0.1,0.6,49.0,0.2,0.7,5.6,,,,,,,,,,,,,,,,,,,,,,Queso roquefort,queso roquefort cheese,Roquefort cheese,82,True,GRP-00756,OK,,f_origen original: BEDCA2,2026-09-20T03:50:39.818564+00:00,2026-09-20T03:50:39.818564+00:00
BEDCA-2515,"Queso semicurado, genérico","Queso semicurado, genérico","Queso semicurado, genérico",Semi-cured cheese,queso semicurado generico,,A0168 A0312 A0720 A0724 A0784 A1030 A1259 B1201 C0245 E0147 F0014 G0003 H0200 H0208 H0253 H0292 H0298 H0367 J0131 K0003 M0172 N0036 P0024 Z0112,BEDCA,2515,ES,es,generic,,,,,1.0,100g,388.7,1626.3,False,29.0,0.5,,,30.4,18.9,9.0,0.72,,,,0.0,670.0,1.675,True,87.8,38.0,0.0,765.0,0.64,36.0,520.0,100.0,4.0,,34.1,1.6,360.0,0.0,0.28,0.62,0.8,1.5,21.3,0.04,0.3,6.7,,,,,,,,,,,,,,,,,,,,,,"Queso semicurado, genérico",queso semicurado generico semi cured cheese,Semi-cured cheese,93,True,GRP-00758,OK,,f_origen original: BEDCA2,2026-09-20T03:50:39.818564+00:00,2026-09-20T03:50:39.818564+00:00
BEDCA-2516,"Queso tierno, genérico","Queso tierno, genérico","Queso tierno, genérico",Fresh cheese,queso tierno generico,,A0138 A0720 A0724 A0784 A1030 A1259 B1201 C0245 E0147 F0014 G0003 H0200 H0208 H0289 H0298 H0367 J0131 K0003 M0172 N0036 P0024 Z0112,BEDCA,2516,ES,es,generic,,,,,1.0,100g,330.26,1381.8,False,26.0,,,,25.4,13.68,7.28,0.73,,,,0.0,670.0,1.675,True,70.0,47.0,0.0,470.0,0.9,28.0,520.0,100.0,3.0,,34.0,1.6,218.0,0.0,0.18,0.6,0.2,1.4,20.0,0.02,0.3,5.2,,,,,,,,,,,,,,,,,,,,,,"Queso tierno, genérico",queso tierno generico fresh cheese,Fresh cheese,87,True,GRP-00762,OK,,f_origen original: BEDCA2,2026-09-20T03:50:39.818564+00:00,2026-09-20T03:50:39.818564+00:00
BEDCA-2517,Requesón,Requesón,Requesón,Cottage cheese,requeson,,A0720 A0724 A0776 A0787 A1032 A1271 B1201 C0235 E0147 F0022 G0012 H0130 J0104 K0001 M0128 N0036 P0026 R0001,BEDCA,2517,ES,es,generic,Milk and dairy products,Cheese,,,1.0,100g,101.45,424.47,False,12.31,3.3,,,4.3,2.045,1.16,0.14,,,,0.0,230.0,0.575,True,13.0,80.1,0.0,95.0,0.3,9.0,150.0,88.0,0.6,,2.0,4.0,22.3,0.0,0.03,0.07,0.08,0.78,27.0,0.029,0.25,2.917,,,,,,,,,,,,,,,,,,,,,,Requesón,requeson cottage cheese,Cottage cheese,93,True,GRP-00787,OK,,f_origen original: BEDCA2,2026-09-20T03:50:39.818564+00:00,2026-09-20T03:50:39.818564+00:00
BEDCA-2518,"Leche fermentada, bifidobacterium, entera, natural","Leche fermentada, bifidobacterium, entera, natural","Leche fermentada, bifidobacterium, entera, natural","Fermented milk, plain",leche fermentada bifidobacterium entera natural,,A0719 A0724 A0783 A1046 A1259 B1201 C0235 E0119 F0014 G0003 H0152 H0208 H0298 H0748 J0131 K0003 M0172 N0036 P0026,BEDCA,2518,ES,es,generic,,,,,1.0,100g,62.57,261.8,False,3.6,4.4,,,3.4,2.2,0.9,0.1,,,,0.0,51.0,0.1275,True,3.0,88.6,0.0,141.0,0.1,13.0,107.0,180.0,0.4,,4.0,1.0,33.5,1.0,0.2,0.3,0.09,0.3,5.0,0.04,0.18,0.42,,,0.061,0.187,0.489,0.146,0.296,0.009,0.006,,,,,,,,,,,,,"Leche fermentada, bifidobacterium, entera, natural",leche fermentada bifidobacterium entera natural fermented milk plain,"Fermented milk, plain",93,True,GRP-00450,OK,,f_origen original: BEDCA2,2026-09-20T03:50:39.818564+00:00,2026-09-20T03:50:39.818564+00:00
BEDCA-2519,Batido fermentado de soja,Batido fermentado de soja,Batido fermentado de soja,Soy yogurt,batido fermentado de soja,,A0719 A0724 A0783 A1046 A1259 B1201 C0235 E0119 F0014 G0003 H0152 H0208 H0298 H0338 H0748 J0131 K0003 M0172 N0036 P0026,BEDCA,2519,ES,es,generic,,,,,1.0,100g,89.3,373.63,False,2.35,17.06,,,1.18,0.0,1.0,2.6,,,,0.6,15.0,0.0375,True,0.0,78.18,0.0,176.0,0.64,15.0,47.0,120.0,0.2,,0.0,1.3,0.0,17.6,0.0,0.0,,0.0,19.0,0.07,0.03,0.1,,,,,0.4176,0.2088,0.7772,1.264,0.1305,,,,,,,,,,,,,Batido fermentado de soja,batido fermentado de soja soy yogurt,Soy yogurt,93,True,GRP-00105,OK,,f_origen original: BEDCA2,2026-09-20T03:50:39.818564+00:00,2026-09-20T03:50:39.818564+00:00
BEDCA-2520,Yogur griego,Yogur griego,Yogur griego,Strained yogurt,yogur griego,,A0101 A0724 A0778 B1201 C0235 E0134 F0018 G0003 H0296 H0748 J0135 K0003 M0188 N0036 N0042 P0024 Z0112,BEDCA,2520,ES,es,generic,,,,,1.0,100g,138.15,578.0,False,6.4,5.4,,0.0,10.2,6.8,2.46,0.28,,0.055,0.024,0.0,71.0,0.1775,True,11.0,78.0,0.0,150.0,0.3,12.0,130.0,150.0,0.5,,4.0,2.0,121.0,,0.05,0.38,0.05,0.2,6.0,0.03,0.36,1.6,,,0.1228,0.35,0.9062,0.3726,0.5722,0.009,0.03,0.015,0.01,0.015,,,,,,,,,,Yogur griego,yogur griego strained yogurt,Strained yogurt,93,True,GRP-00929,OK,,f_origen original: BEDCA2,2026-09-20T03:50:39.818564+00:00,2026-09-20T03:50:39.818564+00:00
BEDCA-2521,"Yogur líquido, ""tipo actimel""","Yogur líquido, ""tipo actimel""","Yogur líquido, ""tipo actimel""","Yoghurt liquid, ""type actimel""",yogur liquido tipo actimel,,A0719 A0724 A0783 A1046 A1259 A1284 B1201 C0235 E0139 F0014 G0003 H0208 H0298 H0748 J0131 K0003 M0172 N0036 P0026,BEDCA,2521,ES,es,generic,,,,,1.0,100g,62.57,261.8,False,3.6,4.4,,,3.4,2.2,0.9,0.1,,,,,55.0,0.1375,True,3.0,87.5,0.0,146.0,0.1,12.0,103.0,183.0,0.4,,4.0,1.0,33.0,1.0,0.2,0.3,0.1,0.3,5.0,0.04,0.18,0.42,,,,,,,,,,,,,,,,,,,,,,"Yogur líquido, ""tipo actimel""",yogur liquido tipo actimel yoghurt liquid type,"Yoghurt liquid, ""type actimel""",87,True,GRP-00941,OK,,f_origen original: BEDCA2,2026-09-20T03:50:39.818564+00:00,2026-09-20T03:50:39.818564+00:00
BEDCA-2524,"Yogur, desnatado, con cereales, manzana y ciruela","Yogur, desnatado, con cereales, manzana y ciruela","Yogur, desnatado, con cereales, manzana y ciruela","Yogurt, skimmed, with cereals, apple and plum",yogur desnatado con cereales manzana y ciruela,,A0101 A0452 A0626 A0721 A0724 A0776 A0778 B1201 C0235 E0134 F0014 G0003 H0101 H0147 H0184 H0248 H0318 H0319 H0320 H0395 J0123 K0003 M0188 N0036 N0042 P0024 R0212 R0497 Z0112,BEDCA,2524,ES,es,generic,,,,,1.0,100g,70.43,294.7,False,3.8,13.1,,,0.2,0.1,0.1,0.0,,,,1.1,35.2,0.088,True,0.3,81.8,0.0,105.0,0.155,9.8,95.0,117.1,0.341,0.031,14.4,1.0,10.7,,,0.0,0.42,0.4,16.0,0.03,0.19,0.43,,,,,,,,,,,,,,,,,,,,,,"Yogur, desnatado, con cereales, manzana y ciruela",yogur desnatado con cereales manzana ciruela yogurt skimmed with cereals apple and plum,"Yogurt, skimmed, with cereals, apple and plum",93,True,GRP-00906,OK,,f_origen original: BEDCA2,2026-09-20T03:50:39.818564+00:00,2026-09-20T03:50:39.818564+00:00
BEDCA-2525,"Yogur, desnatado, con ciruela, albaricoque y fibra","Yogur, desnatado, con ciruela, albaricoque y fibra","Yogur, desnatado, con ciruela, albaricoque y fibra","Yogurt, skimmed, with plum, apricot and fiber",yogur desnatado con ciruela albaricoque y fibra,,A0101 A0452 A0626 A0721 A0724 A0776 A0778 B1201 C0235 E0134 F0014 G0003 H0101 H0147 H0158 H0184 H0227 H0248 H0319 H0337 J0123 K0003 M0188 N0036 N0042 P0024 R0212 R0497 Z0112,BEDCA,2525,ES,es,generic,,,,,1.0,100g,57.77,241.7,False,4.1,9.9,,,0.1,,,,,,,1.3,44.6,0.1115,True,1.2,85.9,0.0,111.4,0.221,11.5,,126.2,0.34,0.022,16.8,2.4,160.0,1.4,1.0,2.4,0.05,0.3,3.8,0.03,0.16,0.8,,,,,,,,,,,,,,,,,,,,,,"Yogur, desnatado, con ciruela, albaricoque y fibra",yogur desnatado con ciruela albaricoque fibra yogurt skimmed with plum apricot and fiber,"Yogurt, skimmed, with plum, apricot and fiber",87,True,GRP-00909,OK,,f_origen original: BEDCA2,2026-09-20T03:50:39.818564+00:00,2026-09-20T03:50:39.818564+00:00
BEDCA-2526,"Yogur, desnatado, con fresa, grosella y fibra","Yogur, desnatado, con fresa, grosella y fibra","Yogur, desnatado, con fresa, grosella y fibra","Yogurt, skimmed, with strawberry, redcurrant and fiber",yogur desnatado con fresa grosella y fibra,,A0101 A0452 A0626 A0721 A0724 A0776 A0778 B1201 C0235 E0134 F0014 G0003 H0101 H0145 H0147 H0158 H0168 H0184 H0227 H0248 H0319 H0322 H0337 J0123 K0003 M0187 N0036 N0042 P0024 R0212 R0497 Z0112,BEDCA,2526,ES,es,generic,,,,,1.0,100g,57.77,241.7,False,4.1,9.9,,,0.1,,,,,,,1.3,46.0,0.115,True,1.2,85.9,0.0,110.6,0.172,11.8,79.1,129.9,0.354,0.021,16.8,2.4,160.0,1.4,1.0,2.4,0.05,0.3,3.8,0.03,0.16,0.8,,,,,,,,,,,,,,,,,,,,,,"Yogur, desnatado, con fresa, grosella y fibra",yogur desnatado con fresa grosella fibra yogurt skimmed with strawberry redcurrant and fiber,"Yogurt, skimmed, with strawberry, redcurrant and fiber",87,True,GRP-00910,OK,,f_origen original: BEDCA2,2026-09-20T03:50:39.818564+00:00,2026-09-20T03:50:39.818564+00:00
BEDCA-2527,"Yogur, desnatado, con frutas","Yogur, desnatado, con frutas","Yogur, desnatado, con frutas","Yogurt, skimmed, with fruits",yogur desnatado con frutas,,A0101 A0724 A0778 B1201 C0235 E0134 F0014 G0003 H0101 H0147 H0168 H0184 H0227 H0248 J0123 K0003 M0187 N0036 N0042 P0024 Z0112,BEDCA,2527,ES,es,generic,,,,,1.0,100g,70.56,295.22,False,3.83,13.1,,,0.2003,0.1,0.1,0.0,,,,1.1,64.0,0.16,True,0.3,81.8,0.0,112.13,0.16,12.78,95.0,210.0,0.33,,14.35,1.0,10.67,,,0.0,0.42,0.4,16.0,0.03,0.19,0.43,,,,,,,,,,,,,,,,,,,,,,"Yogur, desnatado, con frutas",yogur desnatado con frutas yogurt skimmed with fruits,"Yogurt, skimmed, with fruits",93,True,GRP-00913,OK,,f_origen original: BEDCA2,2026-09-20T03:50:39.818564+00:00,2026-09-20T03:50:39.818564+00:00
BEDCA-2528,"Yogur, desnatado, con melocotón, frambuesa y fibra","Yogur, desnatado, con melocotón, frambuesa y fibra","Yogur, desnatado, con melocotón, frambuesa y fibra","Yogurt, skimmed, with peach, raspberry and fiber",yogur desnatado con melocoton frambuesa y fibra,,A0101 A0452 A0626 A0721 A0724 A0776 A0778 B1201 C0235 E0134 F0014 G0003 H0101 H0147 H0168 H0184 H0248 J0123 K0003 M0188 N0036 N0042 P0024 R0212 R0497 Z0112,BEDCA,2528,ES,es,generic,,,,,1.0,100g,57.77,241.7,False,4.1,9.9,,,0.1,,,,,,,0.0013000000000000002,43.4,0.1085,True,1.2,85.9,0.0,110.2,0.144,10.3,79.1,118.8,0.347,0.02,16.8,2.4,160.0,1.4,1.0,2.4,0.05,0.3,3.8,0.03,0.16,0.8,,,,,,,,,,,,,,,,,,,,,,"Yogur, desnatado, con melocotón, frambuesa y fibra",yogur desnatado con melocoton frambuesa fibra yogurt skimmed with peach raspberry and fiber,"Yogurt, skimmed, with peach, raspberry and fiber",87,True,GRP-00915,OK,,f_origen original: BEDCA2,2026-09-20T03:50:39.818564+00:00,2026-09-20T03:50:39.818564+00:00
BEDCA-2530,"Yogur, desnatado, sabor natural","Yogur, desnatado, sabor natural","Yogur, desnatado, sabor natural","Yogurt, skimmed, plain flavour",yogur desnatado sabor natural,,A0101 A0724 A0778 B1201 C0235 E0119 F0014 G0003 H0101 H0184 H0248 J0123 K0003 M0188 N0036 N0042 P0024 Z0112,BEDCA,2530,ES,es,generic,,,,,1.0,100g,45.9,192.04,False,4.3,6.3,,0.0,0.32,0.11,0.15,0.0,,,,0.0,57.0,0.1425,True,1.0,89.1,0.0,140.0,0.09,13.7,109.0,187.0,0.44,,5.3,1.0,0.8,1.6,0.0,,0.08,0.4,4.7,0.04,0.19,1.2,,,,,,,,,,,,,,,,,,,,,,"Yogur, desnatado, sabor natural",yogur desnatado sabor natural yogurt skimmed plain flavour,"Yogurt, skimmed, plain flavour",93,True,GRP-00919,OK,,f_origen original: BEDCA2,2026-09-20T03:50:39.818564+00:00,2026-09-20T03:50:39.818564+00:00
BEDCA-2531,"Yogur, desnatado, sabor natural, azucarado","Yogur, desnatado, sabor natural, azucarado","Yogur, desnatado, sabor natural, azucarado","Yogurt, skimmed, plain flavour, sweetened",yogur desnatado sabor natural azucarado,,A0101 A0724 A0778 B1201 C0235 E0119 F0014 G0003 H0101 H0158 H0184 H0248 H0748 J0123 K0003 M0187 N0036 P0024 Z0112,BEDCA,2531,ES,es,generic,,,,,1.0,100g,77.01,322.2,False,4.5,13.8,,0.0,0.3,0.11,0.1,0.0,,,,0.0,66.0,0.165,True,1.0,81.4,0.0,149.0,0.1,17.0,123.0,191.0,0.4,,5.0,1.0,0.8,4.0,,0.03,0.1,0.3,5.0,0.04,0.19,0.86,,,,,,,,,,,,,,,,,,,,,,"Yogur, desnatado, sabor natural, azucarado",yogur desnatado sabor natural azucarado yogurt skimmed plain flavour sweetened,"Yogurt, skimmed, plain flavour, sweetened",93,True,GRP-00918,OK,,f_origen original: BEDCA2,2026-09-20T03:50:39.818564+00:00,2026-09-20T03:50:39.818564+00:00
BEDCA-2532,"Yogur, desnatado, aromatizado sabor s/e","Yogur, desnatado, aromatizado sabor s/e","Yogur, desnatado, aromatizado sabor s/e","Yogurt , skimmed, flavoured n/e",yogur desnatado aromatizado sabor s e,,A0101 A0452 A0626 A0721 A0724 A0776 A0778 B1201 C0235 E0119 F0014 G0003 H0101 H0184 H0228 H0248 J0123 K0003 M0188 N0036 N0042 P0024 R0212 R0497 Z0112,BEDCA,2532,ES,es,generic,,,,,1.0,100g,64.13,268.3,False,5.3,7.0,6.0,0.0,1.6,1.0,0.43,,,,,0.0,70.0,0.175,True,6.0,86.1,0.0,183.0,0.08,17.0,144.0,234.0,0.89,0.01,5.0,3.3,16.0,0.8,0.01,0.04,0.085,0.56,11.0,0.04,0.21,0.115,0.59,0.0,,,,,,,,,,,,,,,,,,,,"Yogur, desnatado, aromatizado sabor s/e",yogur desnatado aromatizado sabor yogurt skimmed flavoured,"Yogurt , skimmed, flavoured n/e",98,True,GRP-00905,OK,,f_origen original: BEDCA2,2026-09-20T03:50:39.818564+00:00,2026-09-20T03:50:39.818564+00:00
BEDCA-2533,"Yogur, entero, con cereales y fresas","Yogur, entero, con cereales y fresas","Yogur, entero, con cereales y fresas","Yogurt, whole milk, with cereals and strawberry",yogur entero con cereales y fresas,,A0101 A0452 A0626 A0721 A0724 A0776 A0778 B1201 C0235 E0134 F0014 G0003 H0101 H0147 H0184 H0227 H0247 H0318 H0319 H0320 H0748 J0123 K0003 M0188 N0036 N0042 P0024 R0212 R0497 Z0112,BEDCA,2533,ES,es,generic,,,,,1.0,100g,91.35,382.2,False,3.5,11.8,,,3.3,2.1,0.9,0.1,,,,0.5,52.8,0.132,True,13.0,80.7,0.0,98.9,0.361,13.9,95.0,138.1,0.415,0.043,24.3,1.3,28.1,0.1,0.093,0.084,0.042,0.15,23.0,0.036,0.163,0.124,,,,,,,,,,,,,,,,,,,,,,"Yogur, entero, con cereales y fresas",yogur entero con cereales fresas yogurt whole milk with cereals and strawberry,"Yogurt, whole milk, with cereals and strawberry",93,True,GRP-00926,OK,,f_origen original: BEDCA2,2026-09-20T03:50:39.818564+00:00,2026-09-20T03:50:39.818564+00:00
BEDCA-2534,"Yogur, entero, con frutas del bosque","Yogur, entero, con frutas del bosque","Yogur, entero, con frutas del bosque","Yogurt, whole milk, with fruits of the forest",yogur entero con frutas del bosque,,A0101 A0452 A0626 A0721 A0724 A0776 A0778 B1201 C0235 E0134 F0014 G0003 H0101 H0147 H0184 H0227 H0247 H0748 J0123 K0003 M0188 N0036 N0042 P0024 R0212 R0497 Z0112,BEDCA,2534,ES,es,generic,,,,,1.0,100g,90.06,376.8,False,3.3,11.9,,,3.2,2.1,0.9,0.1,,,,0.5,35.6,0.089,True,13.0,80.6,0.0,100.9,0.346,10.1,88.0,120.9,0.319,0.027,24.3,1.3,27.2,0.0,0.092,0.082,0.042,0.15,23.0,0.036,0.163,0.124,,,,,,,,,,,,,,,,,,,,,,"Yogur, entero, con frutas del bosque",yogur entero con frutas del bosque yogurt whole milk with fruits of the forest,"Yogurt, whole milk, with fruits of the forest",93,True,GRP-00928,OK,,f_origen original: BEDCA2,2026-09-20T03:50:39.818564+00:00,2026-09-20T03:50:39.818564+00:00
BEDCA-2535,"Yogur, líquido, entero, con fresas","Yogur, líquido, entero, con fresas","Yogur, líquido, entero, con fresas","Drinking yogurt, whole milk, with strawberry",yogur liquido entero con fresas,,A0101 A0452 A0626 A0721 A0724 A0776 A0778 B1201 C0235 E0114 F0014 G0003 H0117 H0147 H0242 H0247 J0123 J0131 K0003 M0187 N0036 P0024 R0212 R0497 Z0112,BEDCA,2535,ES,es,generic,,,,,1.0,100g,90.39,378.2,False,3.3,12.2,,,3.1,2.0,0.8,0.1,,,,0.5,36.2,0.0905,True,12.0,81.3,0.0,105.5,0.086,9.0,88.0,91.0,0.295,0.02,24.3,1.3,26.4,0.0,0.091,0.079,0.042,0.15,23.0,0.036,0.163,0.124,,,,,,,,,,,,,,,,,,,,,,"Yogur, líquido, entero, con fresas",yogur liquido entero con fresas drinking yogurt whole milk with strawberry,"Drinking yogurt, whole milk, with strawberry",93,True,GRP-00934,OK,,f_origen original: BEDCA2,2026-09-20T03:50:39.818564+00:00,2026-09-20T03:50:39.818564+00:00
BEDCA-2536,"Yogur, líquido, entero, con frutas","Yogur, líquido, entero, con frutas","Yogur, líquido, entero, con frutas","Drinking yogurt, whole milk, with fruits",yogur liquido entero con frutas,,A0101 A0724 A0778 B1201 C0235 E0121 F0014 G0003 H0101 H0136 H0147 H0158 H0184 H0247 H0362 J0123 K0003 M0187 N0036 P0024,BEDCA,2536,ES,es,generic,,,,,1.0,100g,90.06,376.8,False,3.3,11.9,,,3.2,2.1,0.9,0.1,,,,0.5,41.0,0.1025,True,13.0,80.6,0.0,118.0,0.085,,88.0,152.0,0.469,,24.3,1.3,27.2,0.0,0.092,0.082,0.042,0.15,23.0,0.036,0.163,0.42,,,,,,,,,,,,,,,,,,,,,,"Yogur, líquido, entero, con frutas",yogur liquido entero con frutas drinking yogurt whole milk with fruits,"Drinking yogurt, whole milk, with fruits",93,True,GRP-00935,OK,,f_origen original: BEDCA2,2026-09-20T03:50:39.818564+00:00,2026-09-20T03:50:39.818564+00:00
BEDCA-2537,"Yogur, líquido, entero, sabor fresa","Yogur, líquido, entero, sabor fresa","Yogur, líquido, entero, sabor fresa","Drinking yogurt, whole milk, strawberry flavoured",yogur liquido entero sabor fresa,,A0101 A0452 A0626 A0721 A0724 A0776 A0778 B1201 C0235 E0102 F0014 G0003 H0101 H0158 H0184 H0247 H0395 J0123 K0003 M0187 N0036 N0042 P0024 R0212 R0497 Z0112,BEDCA,2537,ES,es,generic,,,,,1.0,100g,115.39,482.8,False,5.4,15.6,,,3.4,2.1,0.97,0.08,,,,0.0,29.7,0.0742,True,11.0,75.6,0.0,92.2,0.046,8.6,140.0,103.2,0.294,0.013,6.0,1.0,27.4,0.94,0.05,0.08,0.05,0.17,13.5,0.03,0.17,0.44,,,,,,,,,,,,,,,,,,,,,,"Yogur, líquido, entero, sabor fresa",yogur liquido entero sabor fresa drinking yogurt whole milk strawberry flavoured,"Drinking yogurt, whole milk, strawberry flavoured",93,True,GRP-00937,OK,,f_origen original: BEDCA2,2026-09-20T03:50:39.818564+00:00,2026-09-20T03:50:39.818564+00:00
BEDCA-2538,"Yogur, líquido, entero, sabor fresa y plátano","Yogur, líquido, entero, sabor fresa y plátano","Yogur, líquido, entero, sabor fresa y plátano","Drinking yogurt, whole milk, strawberry and banana flavoured",yogur liquido entero sabor fresa y platano,,A0101 A0452 A0626 A0721 A0724 A0776 A0778 B1201 C0235 E0139 F0014 G0003 H0101 H0158 H0247 H0362 H0395 J0123 K0003 M0187 N0036 P0024 R0212 R0497 Z0112,BEDCA,2538,ES,es,generic,,,,,1.0,100g,115.39,482.8,False,5.4,15.6,,,3.4,2.1,0.97,0.08,,,,0.0,27.9,0.0698,True,11.0,75.6,0.0,92.8,0.05,9.1,140.0,99.9,0.301,0.014,6.0,1.0,27.4,0.94,0.05,0.08,0.05,0.17,13.5,0.03,0.17,0.44,,,,,,,,,,,,,,,,,,,,,,"Yogur, líquido, entero, sabor fresa y plátano",yogur liquido entero sabor fresa platano drinking yogurt whole milk strawberry and banana flavoured,"Drinking yogurt, whole milk, strawberry and banana flavoured",93,True,GRP-00936,OK,,f_origen original: BEDCA2,2026-09-20T03:50:39.818564+00:00,2026-09-20T03:50:39.818564+00:00
BEDCA-2539,"Yogur, líquido, entero, sabor frutas del bosque","Yogur, líquido, entero, sabor frutas del bosque","Yogur, líquido, entero, sabor frutas del bosque","Drinking yogurt, whole milk, fruits of the forest flavoured",yogur liquido entero sabor frutas del bosque,,A0101 A0452 A0626 A0721 A0724 A0776 A0778 B1201 C0235 E0102 F0014 G0003 H0101 H0158 H0184 H0247 H0362 H0395 J0123 K0003 M0187 N0036 P0024 R0212 R0497 Z0112,BEDCA,2539,ES,es,generic,,,,,1.0,100g,115.39,482.8,False,5.4,15.6,,,3.4,2.1,0.97,0.08,,,,0.0,31.2,0.078,True,11.0,75.6,0.0,88.7,0.043,7.9,140.0,106.7,0.287,0.014,6.0,1.0,27.4,0.94,0.05,0.08,0.05,0.17,13.5,0.03,0.17,0.44,,,,,,,,,,,,,,,,,,,,,,"Yogur, líquido, entero, sabor frutas del bosque",yogur liquido entero sabor frutas del bosque drinking yogurt whole milk fruits of the forest flavoured,"Drinking yogurt, whole milk, fruits of the forest flavoured",93,True,GRP-00938,OK,,f_origen original: BEDCA2,2026-09-20T03:50:39.818564+00:00,2026-09-20T03:50:39.818564+00:00
BEDCA-2540,"Yogur, líquido, entero, sabor piña y coco","Yogur, líquido, entero, sabor piña y coco","Yogur, líquido, entero, sabor piña y coco","Drinking yogurt, whole milk, pineapple and coconut flavoured",yogur liquido entero sabor pina y coco,,A0101 A0452 A0626 A0721 A0724 A0776 A0778 B1201 C0235 E0102 F0014 G0003 H0101 H0157 H0158 H0184 H0247 H0395 J0123 K0003 M0187 N0036 N0042 P0024 R0212 R0497 Z0112,BEDCA,2540,ES,es,generic,,,,,1.0,100g,115.39,482.8,False,5.4,15.6,,,3.4,2.1,0.97,0.08,,,,0.0,27.9,0.0698,True,11.0,75.6,0.0,88.4,0.05,9.1,140.0,102.1,0.296,0.015,6.0,1.0,27.4,0.94,0.05,0.08,0.05,0.17,13.5,0.03,0.17,0.44,,,,,,,,,,,,,,,,,,,,,,"Yogur, líquido, entero, sabor piña y coco",yogur liquido entero sabor pina coco drinking yogurt whole milk pineapple and coconut flavoured,"Drinking yogurt, whole milk, pineapple and coconut flavoured",93,True,GRP-00939,OK,,f_origen original: BEDCA2,2026-09-20T03:50:39.818564+00:00,2026-09-20T03:50:39.818564+00:00
BEDCA-2541,Aceite de girasol,Aceite de girasol,Aceite de girasol,Sunflower oil,aceite de girasol,,A0453 A0700 A0728 A0806 A1059 A1239 A1274 B1547 C0134 E0139 F0003 G0001 H0197 H0206 J0121 K0003 M0172 N0036 P0024 R0212 Z0112,BEDCA,2541,ES,es,generic,Animal and vegetable fats and oils,"Vegetable fats and oils, edible",,,1.0,100g,883.44,3696.3,False,,0.0,,,99.9,10.62,25.38,63.5,0.27,,,0.0,0.0,0.0,True,0.0,,0.0,0.0,,0.0,0.0,0.0,,,0.0,0.0,0.0,0.0,,56.0,,,0.0,,,,,,,0.09,6.34,3.31,28.06,57.53,1.6,,0.04,,,,,,,,,,,Aceite de girasol,aceite de girasol sunflower oil,Sunflower oil,87,True,GRP-00006,OK,,f_origen original: BEDCA2,2026-09-20T03:50:39.818564+00:00,2026-09-20T03:50:39.818564+00:00
BEDCA-2542,Aceite de lino,Aceite de lino,Aceite de lino,Flaxseed oil,aceite de lino,,A0453 A0700 A0728 A0806 A1059 A1239 A1274 B1700 C0134 E0139 F0014 G0001 H0197 H0206 J0121 K0003 M0172 N0036 P0024 R0212 Z0112,BEDCA,2542,ES,es,generic,,,,,1.0,100g,884.32,3700.0,False,0.0,0.0,,,100.0,9.4,20.2,66.0,,,,0.0,0.0,0.0,True,0.0,0.0,0.0,0.0,0.0,0.0,0.0,0.0,0.0,,0.0,0.0,0.0,0.0,0.0,17.5,0.0,0.0,0.0,0.0,0.0,0.0,,,,0.0,5.16,4.08,19.5,15.69,55.47,,,,,,,,,,,,,Aceite de lino,aceite de lino flaxseed oil,Flaxseed oil,93,True,GRP-00009,OK,,f_origen original: BEDCA2,2026-09-20T03:50:39.818564+00:00,2026-09-20T03:50:39.818564+00:00
BEDCA-2543,Aceite de oliva,Aceite de oliva,Aceite de oliva,Olive oil,aceite de oliva,,A0806 A0700 A1274 A0627 B1140 C0297 E0139 F0003 G0003 H0003 J0003 M0172 N0036 R0355,BEDCA,2543,ES,es,generic,,,,,1.0,100g,883.44,3696.3,False,0.0,0.0,,,99.9,17.06,71.0,11.93,0.11,,,0.0,0.0,0.0,True,0.0,0.1,0.0,0.0,0.0,0.0,0.0,0.0,0.0,,0.0,0.0,3.0,0.0,0.0,12.0,0.0,0.0,0.0,0.0,0.0,0.0,,,,0.01,14.0,2.75,69.16,11.28,0.69,,,,,,,,,,,,,Aceite de oliva,aceite de oliva olive oil,Olive oil,93,True,GRP-00013,OK,,f_origen original: BEDCA2,2026-09-20T03:50:39.818564+00:00,2026-09-20T03:50:39.818564+00:00
BEDCA-2544,Aceite de oliva virgen extra,Aceite de oliva virgen extra,Aceite de oliva virgen extra,Extra virgin olive oil,aceite de oliva virgen extra,,A0453 A0700 A0728 A0806 A1059 A1239 A1274 B1299 C0140 E0139 F0003 G0003 H0003 J0003 K0003 M0292 N0042 P0188 R0212 Z0154,BEDCA,2544,ES,es,generic,Animal and vegetable fats and oils,"Vegetable fats and oils, edible",,,1.0,100g,884.32,3700.0,False,,0.0,,,100.0,14.21,78.2,7.5,,0.7,6.8,0.0,,,False,0.0,,0.0,,,,,,,,0.0,0.0,34.0,0.0,0.0,18.34,0.0,0.0,,,,,,,0.0,0.01,10.4,2.2,78.2,6.8,0.7,0.0,0.0,0.0,,,,,,,,,,Aceite de oliva virgen extra,aceite de oliva virgen extra virgin olive oil,Extra virgin olive oil,82,True,GRP-00012,OK,,f_origen original: BEDCA2,2026-09-20T03:50:39.818564+00:00,2026-09-20T03:50:39.818564+00:00
BEDCA-2545,"Aceite de oliva virgen extra, producción ecologica","Aceite de oliva virgen extra, producción ecologica","Aceite de oliva virgen extra, producción ecologica","Extra virgin olive oil, organic ",aceite de oliva virgen extra produccion ecologica,,A0453 A0700 A0728 A0806 A1059 A1239 A1274 B1299 C0140 E0139 F0003 G0003 H0003 J0003 K0003 M0292 N0042 P0188 R0212 Z0154 Z0210,BEDCA,2545,ES,es,generic,,,,,1.0,100g,884.32,3700.0,False,,0.0,,,100.0,,,,,,,0.0,,,False,0.0,,0.0,,,,,,,,0.0,0.0,34.0,0.0,0.0,19.76,,0.0,,,,,,,,,10.56,3.04,81.61,3.68,0.41,,,,,,,,,,,,,"Aceite de oliva virgen extra, producción ecologica",aceite de oliva virgen extra produccion ecologica virgin olive oil organic,"Extra virgin olive oil, organic ",76,True,GRP-00011,OK,,f_origen original: BEDCA2,2026-09-20T03:50:39.818564+00:00,2026-09-20T03:50:39.818564+00:00
BEDCA-2546,Aceite de soja,Aceite de soja,Aceite de soja,"Soye, oil",aceite de soja,,A0453 A0700 A0728 A0806 A1059 A1239 A1274 B1452 C0134 E0139 F0014 G0001 H0197 H0206 J0121 K0003 M0172 N0036 P0024 R0212 Z0112,BEDCA,2546,ES,es,generic,Animal and vegetable fats and oils,"Vegetable fats and oils, edible",,,1.0,100g,884.23,3699.63,False,0.0,0.0,,,99.99,14.4,27.13,58.47,,,,0.0,0.0,0.0,True,0.0,0.01,0.0,0.0,0.0,0.0,0.0,0.0,,,,,0.0,0.0,0.0,16.75,,0.0,0.0,,,0.0,,,,0.07,10.05,3.79,25.14,49.54,9.0,,,,,,,,,,,,,Aceite de soja,aceite de soja soye oil,"Soye, oil",93,True,GRP-00016,OK,,f_origen original: BEDCA2,2026-09-20T03:50:39.818564+00:00,2026-09-20T03:50:39.818564+00:00
BEDCA-2547,Grasa de pollo,Grasa de pollo,Grasa de pollo,Chiken fat,grasa de pollo,,A0714 A0726 A0793 A1015 A1258 A1275 B1457 C0253 E0001 F0003 G0001 H0003 J0003 K0032 M0172 N0036 P0024 R0212 Z0154,BEDCA,2547,ES,es,generic,Animal and vegetable fats and oils,"Animal fats and oils, processed",,,1.0,100g,882.55,3692.6,False,0.0,0.0,,,99.8,29.8,44.7,20.9,,,,0.0,0.0,0.0,True,85.0,0.2,0.0,0.0,0.0,0.0,0.0,0.0,0.0,,0.0,0.2,0.0,0.0,4.8,0.0,0.0,0.0,0.0,0.0,0.0,0.0,,,,1.0,21.0,,,,,,,,,,,,,,,,,Grasa de pollo,grasa de pollo chiken fat,Chiken fat,93,True,GRP-00368,OK,,f_origen original: BEDCA2,2026-09-20T03:50:39.818564+00:00,2026-09-20T03:50:39.818564+00:00
BEDCA-2548,Lecitina de soja,Lecitina de soja,Lecitina de soja,Soy lecithin,lecitina de soja,,A0722 A0735 A0852 B1452 C0001 E0001 F0003 G0003 H0003 J0003 K0003 M0001 N0001 P0003 Z0112,BEDCA,2548,ES,es,generic,,,,,1.0,100g,501.2,2097.0,False,0.0,8.0,,,53.0,13.0,5.0,35.0,,,,0.0,0.0,0.0,True,0.0,0.0,0.0,0.0,0.0,0.0,3.1,1.2,0.0,,0.0,0.0,0.0,0.0,0.0,8.18,0.0,0.0,0.0,0.0,0.0,0.0,,,,,,,,,,,,,,,,,,,,,,Lecitina de soja,lecitina de soja soy lecithin,Soy lecithin,93,True,GRP-00455,OK,,f_origen original: BEDCA2,2026-09-20T03:50:39.818564+00:00,2026-09-20T03:50:39.818564+00:00
BEDCA-2549,Manteca,Manteca,Manteca,Pork lard,manteca,,A0702 A0728 A0809 A1028 A1264 A1274 B1136 C0253 E0151 F0003 G0003 H0367 J0131 K0004 M0137 N0036 P0024 R0001 Z0112,BEDCA,2549,ES,es,generic,,,,,1.0,100g,875.48,3663.0,False,0.0,0.0,,,99.0,40.6,43.0,9.8,1.114,,,0.0,1.0,0.0025,True,93.0,1.0,0.0,1.0,0.1,1.0,3.0,1.0,0.0,,,,0.0,0.0,0.0,1.6,,0.0,0.0,,,0.0,,,,,,,,,,,,,,,,,,,,,,Manteca,manteca pork lard,Pork lard,93,True,GRP-00490,OK,,f_origen original: BEDCA2,2026-09-20T03:50:39.818564+00:00,2026-09-20T03:50:39.818564+00:00
BEDCA-2550,"Mantequilla, baja en calorías","Mantequilla, baja en calorías","Mantequilla, baja en calorías","Butter, light",mantequilla baja en calorias,,A0453 A0702 A0728 A0808 A1026 A1238 A1274 B1201 C0179 E0119 F0018 H0208 H0324 H0367 J0135 K0003 M0172 N0036 P0024 R0212 Z0112,BEDCA,2550,ES,es,generic,,,,,1.0,100g,500.67,2094.8,False,3.3,0.0,,,55.1,34.321,15.927,2.046,,,,0.0,450.0,1.125,True,106.0,42.1,0.0,48.0,1.09,5.0,34.0,71.0,0.26,,,1.0,509.4,0.0,12.0,1.58,0.01,0.13,1.0,0.01,0.07,0.02,,,,,,,,,,,,,,,,,,,,,,"Mantequilla, baja en calorías",mantequilla baja en calorias butter light,"Butter, light",93,True,GRP-00491,OK,,f_origen original: BEDCA2,2026-09-20T03:50:39.818564+00:00,2026-09-20T03:50:39.818564+00:00
BEDCA-2551,Margarina de maíz,Margarina de maíz,Margarina de maíz,Corn margarine,margarina de maiz,,A0231 A0453 A0627 A0663 A0701 A0728 B1379 C0190 E0119 F0014 G0003 H0174 H0306 J0100 K0003 M0001 N0001 P0024 R0212 R0497 Z0112,BEDCA,2551,ES,es,generic,,,,,1.0,100g,714.77,2990.6,False,0.9,0.9,,,80.0,13.75,32.7,31.95,4.832,4.05,20.34,0.0,198.0,0.495,True,0.0,18.2,0.0,30.0,0.0,3.0,23.0,42.0,0.0,,26.0,0.0,731.0,0.2,3.8,7.5,0.009,0.1,1.0,0.01,1.6,0.67,,,0.28,0.39,10.77,2.7,42.87,20.34,4.05,0.0,0.0,0.0,,,,,,,,,,Margarina de maíz,margarina de maiz corn margarine,Corn margarine,93,True,GRP-00495,OK,,f_origen original: BEDCA2,2026-09-20T03:50:39.818564+00:00,2026-09-20T03:50:39.818564+00:00
BEDCA-2552,"Margarina, baja en calorías","Margarina, baja en calorías","Margarina, baja en calorías","Margarine, light",margarina baja en calorias,,A0453 A0702 A0728 A0807 A1026 A1238 A1274 B1347 C0179 E0119 F0018 H0208 H0324 H0367 J0135 K0003 M0172 N0036 P0024 R0212 Z0112,BEDCA,2552,ES,es,generic,,,,,1.0,100g,361.94,1514.34,False,1.62,0.4,,,40.0,11.29,13.52,13.85,,,,0.0,390.0,0.975,True,0.0,58.0,0.0,12.0,0.06,0.5,8.0,7.0,0.0,,26.0,0.0,584.0,0.1,2.5,6.0,0.005,0.06,1.0,0.006,0.022,0.36,,,,,,,,,,,,,,,,,,,,,,"Margarina, baja en calorías",margarina baja en calorias margarine light,"Margarine, light",93,True,GRP-00494,OK,,f_origen original: BEDCA2,2026-09-20T03:50:39.818564+00:00,2026-09-20T03:50:39.818564+00:00
BEDCA-2553,Mayonesa con aceite de girasol,Mayonesa con aceite de girasol,Mayonesa con aceite de girasol,Mayonnaise sunflower oil,mayonesa con aceite de girasol,,A0700 A0728 A0806 A1055 A1238 A1274 B1547 C0165 E0135 F0003 G0001 H0185 H0367 H0491 H0749 J0131 K0004 M0130 M0184 N0036 N0040 P0024 R0001 Z0112,BEDCA,2553,ES,es,generic,,,,,1.0,100g,697.39,2917.9,False,1.3,5.8,,,75.6,11.42,18.19,43.9,0.4,,,0.0,580.0,1.45,True,100.0,16.32,0.0,12.0,0.4,4.0,48.0,18.0,0.1,,35.0,0.0,36.17,0.0,0.25,15.5,0.1,0.48,10.0,0.02,0.05,1.0,,,,,4.522,2.108,24.452,36.678,0.56,,,,,,,,,,,,,Mayonesa con aceite de girasol,mayonesa con aceite de girasol mayonnaise sunflower oil,Mayonnaise sunflower oil,93,True,GRP-00500,OK,,f_origen original: BEDCA2,2026-09-20T03:50:39.818564+00:00,2026-09-20T03:50:39.818564+00:00
BEDCA-2554,"Mayonesa, baja en calorías","Mayonesa, baja en calorías","Mayonesa, baja en calorías",Mayonnaise light,mayonesa baja en calorias,,A0453 A0700 A0728 A0806 A1056 A1238 A1274 B1547 C0165 E0135 F0003 G0001 H0186 H0200 H0221 H0247 H0367 J0001 K0003 M0130 N0040 P0024 R0212 Z0112,BEDCA,2554,ES,es,generic,,,,,1.0,100g,296.44,1240.3,False,1.0,10.8,,,28.1,4.19,6.88,15.7,,,,0.0,750.0,1.875,True,50.0,60.1,0.0,10.0,0.3,10.0,1.0,10.0,0.1,,35.0,0.0,0.0,0.0,0.0,14.0,0.1,0.48,10.0,0.02,0.05,0.24,,,,,,,,,,,,,,,,,,,,,,"Mayonesa, baja en calorías",mayonesa baja en calorias mayonnaise light,Mayonnaise light,93,True,GRP-00499,OK,,f_origen original: BEDCA2,2026-09-20T03:50:39.818564+00:00,2026-09-20T03:50:39.818564+00:00
BEDCA-2555,Nata montada,Nata montada,Nata montada,Whipped cream,nata montada,,A0453 A0721 A0728 A0810 A1034 A1259 A1274 B1201 C0001 E0139 F0014 G0003 H0202 J0123 K0003 M0001 N0001 P0024 R0212 Z0112,BEDCA,2555,ES,es,generic,Milk and dairy products,"Milk, whey and cream",,,1.0,100g,303.21,1268.61,False,2.36,3.27,,,31.7,17.72,9.71,0.82,,,,0.0,34.0,0.085,True,109.0,62.7,0.0,80.0,0.03,10.0,63.0,112.0,0.26,,2.4,1.0,339.0,1.0,1.1,0.712,0.036,0.4,4.0,0.025,0.15,0.617,,,,,,,,,,,,,,,,,,,,,,Nata montada,nata montada whipped cream,Whipped cream,93,True,GRP-00548,OK,,f_origen original: BEDCA2,2026-09-20T03:50:39.818564+00:00,2026-09-20T03:50:39.818564+00:00
BEDCA-2556,Vinagre de manzana,Vinagre de manzana,Vinagre de manzana,Apple vinegar,vinagre de manzana,,A0302 A0722 A0735 A0852 A1200 B1245 C0167 E0123 F0014 G0014 H0148 J0104 K0004 M0102 M0130 N0036 N0040 P0024 R0001 Z0112,BEDCA,2556,ES,es,generic,"Seasoning, sauces and condiments",Condiments,,,1.0,100g,4.06,17.0,False,0.4,0.6,,,0.0,0.0,0.0,0.0,,,,0.0,20.0,0.05,True,0.0,99.0,0.0,15.0,0.5,22.0,32.0,89.0,0.1,,0.0,1.0,0.0,0.0,0.0,0.0,0.0,0.0,0.0,0.0,0.0,0.0,,,,,,,,,,,,,,,,,,,,,,Vinagre de manzana,vinagre de manzana apple vinegar,Apple vinegar,93,True,GRP-00895,OK,,f_origen original: BEDCA2,2026-09-20T03:50:39.818564+00:00,2026-09-20T03:50:39.818564+00:00
BEDCA-2557,Vinagre balsámico,Vinagre balsámico,Vinagre balsámico,Balsamic vinegar,vinagre balsamico,,A0302 A0722 A0735 A0852 A1200 B1329 C0005 E0109 F0014 G0013 H0719 J0104 K0004 M0130 N0040 P0024 R0001 Z0112,BEDCA,2557,ES,es,generic,,,,,1.0,100g,71.19,297.84,False,0.49,17.03,,,0.0,0.0,0.0,0.0,,,,0.0,23.0,0.0575,True,0.0,76.5,0.0,27.0,0.72,12.0,19.0,112.0,0.08,,,,0.0,0.0,0.0,,,0.0,,,,,,,,,,,,,,,,,,,,,,,,,,Vinagre balsámico,vinagre balsamico balsamic vinegar,Balsamic vinegar,93,True,GRP-00894,OK,,f_origen original: BEDCA2,2026-09-20T03:50:39.818564+00:00,2026-09-20T03:50:39.818564+00:00
BEDCA-2558,Vainilla,Vainilla,Vainilla,Vanilla,vainilla,vanilla planifolia,A0300 A0735 A0855 B1355 C0167 E0150 F0001 G0001 H0001 J0001 K0001 M0001 N0001 P0024 Z0205 Z0215,BEDCA,2558,ES,es,generic,,,,,1.0,100g,52.38,219.14,False,0.06,12.7,,0.0,0.06,0.01,0.01,0.004,,,,0.0,9.0,0.0225,True,0.0,87.2,0.0,11.0,0.12,12.0,6.0,148.0,0.11,,,0.0,0.0,0.0,0.0,0.0,0.026,0.0,0.0,0.011,0.095,0.43,,,,,,,,,,,,,,,,,,,,,,Vainilla,vainilla vanilla,Vanilla,93,True,GRP-00890,OK,,f_origen original: BEDCA2,2026-09-20T03:50:39.818564+00:00,2026-09-20T03:50:39.818564+00:00
BEDCA-2559,"Tomillo, seco","Tomillo, seco","Tomillo, seco","Thyme, dried",tomillo seco,Thymus vulgaris l.,A0853 A1166 A1248 A1272 B2134 C0001 E0117 F0003 G0003 H0003 H0138 J0116 K0003 M0172 N0036 P0024 Z0204,BEDCA,2559,ES,es,generic,,,,,1.0,100g,334.42,1399.2,False,9.1,57.1,,,7.4,,,,,,,18.6,55.0,0.1375,True,,7.8,0.0,1890.0,123.6,220.0,201.0,814.0,,,,,380.0,0.0,0.0,0.0,0.0,0.0,0.0,0.513,0.399,4.94,,,,,,,,,,,,,,,,,,,,,,"Tomillo, seco",tomillo seco thyme dried,"Thyme, dried",87,True,GRP-00874,OK,,f_origen original: BEDCA2,2026-09-20T03:50:39.818564+00:00,2026-09-20T03:50:39.818564+00:00
BEDCA-2560,Tomate frito,Tomate frito,Tomate frito,"Tomato, fried",tomate frito,,A0663 A0705 A0731 A0825 A1009 A1281 B1276 C0165 E0144 F0003 G0003 H0212 H0221 H0367 J0003 K0004 M0156 N0042 P0024 R0001 Z0112,BEDCA,2560,ES,es,generic,,,frito,,1.0,100g,83.82,350.7,False,1.5,5.2,,,6.4,0.62,1.1,3.3,0.02,,,1.6,340.0,0.85,True,0.0,85.3,0.0,12.6,0.51,12.5,39.0,280.0,0.2,,1.4,0.95,53.0,17.5,0.27,0.58,0.11,0.0,17.1,0.08,0.02,0.76,,,,,0.26,0.15,1.021,2.133,,,,,,,,,,,,,,Tomate frito,tomate frito tomato fried,"Tomato, fried",93,True,GRP-00870,OK,,f_origen original: BEDCA2,2026-09-20T03:50:39.818564+00:00,2026-09-20T03:50:39.818564+00:00
BEDCA-2561,Tabasco,Tabasco,Tabasco,"Tabasco, sauce",tabasco,,A0853 A1166 A1248 A1272 B2061 C0001 E0109 F0003 G0003 H0003 H0138 J0116 K0003 M0172 N0036 P0024 Z0204,BEDCA,2561,ES,es,generic,"Seasoning, sauces and condiments",Condiments,,,1.0,100g,15.21,63.65,False,1.29,0.8,,,0.76,0.106,0.061,0.401,,,,0.6,633.0,1.5825,True,0.0,95.17,0.0,12.0,1.16,12.0,23.0,128.0,0.16,,,0.5,492.0,4.5,0.0,0.01,0.154,0.0,1.0,0.032,0.084,0.178,,,,,,,,,,,,,,,,,,,,,,Tabasco,tabasco sauce,"Tabasco, sauce",93,True,GRP-00856,OK,,f_origen original: BEDCA2,2026-09-20T03:50:39.818564+00:00,2026-09-20T03:50:39.818564+00:00
BEDCA-2562,Surimi,Surimi,Surimi,Surimi,surimi,,A0717 A0727 A0801 A1124 A1265 A1285 B1222 C0236 E0119 F0014 G0003 H0209 H0257 H0367 H0370 J0142 K0003 M0172 N0036 P0188 Z0112,BEDCA,2562,ES,es,generic,"Fish, seafood, amphibians, reptiles and invertebrates",Fish and seafood processed,,,1.0,100g,90.7,379.5,False,14.7,6.1,,,0.7,0.18,0.15,0.13,,,,,700.0,1.75,True,35.0,76.8,0.0,13.0,0.3,14.0,60.0,64.0,0.1,,,28.1,0.0,,,0.85,,1.0,1.0,0.02,0.04,0.22,,,,,,,,,,,,,,,,,,,,,,Surimi,surimi,,87,True,GRP-00855,OK,,f_origen original: BEDCA2,2026-09-20T03:50:39.818564+00:00,2026-09-20T03:50:39.818564+00:00
BEDCA-2563,Suplemento proteico,Suplemento proteico,Suplemento proteico,Protein supplement,suplemento proteico,,A0467 A0722 A0735 A0852 B1049 C0236 E0001 F0014 G0003 H0138 H0164 J0116 K0003 M0001 N0001 P0188 R0212 Z0112,BEDCA,2563,ES,es,generic,,,,,1.0,100g,391.91,1639.75,False,87.75,0.0,,,4.0,0.871,0.671,1.729,,,,0.0,1188.0,2.97,True,0.0,4.42,0.0,200.0,16.0,40.0,862.0,100.0,4.0,,,,0.0,0.0,,,,0.0,200.0,0.2,0.1,0.3,,,,,,,,,,,,,,,,,,,,,,Suplemento proteico,suplemento proteico protein supplement,Protein supplement,93,True,GRP-00854,OK,,f_origen original: BEDCA2,2026-09-20T03:50:39.818564+00:00,2026-09-20T03:50:39.818564+00:00
BEDCA-2564,"Sopa de sobre, sin reconstituir","Sopa de sobre, sin reconstituir","Sopa de sobre, sin reconstituir","Instant soup, dried",sopa de sobre sin reconstituir,,A0467 A0722 A0735 A0865 A1061 B1217 C0001 E0149 F0014 G0014 H0138 H0152 H0171 H0212 J0116 K0001 M0172 N0036 P0024 R0212 Z0112,BEDCA,2564,ES,es,generic,,,,,1.0,100g,319.67,1337.49,False,10.99,58.24,,,4.34,1.74,1.66,0.44,,,,2.2,613.2,1.533,True,74.0,11.29,0.0,27.3,2.1,34.2,194.4,319.2,1.8,,6.9,63.2,11.79,0.0,0.0,0.27,0.13,2.3,3.42,0.01,,0.3,,,,,,,,,,,,,,,,,,,,,,"Sopa de sobre, sin reconstituir",sopa de sobre sin reconstituir instant soup dried,"Instant soup, dried",93,True,GRP-00853,OK,,f_origen original: BEDCA2,2026-09-20T03:50:39.818564+00:00,2026-09-20T03:50:39.818564+00:00
BEDCA-2565,Sopa de sobre maravilla,Sopa de sobre maravilla,Sopa de sobre maravilla,"Instant soup with pasta, ""maravilla"" type",sopa de sobre maravilla,,A0722 A0735 A0768 A0865 A1104 A1276 B1312 C0203 E0144 F0001 G0001 H0191 H0212 H0348 H0349 H0367 H0590 H0753 J0116 K0004 M0186 M0197 N0036 N0042 P0024 R0001 Z0112,BEDCA,2565,ES,es,generic,,,,,1.0,100g,331.84,1388.42,False,12.59,62.03,,,3.24,1.29,1.31,0.63,,,,2.2,312.9,0.7823,True,74.0,20.0,0.0,19.9,2.17,43.4,108.3,118.9,1.9,,6.9,63.2,8.99,0.0,0.0,0.1,0.14,3.91,2.43,0.01,,0.3,,,,,,,,,,,,,,,,,,,,,,Sopa de sobre maravilla,sopa de sobre maravilla instant soup with pasta type,"Instant soup with pasta, ""maravilla"" type",93,True,GRP-00852,OK,,f_origen original: BEDCA2,2026-09-20T03:50:39.818564+00:00,2026-09-20T03:50:39.818564+00:00
BEDCA-2567,Pasta de sésamo,Pasta de sésamo,Pasta de sésamo,Tahini,pasta de sesamo,Sesamum indicum l,A0853 A1166 A1248 A1272 B1179 C0001 E0101 F0003 G0003 H0003 H0138 J0116 K0003 M0172 N0036 P0024 Z0153 Z0204,BEDCA,2567,ES,es,generic,,,,,1.0,100g,590.51,2470.7,False,18.2,0.9,,,58.0,8.3,21.7,25.5,,,,7.9,20.0,0.05,True,0.0,4.7,0.0,670.0,10.4,370.0,720.0,570.0,5.3,,,,12.0,0.0,0.0,2.53,0.75,0.0,97.0,0.93,0.17,5.0,,,,,,,,,,,,,,,,,,,,,,Pasta de sésamo,pasta de sesamo tahini,Tahini,93,True,GRP-00609,OK,,f_origen original: BEDCA2,2026-09-20T03:50:39.818564+00:00,2026-09-20T03:50:39.818564+00:00
BEDCA-2568,Seitán,Seitán,Seitán,Seitan,seitan,,A0467 A0722 A0735 A0861 A1240 B1312 C0005 E0147 F0003 G0001 H0001 J0003 K0003 M0001 N0001 P0024 R0345,BEDCA,2568,ES,es,generic,"Products for non-standard diets, food imitates and food supplements or fortifying agents",Meat and dairy imitates,,,1.0,100g,123.33,516.0,False,24.0,2.0,,,2.0,,,,,,,,,,False,0.0,72.0,0.0,,,,,,,,,,,,,,,,,,,,,,,,,,,,,,,,,,,,,,,,,Seitán,seitan,Seitan,76,True,GRP-00831,OK,,f_origen original: BEDCA2,2026-09-20T03:50:39.818564+00:00,2026-09-20T03:50:39.818564+00:00
BEDCA-2569,"San jacobo, congelado","San jacobo, congelado","San jacobo, congelado","Breadcrumbed fried loin, ham and cheese",san jacobo congelado,,A0467 A0722 A0735 A0861 B0001 C0005 E0147 F0014 G0001 H0143 H0186 H0191 H0367 J0142 K0003 M0159 N0039 P0024 R0212 Z0112,BEDCA,2569,ES,es,generic,,,,,1.0,100g,237.02,991.68,False,4.14,25.16,,,13.34,2.484,4.2,5.584,,,,4.52,493.3,1.2332,True,31.0,52.8,0.0,31.1,0.97,20.8,187.3,214.3,0.29,,21.6,10.2,11.4,0.0,0.7,0.67,0.11,13.41,12.02,0.42,0.17,4.9,,,,,,,,,,,,,,,,,,,,,,"San jacobo, congelado",san jacobo congelado breadcrumbed fried loin ham and cheese,"Breadcrumbed fried loin, ham and cheese",93,True,GRP-00823,OK,,f_origen original: BEDCA2,2026-09-20T03:50:39.818564+00:00,2026-09-20T03:50:39.818564+00:00
BEDCA-2571,Comino,Comino,Comino,Cumin,comino,Thymus vulgaris l.,A0853 A1166 A1248 A1272 B1274 C0001 E0117 F0003 G0003 H0003 H0138 J0116 K0003 M0172 N0036 P0024 Z0204,BEDCA,2571,ES,es,generic,,,,,1.0,100g,417.73,1747.8,False,17.8,45.4,,,18.2,,,,,,,10.5,168.0,0.42,True,,8.1,0.0,931.0,66.35,356.0,499.0,1788.0,,,,,127.0,7.71,0.0,0.0,0.0,0.0,0.0,0.628,0.327,4.579,,,,,,,,,,,,,,,,,,,,,,Comino,comino cumin,Cumin,87,True,GRP-00267,OK,,f_origen original: BEDCA2,2026-09-20T03:50:39.818564+00:00,2026-09-20T03:50:39.818564+00:00
BEDCA-2572,Complejo vitaminico,Complejo vitaminico,Complejo vitaminico,Vitamin complex,complejo vitaminico,,A0722 A0735 A0852 B1041 C0001 E0001 F0003 G0003 H0003 J0003 K0003 M0001 N0001 P0003 Z0112,BEDCA,2572,ES,es,generic,,,,,1.0,100g,564.35,2361.22,False,20.15,18.78,,,45.93,11.03,8.16,26.71,,,,,,,False,,,0.0,,785.63,,,123.45,1683.5,,8417.5,2805.8,44890.0,3367.0,561.16,561.16,112.23,56.12,11222.0,78.56,89.78,1010.1,,,,,,,,,,,,,,,,,,,,,,Complejo vitaminico,complejo vitaminico vitamin complex,Vitamin complex,82,True,GRP-00268,OK,,f_origen original: BEDCA2,2026-09-20T03:50:39.818564+00:00,2026-09-20T03:50:39.818564+00:00
BEDCA-2573,"Ajo, en polvo","Ajo, en polvo","Ajo, en polvo","Garlic, powder",ajo en polvo,,A0853 A1166 A1248 A1272 B1179 C0001 E0117 F0003 G0003 H0003 H0138 J0116 K0003 M0172 N0036 P0024 Z0204,BEDCA,2573,ES,es,generic,,,deshidratado,,1.0,100g,369.21,1544.77,False,16.55,72.73,,,0.73,0.249,0.115,0.178,,,,9.0,60.0,0.15,True,0.0,6.45,0.0,646.0,8.68,264.0,414.0,1193.0,2.99,,2.7,23.9,53.0,1.2,0.0,0.67,1.654,0.0,47.0,0.15,0.267,1.458,,,,,,,,,,,,,,,,,,,,,,"Ajo, en polvo",ajo en polvo garlic powder,"Garlic, powder",93,True,GRP-00029,OK,,f_origen original: BEDCA2,2026-09-20T03:50:39.818564+00:00,2026-09-20T03:50:39.818564+00:00
BEDCA-2574,Corteza de trigo,Corteza de trigo,Corteza de trigo,Wheat crusts,corteza de trigo,,A0722 A0735 A0852 A1009 A1293 B1232 C0155 E0147 F0014 G0029 H0138 H0263 H0367 J0173 K0031 M0172 N0036 P0188 R0212 Z0112,BEDCA,2574,ES,es,generic,,,,,1.0,100g,481.9,2016.25,False,10.26,52.19,,,25.8,10.73,10.782,2.885,,,,6.25,1234.3,3.0857,True,0.0,1.6,0.0,61.2,15.3,60.3,199.7,349.5,1.9,,10.0,17.1,3.37,0.0,0.0,1.74,0.12,0.24,10.29,0.1,0.1,3.8,,,,,,,,,,,,,,,,,,,,,,Corteza de trigo,corteza de trigo wheat crusts,Wheat crusts,93,True,GRP-00291,OK,,f_origen original: BEDCA2,2026-09-20T03:50:39.818564+00:00,2026-09-20T03:50:39.818564+00:00
BEDCA-2575,Salsa de soja,Salsa de soja,Salsa de soja,"Soya, sauce",salsa de soja,,A0722 A0735 A0859 A1276 B1452 C0005 E0139 F0001 G0003 H0338 J0110 K0001 M0187 N0036 P0024 R0001,BEDCA,2575,ES,es,generic,"Seasoning, sauces and condiments",Condiments,,,1.0,100g,63.46,265.5,False,8.7,6.7,,,0.1,0.011,0.017,0.044,,,,1.6,5720.0,14.3,True,0.0,65.08,0.0,19.0,2.7,43.0,210.0,360.0,0.2,,,0.8,0.0,0.0,0.0,0.0,0.2,0.0,11.0,0.05,0.13,4.8,,,,,,,,,,,,,,,,,,,,,,Salsa de soja,salsa de soja soya sauce,"Soya, sauce",93,True,GRP-00818,OK,,f_origen original: BEDCA2,2026-09-20T03:50:39.818564+00:00,2026-09-20T03:50:39.818564+00:00
BEDCA-2577,Salsa de queso,Salsa de queso,Salsa de queso,cheese sauce,salsa de queso,,A0286 A0735 A0862 B1201 C0235 E0119 F0014 G0001 H0143 H0148 H0227 H0263 H0367 J0123 K0001 M0001 N0001 P0024 Z0109,BEDCA,2577,ES,es,generic,"Seasoning, sauces and condiments",Sauces,,,1.0,100g,109.61,458.6,False,5.3,8.4,,,6.1,2.568,1.704,1.202,,,,0.5,460.0,1.15,True,29.0,77.03,0.0,160.0,0.1,14.0,170.0,170.0,0.6,,14.8,3.2,67.0,1.0,0.09,0.29,0.07,0.5,5.0,0.04,0.23,1.4,,,,,,,,,,,,,,,,,,,,,,Salsa de queso,salsa de queso cheese sauce,cheese sauce,93,True,GRP-00817,OK,,f_origen original: BEDCA2,2026-09-20T03:50:39.818564+00:00,2026-09-20T03:50:39.818564+00:00
BEDCA-2579,Salsa boloñesa,Salsa boloñesa,Salsa boloñesa,Bolognese sauce,salsa bolonesa,,A0286 A0735 A0862 B1276 C0167 E0119 F0014 G0025 H0158 H0191 H0212 H0227 H0367 J0123 K0003 M0001 N0001 P0024 Z0109,BEDCA,2579,ES,es,generic,,,,,1.0,100g,144.48,604.5,False,8.0,3.4,,,11.1,3.1,4.7,2.6,,,,1.1,430.0,1.075,True,25.0,76.4,0.0,23.0,1.4,14.0,79.0,310.0,1.7,,4.0,2.0,212.5,4.0,,1.93,0.16,0.8,7.0,0.07,0.11,3.2,,,,,,,,,,,,,,,,,,,,,,Salsa boloñesa,salsa bolonesa bolognese sauce,Bolognese sauce,93,True,GRP-00815,OK,,f_origen original: BEDCA2,2026-09-20T03:50:39.818564+00:00,2026-09-20T03:50:39.818564+00:00
BEDCA-2580,Salsa bechamel,Salsa bechamel,Salsa bechamel,bechamel sauce,salsa bechamel,,A0286 A0735 A0862 B1201 C0235 E0119 F0014 G0014 H0146 H0184 H0227 H0367 J0123 K0003 M0001 N0001 P0024 Z0109,BEDCA,2580,ES,es,generic,,,,,1.0,100g,151.63,634.4,False,4.1,10.8,,,10.3,4.4,3.5,1.8,,,,0.3,400.0,1.0,True,26.0,74.5,0.0,130.0,0.2,15.0,110.0,160.0,0.4,,19.0,1.0,127.83,,0.62,0.71,0.06,0.4,4.0,0.05,0.18,0.963,,,,,,,,,,,,,,,,,,,,,,Salsa bechamel,salsa bechamel sauce,bechamel sauce,93,True,GRP-00814,OK,,f_origen original: BEDCA2,2026-09-20T03:50:39.818564+00:00,2026-09-20T03:50:39.818564+00:00
BEDCA-2581,Salsa barbacoa,Salsa barbacoa,Salsa barbacoa,barbecue sauce,salsa barbacoa,,A0286 A0735 A0862 B1276 C0159 E0119 F0014 G0001 H0148 H0158 H0166 H0200 H0212 H0227 H0367 J0123 K0001 M0001 N0001 P0024 Z0109,BEDCA,2581,ES,es,generic,"Seasoning, sauces and condiments",Condiments,,,1.0,100g,176.86,739.97,False,1.8,37.81,,3.3,1.8,0.3,0.8,0.7,,,,5.91,810.0,2.025,True,0.0,51.0,0.0,19.0,0.9,19.0,20.0,170.0,0.2,,5.3,1.3,86.7,7.0,0.0,6.6,0.08,0.0,3.0,0.03,0.02,1.2,,,,,,,,,,,,,,,,,,,,,,Salsa barbacoa,salsa barbacoa barbecue sauce,barbecue sauce,93,True,GRP-00813,OK,,f_origen original: BEDCA2,2026-09-20T03:50:39.818564+00:00,2026-09-20T03:50:39.818564+00:00
BEDCA-2583,Salsa al curry,Salsa al curry,Salsa al curry,Curry sauce,salsa al curry,curcuma longa,A0286 A0735 A0862 B1347 C0159 E0119 F0014 G0001 H0117 H0148 H0227 H0263 H0367 J0123 K0001 M0001 N0001 P0024 Z0109,BEDCA,2583,ES,es,generic,,,,,1.0,100g,77.9,325.93,False,0.7,9.1,,,2.3,1.3,0.7,0.1,,,,0.3,980.0,2.45,True,0.0,87.9,0.0,30.0,1.1,18.0,31.0,180.0,0.2,,1.6,0.2,18.6,,0.0,0.2,0.02,0.0,6.9,,0.03,0.3,,,,,,,,,,,,,,,,,,,,,,Salsa al curry,salsa al curry sauce,Curry sauce,93,True,GRP-00811,OK,,f_origen original: BEDCA2,2026-09-20T03:50:39.818564+00:00,2026-09-20T03:50:39.818564+00:00
BEDCA-2584,Salsa agridulce,Salsa agridulce,Salsa agridulce,Sweet and sour sauce,salsa agridulce,,A0722 A0735 A0859 A1276 B0001 C0005 E0139 F0001 G0003 H0136 H0200 H0338 H0350 J0110 K0001 M0187 N0036 P0024 R0001,BEDCA,2584,ES,es,generic,"Seasoning, sauces and condiments",Condiments,,,1.0,100g,120.47,504.05,False,0.48,23.99,,,2.38,0.37,0.695,1.142,,,,0.8,353.0,0.8825,True,0.0,71.24,0.0,18.0,0.85,7.0,9.0,66.0,0.08,,0.53,,0.0,0.0,0.0,0.0,0.044,0.0,2.0,0.027,0.015,0.2,,,,,,,,,,,,,,,,,,,,,,Salsa agridulce,salsa agridulce sweet and sour sauce,Sweet and sour sauce,93,True,GRP-00810,OK,,f_origen original: BEDCA2,2026-09-20T03:50:39.818564+00:00,2026-09-20T03:50:39.818564+00:00
BEDCA-2585,Sal yodada,Sal yodada,Sal yodada,Iodized salt,sal yodada,,A0134 A0463 A0722 A0852 A1165 B1655 C0005 E0143 F0003 G0001 H0189 H0368 J0003 K0003 M0001 N0001 P0024 R0212 Z0112,BEDCA,2585,ES,es,generic,"Seasoning, sauces and condiments",Seasonings and extracts,,,1.0,100g,0.0,0.0,False,0.0,0.0,,,0.0,0.0,0.0,0.0,,,,0.0,38850.0,97.125,True,0.0,,0.0,29.0,0.2,290.0,8.0,,,,600.0,0.1,0.0,0.0,0.0,0.0,0.0,0.0,0.0,0.0,0.0,0.0,,,,,,,,,,,,,,,,,,,,,,Sal yodada,sal yodada iodized salt,Iodized salt,93,True,GRP-00797,OK,,f_origen original: BEDCA2,2026-09-20T03:50:39.818564+00:00,2026-09-20T03:50:39.818564+00:00
BEDCA-2586,Romero,Romero,Romero,Rosemary,romero,Rosmarinus officinalis,A0853 A1166 A1248 A1272 B1495 C0001 E0117 F0003 G0003 H0003 H0138 J0116 K0003 M0172 N0036 P0024 Z0204,BEDCA,2586,ES,es,generic,Vegetables and vegetable products,"Aromatic herbs or flowers, fresh",,,1.0,100g,343.26,1436.2,False,5.0,46.4,,,15.2,7.37,3.014,2.34,,,,24.1,50.0,0.125,True,,9.3,0.0,317.0,28.9,150.0,50.0,550.0,0.93,,,,313.0,50.0,0.0,0.0,0.0,0.0,0.0,0.5,0.0,1.0,,,,,,,,,,,,,,,,,,,,,,Romero,romero rosemary,Rosemary,93,True,GRP-00792,OK,,f_origen original: BEDCA2,2026-09-20T03:50:39.818564+00:00,2026-09-20T03:50:39.818564+00:00
BEDCA-2587,Rollito de primavera,Rollito de primavera,Rollito de primavera,Chinese spring roll,rollito de primavera,,A0467 A0722 A0735 A0861 B0001 C0005 E0147 F0014 G0001 H0152 H0191 H0212 H0367 J0142 K0003 M0159 N0039 P0024 R0345 Z0112,BEDCA,2587,ES,es,generic,,,,,1.0,100g,250.11,1046.47,False,8.28,27.29,,,11.94,2.116,3.036,5.601,,,,2.6,468.0,1.17,True,16.0,50.6,0.0,40.0,1.41,18.0,85.0,165.0,0.62,,2.7,0.0,1.2,0.0,0.0,0.02,0.167,0.44,8.0,0.165,0.077,2.725,,,,,,,,,,,,,,,,,,,,,,Rollito de primavera,rollito de primavera chinese spring roll,Chinese spring roll,93,True,GRP-00791,OK,,f_origen original: BEDCA2,2026-09-20T03:50:39.818564+00:00,2026-09-20T03:50:39.818564+00:00
BEDCA-2588,Pudding de pasas,Pudding de pasas,Pudding de pasas,Raisin pudding,pudding de pasas,Vitis vinifera,A0285 A0735 A0864 B1312 C0208 E0134 F0014 G0014 H0147 H0158 H0184 H0186 H0229 H0271 H0319 J0120 J0131 K0003 M0116 N0001 P0024 Z0109,BEDCA,2588,ES,es,generic,,,,,1.0,100g,296.25,1239.5,False,4.6,47.2,,,9.7,4.5,4.0,0.7,,,,3.0,200.0,0.5,True,45.0,35.5,0.0,79.0,1.5,27.0,76.0,350.0,0.5,,2.8,7.0,24.5,,0.2,0.64,0.08,0.0,8.0,0.08,0.08,1.7,,,,,,,,,,,,,,,,,,,,,,Pudding de pasas,pudding de pasas raisin,Raisin pudding,93,True,GRP-00687,OK,,f_origen original: BEDCA2,2026-09-20T03:50:39.818564+00:00,2026-09-20T03:50:39.818564+00:00
BEDCA-2589,"Pizza, precocinada","Pizza, precocinada","Pizza, precocinada","Pizza, precooked",pizza precocinada,,A0466 A0722 A0735 A0822 A1061 B1312 C0155 E0140 F0014 G0005 H0180 H0753 J0116 K0001 M0172 N0036 P0024 Z0112,BEDCA,2589,ES,es,generic,,,,,1.0,100g,210.18,879.4,False,8.2,22.2,,,9.8,4.12,3.21,1.99,0.3038,,,1.7,520.0,1.3,True,16.0,56.0,0.0,118.0,1.3,19.0,179.0,201.0,0.9,,7.1,4.6,90.0,3.0,,0.54,0.11,0.3,24.0,0.25,0.23,1.4,,,0.1764,0.5096,2.421,1.029,2.901,2.009,0.0392,,,,,,,,,,,,,"Pizza, precocinada",pizza precocinada precooked,"Pizza, precooked",93,True,GRP-00669,OK,,f_origen original: BEDCA2,2026-09-20T03:50:39.818564+00:00,2026-09-20T03:50:39.818564+00:00
BEDCA-2590,"Pimienta, negra","Pimienta, negra","Pimienta, negra",Black pepper,pimienta negra,Piper nigrum,A0133 A0735 A0853 B1191 C0137 E0131 F0001 G0003 H0001 J0001 K0003 M0001 N0001 P0024 Z0051 Z0215,BEDCA,2590,ES,es,generic,,,,,1.0,100g,230.0,962.32,False,11.0,38.3,,0.0,3.3,0.98,1.01,1.13,,,,26.5,44.0,0.11,True,0.0,18.0,0.0,437.0,28.9,194.0,173.0,1259.0,1.42,,,3.0,19.0,21.0,0.0,1.03,0.34,0.0,10.0,0.11,0.24,1.1,,,,,,,,,,,,,,,,,,,,,,"Pimienta, negra",pimienta negra black pepper,Black pepper,93,True,GRP-00656,OK,,f_origen original: BEDCA2,2026-09-20T03:50:39.818564+00:00,2026-09-20T03:50:39.818564+00:00
BEDCA-2591,"Pimienta, blanca","Pimienta, blanca","Pimienta, blanca",white pepper,pimienta blanca,Piper nigrum,A0133 A0735 A0853 B1141 C0138 E0131 F0001 G0003 H0138 J0116 K0003 M0001 N0001 P0024 Z0052 Z0215,BEDCA,2591,ES,es,generic,,,,,1.0,100g,232.0,970.69,False,10.4,42.4,,0.0,2.1,0.63,0.79,0.62,,,,26.2,5.0,0.0125,True,0.0,17.0,0.0,266.0,14.3,90.0,176.0,73.0,1.1,,,3.0,0.0,21.0,0.0,2.5,0.34,0.0,10.0,0.02,0.13,0.2,,,,,,,,,,,,,,,,,,,,,,"Pimienta, blanca",pimienta blanca white pepper,white pepper,93,True,GRP-00655,OK,,f_origen original: BEDCA2,2026-09-20T03:50:39.818564+00:00,2026-09-20T03:50:39.818564+00:00
BEDCA-2592,"Pimentón, en polvo","Pimentón, en polvo","Pimentón, en polvo","paprika, powder",pimenton en polvo,capsicum annuum.,A0113 A0735 A0858 B1353 C0139 E0106 F0001 G0003 H0138 J0116 K0003 M0001 N0001 P0024 Z0205 Z0215,BEDCA,2592,ES,es,generic,,,deshidratado,,1.0,100g,329.49,1378.6,False,14.8,38.0,,0.0,13.0,2.14,1.695,7.766,,,,20.0,34.0,0.085,True,0.0,11.24,0.0,180.0,23.6,190.0,350.0,2340.0,4.1,,,4.0,6042.0,0.0,0.0,9.0,2.141,0.0,0.0,0.65,1.74,18.4,,,,,,,,,,,,,,,,,,,,,,"Pimentón, en polvo",pimenton en polvo paprika powder,"paprika, powder",93,True,GRP-00654,OK,,f_origen original: BEDCA2,2026-09-20T03:50:39.818564+00:00,2026-09-20T03:50:39.818564+00:00
BEDCA-2593,"Perejil, fresco","Perejil, fresco","Perejil, fresco","parsley, fresh",perejil fresco,etroselinum crispum,A0113 A0731 A0826 B1550 C0144 E0150 F0003 G0003 H0003 J0001 K0003 M0001 N0001 P0024 Z0109 Z0205,BEDCA,2593,ES,es,generic,,,crudo,,1.0,100g,34.66,145.0,False,3.0,2.7,,0.2,1.3,,,,,,,5.0,33.0,0.0825,True,0.0,88.0,0.0,200.0,7.7,23.0,64.0,760.0,0.7,,6.0,1.4,673.0,190.0,0.0,1.7,0.09,0.0,170.0,0.23,0.05,1.5,,,,,,,,,,,,,,,,,,,,,,"Perejil, fresco",perejil fresco parsley fresh,"parsley, fresh",87,True,GRP-00641,OK,,f_origen original: BEDCA2,2026-09-20T03:50:39.818564+00:00,2026-09-20T03:50:39.818564+00:00
BEDCA-2594,"Patatas, fritas, chips","Patatas, fritas, chips","Patatas, fritas, chips",Chips,patatas fritas chips,,A0706 A0735 A0852 A1009 A1293 B1218 C0308 E0150 F0014 G0029 H0138 H0367 J0116 J0173 K0031 M0172 N0036 P0188 R0212 Z0112,BEDCA,2594,ES,es,generic,,,frito,,1.0,100g,536.16,2243.3,False,6.5,49.5,,,34.9,7.7,11.08,14.52,0.3168,,,4.0,700.0,1.75,True,0.0,1.7,0.0,37.0,2.0,50.0,130.0,1190.0,0.7,,6.0,2.3,0.0,10.0,0.0,4.0,0.7,0.0,43.0,0.17,0.1,4.0,,,0.035,0.141,6.371,1.901,10.243,14.819,1.302,,,,,,,,,,,,,"Patatas, fritas, chips",patatas fritas chips,Chips,93,True,GRP-00622,OK,,f_origen original: BEDCA2,2026-09-20T03:50:39.818564+00:00,2026-09-20T03:50:39.818564+00:00
BEDCA-2596,Paella marinera,Paella marinera,Paella marinera,Seafood paella,paella marinera,,A0722 A0735 A0803 A1061 A1265 A1285 B1223 C0105 E0150 F0023 G0001 H0148 H0150 H0153 H0157 H0212 H0257 H0262 H0347 H0350 H0367 H0590 H0748 H0749 J0136 K0001 M0128 N0036 P0024 R0001 Z0112,BEDCA,2596,ES,es,generic,,,,,1.0,100g,122.01,510.5,False,3.55,25.13,,,0.62,0.238,0.212,0.07,,,,2.03,429.3,1.0733,True,17.0,68.7,0.0,20.3,0.73,23.2,204.2,214.3,0.19,,11.2,10.7,17.96,2.8,,0.47,0.13,21.3,25.9,0.18,0.15,3.01,,,,,,,,,,,,,,,,,,,,,,Paella marinera,paella marinera seafood,Seafood paella,93,True,GRP-00572,OK,,f_origen original: BEDCA2,2026-09-20T03:50:39.818564+00:00,2026-09-20T03:50:39.818564+00:00
BEDCA-2597,Paella,Paella,Paella,Paella,paella,,A0722 A0735 A0814 A1093 A1240 A1290 B1322 C0291 E0150 F0014 G0013 H0148 H0212 H0279 H0347 H0349 H0350 H0367 H0753 J0136 K0001 M0186 N0036 P0024 R0001,BEDCA,2597,ES,es,generic,,,,,1.0,100g,171.88,719.15,False,12.37,17.44,,,5.74,1.1,2.98,0.75,,,,0.5,47.83,0.1196,True,44.81,63.95,0.0,27.22,1.28,21.23,72.11,123.81,0.98,,14.29,0.0,11.12,7.73,,0.63,0.25,0.54,11.75,0.07,0.1,4.21,,,,,,,,,,,,,,,,,,,,,,Paella,paella,,93,True,GRP-00573,OK,,f_origen original: BEDCA2,2026-09-20T03:50:39.818564+00:00,2026-09-20T03:50:39.818564+00:00
BEDCA-2598,"Orégano, seco","Orégano, seco","Orégano, seco","oregano, dried",oregano seco,Origanum vulgare l,A0113 A0463 A0637 A0653 A0705 A0731 A0857 B1542 C0200 E0136 F0001 G0001 H0138 J0116 K0003 M0001 N0001 P0024 R0212 R0497 Z0112 Z0205,BEDCA,2598,ES,es,generic,,,,,1.0,100g,415.81,1739.74,False,11.0,68.92,,40.1,10.3,2.7,0.7,5.2,,,,42.8,15.0,0.0375,True,0.0,9.93,0.0,1580.0,44.0,270.0,200.0,1670.0,4.4,,,5.9,690.0,0.0,0.0,18.9,1.044,0.0,0.0,0.177,0.528,6.2,,,,,,,,,,,,,,,,,,,,,,"Orégano, seco",oregano seco dried,"oregano, dried",93,True,GRP-00570,OK,,f_origen original: BEDCA2,2026-09-20T03:50:39.818564+00:00,2026-09-20T03:50:39.818564+00:00
BEDCA-2599,Nuez moscada,Nuez moscada,Nuez moscada,Nutmeg,nuez moscada,Myristica fragrans,A0113 A0455 A0703 A0730 A0824 B1214 C0101 E0150 F0003 G0003 H0001 J0001 K0001 M0001 N0001 P0024 R0212 R0497 Z0112 Z0205,BEDCA,2599,ES,es,generic,"Legumes, nuts, oilseeds and spices",Spices,,,1.0,100g,544.84,2279.63,False,5.8,49.29,,0.0,36.3,25.9,3.2,0.35,,,,20.8,16.2,0.0405,True,0.0,6.2,0.0,184.0,3.0,183.0,213.0,350.0,2.2,,,1.6,10.2,3.0,0.0,2.5,0.3,0.0,76.0,0.35,0.06,1.3,,,,,,,,,,,,,,,,,,,,,,Nuez moscada,nuez moscada nutmeg,Nutmeg,93,True,GRP-00567,OK,,f_origen original: BEDCA2,2026-09-20T03:50:39.818564+00:00,2026-09-20T03:50:39.818564+00:00
BEDCA-2600,Mostaza,Mostaza,Mostaza,Mustard,mostaza,,A0179 A0722 A0735 A0853 A1165 B2069 C0155 E0102 F0018 G0003 H0100 H0200 H0367 J0131 J0135 K0003 M0172 N0036 P0188 Z0112,BEDCA,2600,ES,es,generic,"Seasoning, sauces and condiments",Condiments,,,1.0,100g,132.72,555.3,False,5.9,5.0,,,10.0,1.3,4.8,1.8,,,,1.3,2245.0,5.6125,True,0.0,75.0,0.0,93.0,1.9,76.0,202.0,114.0,1.0,,3.0,27.8,0.0,75.0,0.0,0.01,,0.0,18.0,0.1,0.2,0.8,,,,,,,,,,,,,,,,,,,,,,Mostaza,mostaza mustard,Mustard,93,True,GRP-00534,OK,,f_origen original: BEDCA2,2026-09-20T03:50:39.818564+00:00,2026-09-20T03:50:39.818564+00:00
BEDCA-2601,Mojo picon,Mojo picon,Mojo picon,"Sauce, ""mojo picón"" type",mojo picon,,A0722 A0735 A0859 A1276 B1017 C0302 E0139 F0001 G0003 H0200 H0212 H0367 K0001 M0187 P0024 R0001 R0212 Z0109,BEDCA,2601,ES,es,generic,,,,,1.0,100g,708.78,2965.54,False,0.94,1.78,,,78.9,10.0,49.52,7.9,,,,0.16,2.2,0.0055,True,0.0,30.3,0.0,3.97,0.58,4.84,21.9,78.15,0.12,,0.33,0.21,0.8,4.94,0.0,4.02,0.042,0.0,1.28,0.015,,0.27,,,,,,,,,,,,,,,,,,,,,,Mojo picon,mojo picon sauce type,"Sauce, ""mojo picón"" type",93,True,GRP-00529,OK,,f_origen original: BEDCA2,2026-09-20T03:50:39.818564+00:00,2026-09-20T03:50:39.818564+00:00
BEDCA-2602,Fritos de maíz,Fritos de maíz,Fritos de maíz,Corn chips,fritos de maiz,,A0703 A0730 A0823 A0975 A1240 A1290 B1380 C0165 E0131 F0022 G0025 H0263 H0367 H0590 J0003 K0004 M0172 M0197 N0036 P0024 R0001 Z0112,BEDCA,2602,ES,es,generic,,,frito,,1.0,100g,563.97,2359.67,False,6.6,51.0,,,37.31,16.6,15.93,4.774,,,,4.9,994.2,2.4855,True,0.0,0.19,0.0,63.2,20.3,74.3,243.2,314.3,2.3,,1.0,6.7,2.07,0.0,0.0,2.55,0.11,0.18,9.04,1.15,,1.95,,,,,,,,,,,,,,,,,,,,,,Fritos de maíz,fritos de maiz corn chips,Corn chips,93,True,GRP-00337,OK,,f_origen original: BEDCA2,2026-09-20T03:50:39.818564+00:00,2026-09-20T03:50:39.818564+00:00
BEDCA-2603,"Laurel, hoja","Laurel, hoja","Laurel, hoja","bay, leaf",laurel hoja,laurus nobilis l,A0133 A0455 A0629 A0678 A0705 A0731 A0826 B1197 C0200 E0131 F0001 G0001 H0001 J0001 K0003 M0001 N0001 P0024 R0212 R0497 Z0205 Z0215,BEDCA,2603,ES,es,generic,,,,,1.0,100g,302.63,1266.2,False,7.6,48.6,,0.0,8.4,2.28,1.64,2.29,,,,26.3,23.0,0.0575,True,0.0,5.4,0.0,830.0,43.0,120.0,113.0,530.0,3.7,,,2.8,618.0,0.0,0.0,,1.74,0.0,0.0,0.01,0.42,3.9,,,,,,,,,,,,,,,,,,,,,,"Laurel, hoja",laurel hoja bay leaf,"bay, leaf",93,True,GRP-00440,OK,,f_origen original: BEDCA2,2026-09-20T03:50:39.818564+00:00,2026-09-20T03:50:39.818564+00:00
BEDCA-2604,Lasaña,Lasaña,Lasaña,Lasagne,lasana,,A0172 A0722 A0735 A0861 A1099 B1347 C0001 E0119 F0014 G0005 J0136 K0003 M0287 N0042 R0212 Z0112,BEDCA,2604,ES,es,generic,,,,,1.0,100g,137.31,574.5,False,6.3,10.3,,,7.9,3.17,3.31,1.12,,,,0.8,181.0,0.4525,True,21.0,73.7,0.0,85.0,0.7,13.0,93.0,159.0,0.9,,28.5,7.5,102.0,2.0,0.12,0.86,0.08,0.42,9.0,0.05,0.09,1.25,,,,,,,,,,,,,,,,,,,,,,Lasaña,lasana lasagne,Lasagne,93,True,GRP-00439,OK,,f_origen original: BEDCA2,2026-09-20T03:50:39.818564+00:00,2026-09-20T03:50:39.818564+00:00
BEDCA-2605,Ketchup,Ketchup,Ketchup,Ketchup,ketchup,,A0722 A0735 A0859 A1276 B1276 C0138 E0139 F0014 G0003 H0136 H0200 H0367 J0110 K0001 M0187 N0036 P0024 R0001,BEDCA,2605,ES,es,generic,"Seasoning, sauces and condiments",Condiments,,,1.0,100g,103.75,434.1,False,3.4,21.7,,,0.2,0.04,0.05,0.13,,,,0.9,910.0,2.275,True,0.0,66.7,0.0,19.0,0.9,19.0,40.0,480.0,0.1,,45.0,0.6,100.0,15.0,0.0,1.5,0.16,0.0,10.0,0.06,0.06,1.0,,,,,0.088,0.03,0.039,0.114,0.029,,,,,,,,,,,,,Ketchup,ketchup,,93,True,GRP-00434,OK,,f_origen original: BEDCA2,2026-09-20T03:50:39.818564+00:00,2026-09-20T03:50:39.818564+00:00
BEDCA-2606,Jengibre,Jengibre,Jengibre,Ginger,jengibre,,A0853 A1166 A1248 A1272 B1265 C0001 E0117 F0003 G0003 H0003 H0138 J0116 K0003 M0172 N0036 P0024 Z0204,BEDCA,2606,ES,es,generic,,,,,1.0,100g,51.7,216.3,False,1.7,9.5,,,0.7,,,,,,,,11.0,0.0275,True,,88.1,0.0,17.0,0.6,35.0,27.0,330.0,0.4,,,,5.8,4.0,0.0,,0.16,0.0,,0.02,0.03,0.8,,,,,,,,,,,,,,,,,,,,,,Jengibre,jengibre ginger,Ginger,82,True,GRP-00423,OK,,f_origen original: BEDCA2,2026-09-20T03:50:39.818564+00:00,2026-09-20T03:50:39.818564+00:00
BEDCA-2607,Hojaldre,Hojaldre,Hojaldre,Puff pastry,hojaldre,,A0691 A0729 A0820 A1240 A1290 B1312 C0155 E0147 F0014 H0148 H0262 H0319 H0367 H0751 J0003 K0003 M0001 N0001 P0024 R0212 Z0112,BEDCA,2607,ES,es,generic,,,,,1.0,100g,550.12,2301.7,False,7.4,44.2,,,38.5,5.5,8.28,22.22,2.998,,,1.5,253.0,0.6325,True,1.0,8.4,0.0,10.0,2.6,16.0,60.0,62.0,0.54,,17.2,24.5,0.0,0.0,1.0,2.37,0.019,0.0,47.0,0.32,0.25,5.217,,,0.055,0.226,8.657,1.764,5.045,3.046,0.014,,,,,,,,,,,,,Hojaldre,hojaldre puff pastry,Puff pastry,93,True,GRP-00401,OK,,f_origen original: BEDCA2,2026-09-20T03:50:39.818564+00:00,2026-09-20T03:50:39.818564+00:00
BEDCA-2608,Hinojo,Hinojo,Hinojo,Fennel,hinojo,,A0853 A1166 A1248 A1272 B1262 C0001 E0117 F0003 G0003 H0003 H0138 J0116 K0003 M0172 N0036 P0024 Z0204,BEDCA,2608,ES,es,generic,Vegetables and vegetable products,"Aromatic herbs or flowers, fresh",,,1.0,100g,14.0,58.58,False,1.1,2.3,,,,,,,,,,3.3,15.0,0.0375,True,0.0,93.3,0.0,37.0,0.5,12.0,38.0,473.0,0.5,,,,32.0,8.0,0.0,0.9,0.06,0.0,55.0,0.08,0.02,0.68,,,,,,,,,,,,,,,,,,,,,,Hinojo,hinojo fennel,Fennel,82,True,GRP-00400,OK,,f_origen original: BEDCA2,2026-09-20T03:50:39.818564+00:00,2026-09-20T03:50:39.818564+00:00
BEDCA-2609,Gusanito,Gusanito,Gusanito,"Snack, ""gusanito"" type",gusanito,,A0467 A0722 A0735 A0868 A1109 A1293 B1232 C0155 E0147 F0014 G0005 H0334 H0367 J0003 K0031 M0172 N0036 P0024 R0212 Z0112,BEDCA,2609,ES,es,generic,,,,,1.0,100g,475.64,1990.06,False,9.139,50.9,,,26.2,11.7,11.5,2.99,,,,5.5,1790.0,4.475,True,0.0,8.3,0.0,147.0,0.7,50.0,113.0,124.0,0.85,,2.6,5.8,0.0,0.0,0.0,1.4,0.116,0.0,10.0,0.01,0.04,3.74,,,,,,,,,,,,,,,,,,,,,,Gusanito,gusanito snack type,"Snack, ""gusanito"" type",93,True,GRP-00380,OK,,f_origen original: BEDCA2,2026-09-20T03:50:39.818564+00:00,2026-09-20T03:50:39.818564+00:00
BEDCA-2610,"Guindilla, picante","Guindilla, picante","Guindilla, picante",Chili or hot pepper,guindilla picante,Capsicum annuum,A0152 A0455 A0629 A0650 A0705 A0731 A0826 B1643 C0169 E0150 F0003 G0003 H0003 J0001 K0003 M0001 N0001 P0024 R0212 R0497 Z0112 Z0205,BEDCA,2610,ES,es,generic,,,,,1.0,100g,44.55,186.39,False,1.87,6.7,,,1.1,0.105,0.061,0.6,,,,1.5,9.0,0.0225,True,0.0,88.8,0.0,14.0,1.03,23.0,43.0,322.0,0.26,,2.4,0.5,95.33,143.7,0.0,0.69,0.506,0.0,23.0,0.072,0.086,1.677,,,,,,,,,,,,,,,,,,,,,,"Guindilla, picante",guindilla picante chili or hot pepper,Chili or hot pepper,93,True,GRP-00375,OK,,f_origen original: BEDCA2,2026-09-20T03:50:39.818564+00:00,2026-09-20T03:50:39.818564+00:00
BEDCA-2611,"Guindilla, en polvo","Guindilla, en polvo","Guindilla, en polvo","Chili or hotpepper, powder",guindilla en polvo,Brassica nigra l,A0152 A0455 A0629 A0650 A0705 A0731 A0826 B1643 C0169 E0106 F0001 G0003 H0138 J0116 K0001 M0134 N0001 P0024 R0212 R0497 Z0112 Z0205,BEDCA,2611,ES,es,generic,,,deshidratado,,1.0,100g,303.84,1271.26,False,12.0,31.7,,6.6,14.28,2.462,3.211,8.006,,,,34.8,30.0,0.075,True,0.0,8.1,0.0,150.0,34.1,150.0,290.0,2010.0,2.0,,2.4,4.0,6135.0,0.0,0.0,,0.09,0.0,0.0,0.33,0.92,11.3,,,,,,,,,,,,,,,,,,,,,,"Guindilla, en polvo",guindilla en polvo chili or hotpepper powder,"Chili or hotpepper, powder",93,True,GRP-00374,OK,,f_origen original: BEDCA2,2026-09-20T03:50:39.818564+00:00,2026-09-20T03:50:39.818564+00:00
BEDCA-2612,Gomasio,Gomasio,Gomasio,Gomasio,gomasio,,A0134 A0463 A0722 A0852 A1165 B1226 C0005 E0143 F0003 G0001 H0367 H0368 J0003 K0003 M0001 N0001 P0024 R0212 Z0112,BEDCA,2612,ES,es,generic,,,,,1.0,100g,88.6,370.69,False,2.73,0.14,,,8.7,1.25,3.26,3.83,,,,0.0,353.0,0.8825,True,0.0,84.73,0.0,101.6,1.58,56.2,108.01,86.06,0.8,,0.0,0.0,0.15,0.0,0.0,0.38,0.11,0.0,14.5,0.14,0.03,1.56,,,,,,,,,,,,,,,,,,,,,,Gomasio,gomasio,,93,True,GRP-00365,OK,,f_origen original: BEDCA2,2026-09-20T03:50:39.818564+00:00,2026-09-20T03:50:39.818564+00:00
BEDCA-2613,Gelatina,Gelatina,Gelatina,Jelly,gelatina,,A0209 A0722 A0735 A0864 B1134 C0219 E0119 F0014 G0013 H0122 H0145 H0150 H0158 H0165 J0131 K0003 M0172 N0036 P0024 R0212 Z0112,BEDCA,2613,ES,es,generic,,,,,1.0,100g,342.93,1434.8,False,84.4,0.0,,,0.0,0.0,0.0,0.0,,,,0.0,32.0,0.08,True,0.0,15.6,0.0,11.0,0.0,11.0,0.0,22.0,0.2,,6.0,,0.0,0.0,0.0,0.0,,0.0,0.0,,,0.103,,,,,,,,,,,,,,,,,,,,,,Gelatina,gelatina jelly,Jelly,93,True,GRP-00361,OK,,f_origen original: BEDCA2,2026-09-20T03:50:39.818564+00:00,2026-09-20T03:50:39.818564+00:00
BEDCA-2614,Gazpacho,Gazpacho,Gazpacho,"Cold vegetal soup, gazpacho",gazpacho,,A0705 A0731 A0826 A1006 A1227 A1281 B1140 C0005 E0139 F0003 G0003 H0003 H0212 H0221 H0367 J0131 K0027 M0172 N0036 P0024 R0212 Z0112 Z0154,BEDCA,2614,ES,es,generic,Composite dishes,Soups and salads,,,1.0,100g,33.7,141.0,False,0.6,1.6,,,2.8,0.47,1.9,0.31,,,,0.2,303.0,0.7575,True,0.0,94.8,0.0,10.0,0.4,3.0,15.0,92.0,0.1,,1.17,1.5,53.0,2.9,0.0,0.19,0.06,0.0,4.0,0.02,0.01,0.51,,,,,,,,,,,,,,,,,,,,,,Gazpacho,gazpacho cold vegetal soup,"Cold vegetal soup, gazpacho",93,True,GRP-00360,OK,,f_origen original: BEDCA2,2026-09-20T03:50:39.818564+00:00,2026-09-20T03:50:39.818564+00:00
BEDCA-2615,Flamenquín,Flamenquín,Flamenquín,"Pork loin, cheese and ham roll, breaded, fried, ""flamenquin"" type",flamenquin,,A0467 A0722 A0735 A0861 B0001 C0005 E0147 F0014 G0001 H0143 H0152 H0186 H0191 H0367 J0142 K0003 M0159 N0039 P0024 R0212 Z0112,BEDCA,2615,ES,es,generic,,,,,1.0,100g,229.69,961.01,False,19.2,4.4,,,15.13,2.95,9.12,1.94,,,,0.31,172.6,0.4315,True,69.3,60.79,0.0,14.95,1.73,14.32,140.18,152.23,1.43,,4.62,0.44,10.08,1.7,0.08,0.195,0.16,1.004,3.34,0.32,0.09,2.88,,,,,,,,,,,,,,,,,,,,,,Flamenquín,flamenquin pork loin cheese and ham roll breaded fried type,"Pork loin, cheese and ham roll, breaded, fried, ""flamenquin"" type",93,True,GRP-00330,OK,,f_origen original: BEDCA2,2026-09-20T03:50:39.818564+00:00,2026-09-20T03:50:39.818564+00:00
BEDCA-2616,Fabada,Fabada,Fabada,"Bean, stew ""fabada"" type",fabada,,A0467 A0722 A0735 A0832 A1286 B1397 C0005 E0108 F0014 G0019 H0191 H0212 J0123 K0003 M0182 N0042 P0024 R0212 Z0112,BEDCA,2616,ES,es,generic,,,,,1.0,100g,157.15,657.5,False,6.06,13.42,,,8.82,3.095,3.445,0.772,,,,7.8,891.0,2.2275,True,20.0,63.9,0.0,118.3,7.8,174.3,309.9,1170.0,0.63,,5.6,16.1,24.1,0.0,0.0,0.35,0.1,10.59,56.58,0.12,0.1,9.34,,,,,,,,,,,,,,,,,,,,,,Fabada,fabada bean stew type,"Bean, stew ""fabada"" type",93,True,GRP-00328,OK,,f_origen original: BEDCA2,2026-09-20T03:50:39.818564+00:00,2026-09-20T03:50:39.818564+00:00
BEDCA-2617,Ensaladilla rusa,Ensaladilla rusa,Ensaladilla rusa,Russian salad,ensaladilla rusa,,A0467 A0722 A0735 A0861 A1117 A1281 B1579 C0005 E0108 F0014 G0014 H0186 H0233 J0003 K0003 M0001 N0001 P0024 R0212 Z0112,BEDCA,2617,ES,es,generic,,,,,1.0,100g,109.7,458.98,False,2.7,9.76,,,6.68,1.07,3.64,1.19,,,,2.27,48.26,0.1206,True,35.09,78.59,0.0,25.68,0.87,19.77,58.61,376.48,0.35,,5.22,0.0,321.21,15.04,0.14,1.54,0.19,0.15,28.06,0.1,0.09,1.37,,,,,,,,,,,,,,,,,,,,,,Ensaladilla rusa,ensaladilla rusa russian salad,Russian salad,93,True,GRP-00321,OK,,f_origen original: BEDCA2,2026-09-20T03:50:39.818564+00:00,2026-09-20T03:50:39.818564+00:00
BEDCA-2618,"Eneldo, seco","Eneldo, seco","Eneldo, seco","Dill, dried",eneldo seco,Anethum graveolens,A0853 A1166 A1248 A1272 B1277 C0001 E0117 F0003 G0003 H0003 H0138 J0116 K0003 M0172 N0036 P0024 Z0204,BEDCA,2618,ES,es,generic,Vegetables and vegetable products,"Aromatic herbs or flowers, fresh",,,1.0,100g,291.23,1218.5,False,19.9,42.2,,,4.4,,,,,,,37.6,210.0,0.525,True,,7.3,0.0,1780.0,48.8,450.0,540.0,3310.0,3.3,,,,5543.0,0.0,0.0,9.27,1.46,0.0,0.0,0.42,0.28,0.28,,,,,,,,,,,,,,,,,,,,,,"Eneldo, seco",eneldo seco dill dried,"Dill, dried",87,True,GRP-00318,OK,,f_origen original: BEDCA2,2026-09-20T03:50:39.818564+00:00,2026-09-20T03:50:39.818564+00:00
BEDCA-2619,Empanadilla,Empanadilla,Empanadilla,"Pasty, frozen, n/e",empanadilla,,A0467 A0722 A0735 A0861 B0001 C0005 E0147 F0014 G0001 H0186 H0212 H0367 J0142 K0003 M0159 N0039 P0024 R0212 Z0112,BEDCA,2619,ES,es,generic,,,,,1.0,100g,246.56,1031.61,False,4.76,29.74,,,12.03,4.361,3.13,2.73,0.258,0.17,3.024,5.37,713.2,1.783,True,48.0,48.1,0.0,30.1,1.07,24.7,243.2,204.3,0.39,,20.1,39.1,27.78,0.0,2.17,1.95,0.13,13.09,15.41,0.17,0.14,8.1,,,0.056,0.084,3.025,0.599,2.38,3.02,0.133,0.004,0.005,0.032,,,,,,,,,,Empanadilla,empanadilla pasty frozen,"Pasty, frozen, n/e",93,True,GRP-00316,OK,,f_origen original: BEDCA2,2026-09-20T03:50:39.818564+00:00,2026-09-20T03:50:39.818564+00:00
BEDCA-2620,Empanada de carne,Empanada de carne,Empanada de carne,Meat pasty,empanada de carne,,A0467 A0722 A0735 A0861 B1134 C0005 E0147 F0014 G0001 H0186 H0191 H0212 H0367 J0142 K0003 M0159 N0039 P0024 R0212 Z0112,BEDCA,2620,ES,es,generic,,,,,1.0,100g,297.97,1246.71,False,21.91,12.01,,,18.11,4.81,7.5,4.16,0.258,0.17,3.024,0.13,598.0,1.495,True,91.0,47.8,0.0,37.0,0.91,23.0,188.0,347.0,0.95,,6.72,21.7,35.0,0.0,0.19,0.49,0.35,0.41,9.0,0.09,0.18,11.48,,,0.056,0.084,3.025,0.599,2.38,3.02,0.133,0.004,0.005,0.032,,,,,,,,,,Empanada de carne,empanada de carne meat pasty,Meat pasty,93,True,GRP-00315,OK,,f_origen original: BEDCA2,2026-09-20T03:50:39.818564+00:00,2026-09-20T03:50:39.818564+00:00
BEDCA-2621,Curry,Curry,Curry,Curry,curry,,A0853 A1166 A1248 A1272 B3424 C0001 E0117 F0003 G0003 H0003 H0138 J0116 K0003 M0172 N0036 P0024 Z0204,BEDCA,2621,ES,es,generic,,,,,1.0,100g,437.38,1830.0,False,15.0,60.0,,,15.0,2.8,7.9,3.9,,,,0.0,50.0,0.125,True,0.0,10.0,0.0,500.0,29.5,250.0,350.0,1550.0,0.3,,1.0,0.7,100.0,11.41,0.0,0.0,0.0,0.0,0.0,0.253,0.281,3.467,,,,,,,,,,,,,,,,,,,,,,Curry,curry,,93,True,GRP-00309,OK,,f_origen original: BEDCA2,2026-09-20T03:50:39.818564+00:00,2026-09-20T03:50:39.818564+00:00
BEDCA-2622,Cubito de caldo,Cubito de caldo,Cubito de caldo,Stock powder,cubito de caldo,,A0467 A0722 A0735 A0855 A1202 B1457 C0270 E0140 F0014 G0003 H0100 H0138 H0164 H0229 H0367 J0116 K0003 M0213 N0039 P0188 R0212 Z0112,BEDCA,2622,ES,es,generic,"Seasoning, sauces and condiments",Seasonings and extracts,,,1.0,100g,249.47,1043.8,False,15.7,5.0,,,18.7,9.09,7.61,0.7,2.31,,,0.2,16982.0,42.455,True,10.0,4.6,0.0,60.0,1.2,55.4,320.0,446.0,0.8,,,27.6,15.0,0.0,0.0,0.0,0.57,0.54,32.0,0.07,0.24,4.5,,,0.147,0.225,5.359,2.031,3.377,0.209,0.014,,,,,,,,,,,,,Cubito de caldo,cubito de caldo stock powder,Stock powder,93,True,GRP-00308,OK,,f_origen original: BEDCA2,2026-09-20T03:50:39.818564+00:00,2026-09-20T03:50:39.818564+00:00
BEDCA-2623,"Rape, crudo","Rape, crudo","Rape, crudo","Monkfish, raw",rape crudo,Lophius piscatorius,A0717 A0727 A0747 A0802 A1265 A1285 B1248 C0243 E0150 F0003 G0003 H0003 J0142 K0003 M0172 N0036 P0024 R0212 Z0153,BEDCA,2623,ES,es,generic,,,crudo,,0.73,100g,69.91,292.5,False,15.9,,,,0.6,0.13,0.12,0.16,,0.107,0.025,,41.0,0.1025,True,17.0,82.8,0.0,8.0,0.3,21.0,330.0,284.0,0.5,,,36.5,0.0,0.0,,0.85,0.2,0.9,7.0,0.03,0.06,1.5,,,,0.016,0.109,0.03,0.033,0.005,0.001,0.02,0.022,0.084,,,,,,,,,,"Rape, crudo",rape crudo monkfish raw,"Monkfish, raw",82,True,GRP-00770,OK,,f_origen original: BEDCA2,2026-09-20T03:50:39.818564+00:00,2026-09-20T03:50:39.818564+00:00
BEDCA-2624,"Rape, plancha","Rape, plancha","Rape, plancha","Monkfish, griddle",rape plancha,,A0717 A0727 A0747 A0802 A1265 A1285 B1248 C0243 E0150 F0014 G0008 H0003 J0142 K0003 M0172 N0036 P0024 R0212 Z0153,BEDCA,2624,ES,es,generic,,,a_la_plancha,,1.0,100g,86.76,363.0,False,17.0,0.0,,,2.0,0.51,0.16,1.03,,,,0.0,109.0,0.2725,True,50.0,81.0,0.0,64.0,1.0,20.0,180.0,274.0,0.5,,,36.5,0.0,0.85,0.0,0.0,0.0,1.0,13.0,0.07,0.1,2.0,,,,,,,,,,,,,,,,,,,,,,"Rape, plancha",rape plancha monkfish griddle,"Monkfish, griddle",93,True,GRP-00771,OK,,f_origen original: BEDCA2,2026-09-20T03:50:39.818564+00:00,2026-09-20T03:50:39.818564+00:00
BEDCA-2625,Rodaballo,Rodaballo,Rodaballo,Turbot,rodaballo,Psetta maxima,A0717 A0727 A0747 A0802 A1146 A1285 B2708 C0275 E0150 F0003 G0003 H0003 J0142 K0003 M0166 M0173 N0036 N0039 P0024 R0001 Z0215,BEDCA,2625,ES,es,generic,"Fish, seafood, amphibians, reptiles and invertebrates",Fish,,,0.55,100g,97.25,406.9,False,16.1,0.0,,0.0,3.6,1.12,0.83,1.19,,0.523,0.143,0.0,114.0,0.285,True,25.0,80.3,0.0,22.0,1.0,20.0,192.0,290.0,0.5,,16.0,36.5,14.0,,,0.0,0.15,2.0,10.0,0.06,0.14,5.5,,,0.001,0.073,0.284,0.058,0.195,0.121,0.015,0.022,0.205,0.303,,,,,,,,,,Rodaballo,rodaballo turbot,Turbot,93,True,GRP-00790,OK,,f_origen original: BEDCA2,2026-09-20T03:50:39.818564+00:00,2026-09-20T03:50:39.818564+00:00
BEDCA-2626,Salmón,Salmón,Salmón,Salmon,salmon,Salmo salar,A0717 A0727 A0747 A0802 A1154 A1285 B2250 C0127 E0150 F0003 G0003 H0003 J0142 K0003 M0003 N0003 P0024 R0001,BEDCA,2626,ES,es,generic,"Fish, seafood, amphibians, reptiles and invertebrates",Fish,,,0.67,100g,180.88,756.8,False,18.4,0.0,,0.0,12.0,2.16,5.43,3.1,,1.56,0.48,0.0,98.0,0.245,True,50.0,69.6,0.0,27.0,0.7,26.0,250.0,310.0,0.8,,28.3,20.0,13.0,0.0,8.0,2.0,0.75,5.0,26.0,0.2,0.15,10.4,,,,0.14,0.84,0.24,1.58,0.44,0.08,0.04,0.524,0.956,,,,,,,,,,Salmón,salmon,Salmon,93,True,GRP-00809,OK,,f_origen original: BEDCA2,2026-09-20T03:50:39.818564+00:00,2026-09-20T03:50:39.818564+00:00
BEDCA-2627,Salmón ahumado,Salmón ahumado,Salmón ahumado,Smoked salmon,salmon ahumado,Salmo salar,A0717 A0727 A0747 A0802 A1143 A1285 B2250 C0173 E0122 F0014 G0004 H0172 H0211 H0367 J0004 K0004 M0137 N0036 P0024 R0001 Z0112,BEDCA,2627,ES,es,generic,"Fish, seafood, amphibians, reptiles and invertebrates",Fish and seafood processed,,,1.0,100g,180.14,753.7,False,25.4,0.0,,,8.7,1.36,3.39,1.44,,,,0.0,1880.0,4.7,True,35.0,67.68,0.0,19.0,0.6,32.0,250.0,420.0,0.4,,28.0,32.4,15.0,0.0,19.0,1.7,0.28,3.0,2.0,0.16,0.17,13.7,,,,,,,,,,,,,,,,,,,,,,Salmón ahumado,salmon ahumado smoked,Smoked salmon,93,True,GRP-00806,OK,,f_origen original: BEDCA2,2026-09-20T03:50:39.818564+00:00,2026-09-20T03:50:39.818564+00:00
BEDCA-2628,"Salmón, plancha","Salmón, plancha","Salmón, plancha","Salmon, griddle",salmon plancha,,A0717 A0727 A0747 A0802 A1265 A1285 B2250 C0125 E0150 F0014 G0008 H0001 J0003 K0003 M0001 N0001 P0024 R0212 Z0109 Z0153,BEDCA,2628,ES,es,generic,,,a_la_plancha,,1.0,100g,179.35,750.4,False,20.2,,,,11.0,1.9,4.4,3.1,,,,0.0,45.0,0.1125,True,50.0,68.8,0.0,13.0,0.4,27.0,250.0,360.0,0.6,,37.0,0.0,13.0,0.0,8.0,1.91,0.68,4.0,16.0,0.2,0.13,7.2,,,,,,,,,,,,,,,,,,,,,,"Salmón, plancha",salmon plancha griddle,"Salmon, griddle",87,True,GRP-00807,OK,,f_origen original: BEDCA2,2026-09-20T03:50:39.818564+00:00,2026-09-20T03:50:39.818564+00:00
BEDCA-2629,Salmonete,Salmonete,Salmonete,Mullet,salmonete,Mullus surmuletus,A0717 A0727 A0747 A0802 A1146 A1285 B2567 C0275 E0150 F0003 G0003 H0003 J0142 K0003 M0166 M0173 N0036 N0039 P0024 R0001 Z0215,BEDCA,2629,ES,es,generic,"Fish, seafood, amphibians, reptiles and invertebrates",Fish,,,0.74,100g,90.01,376.6,False,14.1,0.0,,0.0,3.7,1.07,0.84,0.62,,0.943,0.115,0.0,91.0,0.2275,True,49.0,82.2,0.0,30.0,0.7,25.0,220.0,340.0,0.5,,190.0,29.0,,0.0,0.8,0.51,0.42,2.0,11.0,0.05,0.07,1.9,,,0.006,0.215,1.668,0.378,1.705,0.115,0.034,0.0,0.459,0.45,,,,,,,,,,Salmonete,salmonete mullet,Mullet,93,True,GRP-00808,OK,,f_origen original: BEDCA2,2026-09-20T03:50:39.818564+00:00,2026-09-20T03:50:39.818564+00:00
BEDCA-2630,Sardina,Sardina,Sardina,Sardine,sardina,Sardina pilchardus,A0717 A0727 A0747 A0802 A1146 A1285 B1558 C0173 E0150 F0003 G0003 H0003 J0142 K0003 M0003 N0003 P0188 R0001,BEDCA,2630,ES,es,generic,"Fish, seafood, amphibians, reptiles and invertebrates",Fish,,,0.52,100g,139.87,585.2,False,18.1,0.0,,0.0,7.5,2.64,1.8,2.28,,0.956,0.102,0.0,100.0,0.25,True,100.0,74.4,0.0,43.0,1.1,29.0,475.0,24.0,0.5,,16.0,30.0,64.0,0.0,8.0,1.6,0.96,8.5,8.0,0.12,0.38,6.4,,,,0.143,0.54,0.192,0.373,0.056,0.026,0.046,0.254,0.676,,,,,,,,,,Sardina,sardina sardine,Sardine,93,True,GRP-00829,OK,,f_origen original: BEDCA2,2026-09-20T03:50:39.818564+00:00,2026-09-20T03:50:39.818564+00:00
BEDCA-2631,"Sardina, asada","Sardina, asada","Sardina, asada","Sardine, roasted",sardina asada,Sardina pilchardus,A0717 A0727 A0747 A0802 A1265 A1285 B1392 C0173 E0150 F0014 G0008 H0001 J0003 K0003 M0001 N0001 P0024 R0212 Z0109 Z0153,BEDCA,2631,ES,es,generic,,,asado,,0.52,100g,255.21,1067.79,False,16.67,0.0,,,21.2,2.6,2.8,2.9,,,,0.0,57.5,0.1437,True,79.8,75.5,0.0,83.3,2.5,23.85,245.1,18.5,0.82,,26.83,0.0,56.61,0.0,7.11,1.44,0.82,24.85,6.09,0.04,0.26,5.76,,,,,,,,,,,,,,,,,,,,,,"Sardina, asada",sardina asada sardine roasted,"Sardine, roasted",93,True,GRP-00826,OK,,f_origen original: BEDCA2,2026-09-20T03:50:39.818564+00:00,2026-09-20T03:50:39.818564+00:00
BEDCA-2632,"Sardina, enlatada, en aceite, escurrida","Sardina, enlatada, en aceite, escurrida","Sardina, enlatada, en aceite, escurrida","sardine, canned in oil, drained",sardina enlatada en aceite escurrida,,A0267 A0727 A0802 B2003 C0265 E0147 F0014 G0001 H0263 H0367 J0123 K0021 M0175 M0204 N0042 P0024 Z0061 Z0112 Z0219,BEDCA,2632,ES,es,generic,,,en_conserva,,1.0,100g,236.51,989.56,False,23.93,0.0,,,15.75,2.8,7.17,4.85,,,,0.0,366.0,0.915,True,65.0,58.88,0.0,314.0,2.9,49.3,430.0,388.0,2.8,,33.4,50.0,49.0,0.0,8.2,0.3,0.47,29.6,8.7,0.04,0.31,12.57,,,,,,,,,,,,,,,,,,,,,,"Sardina, enlatada, en aceite, escurrida",sardina enlatada en aceite escurrida sardine canned in oil drained,"sardine, canned in oil, drained",93,True,GRP-00827,OK,,f_origen original: BEDCA2,2026-09-20T03:50:39.818564+00:00,2026-09-20T03:50:39.818564+00:00
BEDCA-2633,"Sardina, enlatada, en escabeche","Sardina, enlatada, en escabeche","Sardina, enlatada, en escabeche","Sardine, canned, pickled",sardina enlatada en escabeche,,A0267 A0727 A0802 B2003 C0265 E0147 F0014 G0001 H0200 H0227 H0263 H0367 J0123 K0040 M0175 M0204 N0042 P0024 Z0061 Z0112,BEDCA,2633,ES,es,generic,,,en_conserva,,1.0,100g,130.52,546.1,False,15.0,0.8,,0.0,7.5,2.64,1.8,2.28,,,,0.0,760.0,1.9,True,100.0,76.7,0.0,30.0,0.9,26.0,280.0,260.0,0.4,,10.0,30.0,58.0,,7.0,1.6,0.96,26.0,7.0,0.11,0.34,5.9,,,,,,,,,,,,,,,,,,,,,,"Sardina, enlatada, en escabeche",sardina enlatada en escabeche sardine canned pickled,"Sardine, canned, pickled",93,True,GRP-00828,OK,,f_origen original: BEDCA2,2026-09-20T03:50:39.818564+00:00,2026-09-20T03:50:39.818564+00:00
BEDCA-2634,"Sargo, crudo","Sargo, crudo","Sargo, crudo","Annular seabream, raw",sargo crudo,Diplodus sargus.,A0267 A0727 A0802 B1763 C0275 E0150 F0003 G0003 H0003 J0001 K0003 M0001 N0001 P0024 Z0061 Z0215,BEDCA,2634,ES,es,generic,,,crudo,,0.55,100g,99.86,417.8,False,15.0,0.0,,0.0,4.4,0.57,0.85,2.5,,0.36,0.136,0.0,77.0,0.1925,True,70.0,80.6,0.0,30.0,1.0,30.0,264.0,350.0,0.5,,7.0,45.0,48.0,0.0,,0.4,0.19,2.9,5.0,0.06,0.08,6.0,,,0.004,0.1,0.546,0.194,0.461,0.019,0.003,0.117,0.136,0.221,,,,,,,,,,"Sargo, crudo",sargo crudo annular seabream raw,"Annular seabream, raw",93,True,GRP-00830,OK,,f_origen original: BEDCA2,2026-09-20T03:50:39.818564+00:00,2026-09-20T03:50:39.818564+00:00
BEDCA-2635,Sepia,Sepia,Sepia,Cuttlefish,sepia,Sepia officinalis,A0717 A0727 A0802 A1152 A1265 A1285 B1644 C0173 E0150 F0003 G0003 H0003 J0003 K0003 M0001 N0001 P0024 R0510,BEDCA,2635,ES,es,generic,,,,,0.8,100g,80.35,336.2,False,17.6,,,,1.0,0.24,0.13,0.3,,0.511,0.044,0.0,378.0,0.945,True,152.0,80.4,0.0,38.0,2.4,32.0,268.0,427.0,2.2,,64.0,65.0,2.0,,,2.4,0.39,2.5,12.0,0.04,0.48,3.15,,,,0.03,0.27,0.11,0.07,0.01,0.01,0.034,0.207,0.294,,,,,,,,,,Sepia,sepia cuttlefish,Cuttlefish,87,True,GRP-00835,OK,,f_origen original: BEDCA2,2026-09-20T03:50:39.818564+00:00,2026-09-20T03:50:39.818564+00:00
BEDCA-2636,Trucha,Trucha,Trucha,Trout,trucha,Salmo trutta sp,A0717 A0727 A0745 A0802 A1146 A1265 B1258 C0127 E0150 F0003 G0003 H0003 J0142 K0003 M0003 N0003 P0188 R0001,BEDCA,2636,ES,es,generic,"Fish, seafood, amphibians, reptiles and invertebrates",Fish,,,0.52,100g,90.32,377.9,False,15.7,0.0,,0.0,3.0,0.43,0.74,1.83,,1.357,0.81,0.0,58.0,0.145,True,80.0,81.3,0.0,26.0,1.0,28.0,208.0,250.0,0.8,,3.0,25.0,14.0,0.0,2.1,1.5,0.43,5.2,9.4,0.08,0.1,5.1,,,0.004,0.45,1.19,0.27,1.41,0.78,0.13,0.03,0.311,0.916,,,,,,,,,,Trucha,trucha trout,Trout,93,True,GRP-00879,OK,,f_origen original: BEDCA2,2026-09-20T03:50:39.818564+00:00,2026-09-20T03:50:39.818564+00:00
BEDCA-2637,Vieira,Vieira,Vieira,Scallop,vieira,Pecten sp,A0717 A0727 A0801 A1154 A1265 A1285 B1489 C0173 E0150 F0003 G0003 H0003 J0142 K0004 M0128 M0166 M0173 M0213 N0036 N0039 N0046 P0024 R0001 Z0215,BEDCA,2637,ES,es,generic,"Fish, seafood, amphibians, reptiles and invertebrates",Molluscs,,,0.25,100g,85.16,356.3,False,19.0,0.0,,0.0,0.9,0.23,0.09,0.23,,,,0.0,270.0,0.675,True,40.0,80.1,0.0,120.0,2.4,38.0,315.0,480.0,1.3,,58.0,51.0,,,,0.4,0.14,1.8,17.0,0.04,0.1,6.4,,,,,,,,,,,,,,,,,,,,,,Vieira,vieira scallop,Scallop,93,True,GRP-00892,OK,,f_origen original: BEDCA2,2026-09-20T03:50:39.818564+00:00,2026-09-20T03:50:39.818564+00:00
BEDCA-2639,Zamburiñas,Zamburiñas,Zamburiñas,Variegated scallop,zamburinas,Chlamys varia,A0667 A0717 A0727 A0803 A1265 A1285 B1331 C0173 E0150 F0003,BEDCA,2639,ES,es,generic,,,,,0.25,100g,77.51,324.3,False,15.4,1.5,,,1.0,0.3,0.2,0.2,,,,0.0,56.0,0.14,True,34.0,82.1,0.0,46.0,14.0,51.0,169.0,314.0,1.2,,27.0,24.3,90.0,0.0,0.0,0.4,0.14,1.41,16.0,0.03,0.21,4.17,,,,,,,,,,,,,,,,,,,,,,Zamburiñas,zamburinas variegated scallop,Variegated scallop,93,True,GRP-00942,OK,,f_origen original: BEDCA2,2026-09-20T03:50:39.818564+00:00,2026-09-20T03:50:39.818564+00:00
BEDCA-2640,Almeja,Almeja,Almeja,Clams,almeja,Tapes decussata,A0717 A0727 A0803 A1152 A1265 A1285 B1331 C0243 E0150 F0003 G0003 H0003 J0142 K0004 M0128 M0166 M0173 M0213 N0036 N0039 N0046 P0024 R0001 Z0215,BEDCA,2640,ES,es,generic,"Fish, seafood, amphibians, reptiles and invertebrates",Molluscs,,,0.56,100g,47.9,200.4,False,10.7,0.0,,0.0,1.61,0.34,0.24,0.59,,0.24,0.045,0.0,56.0,0.14,True,40.0,88.8,0.0,75.0,24.0,51.0,130.0,314.0,1.3,,160.0,24.3,90.0,,,0.4,0.14,,16.0,0.04,0.14,4.1,,,,0.04,0.2,0.07,0.08,0.02,0.01,0.025,0.024,0.206,,,,,,,,,,Almeja,almeja clams,Clams,93,True,GRP-00040,OK,,f_origen original: BEDCA2,2026-09-20T03:50:39.818564+00:00,2026-09-20T03:50:39.818564+00:00
BEDCA-2641,Almejas en conserva,Almejas en conserva,Almejas en conserva,Canned clams,almejas en conserva,,A0717 A0727 A0801 A1148 A1265 A1285 B1331 C0125 E0150 F0014 G0013 H0148 H0367 J0123 K0017 M0173 M0175 N0042 P0024 R0001 Z0112,BEDCA,2641,ES,es,generic,,,en_conserva,,1.0,100g,80.45,336.61,False,17.43,1.5,,,0.4,0.1,0.04,0.121,,,,0.0,56.0,0.14,True,41.0,80.7,0.0,142.4,25.6,50.8,169.0,314.0,1.3,,27.1,24.3,89.8,0.0,,0.37,0.03,5.0,12.8,0.03,0.14,4.1,,,,,,,,,,,,,,,,,,,,,,Almejas en conserva,almejas en conserva canned clams,Canned clams,93,True,GRP-00039,OK,,f_origen original: BEDCA2,2026-09-20T03:50:39.818564+00:00,2026-09-20T03:50:39.818564+00:00
BEDCA-2642,Azúcar blanca,Azúcar blanca,Azúcar blanca,"Sugar, white",azucar blanca,,A0462 A0697 A0733 A0836 A0982 A1256 A1289 B1012 C0210 E0143 F0014 G0001 H0138 J0116 K0003 M0159 N0039 P0024 R0212 Z0112,BEDCA,2642,ES,es,generic,"Sugar, confectionery and water-based sweet desserts",Sugar and other sweetening ingredients (excluding intensive sweeteners),,,1.0,100g,406.31,1700.0,False,0.0,100.0,,,0.0,0.0,0.0,0.0,0.0,0.0,0.0,0.0,0.0,0.0,True,0.0,,0.0,1.0,0.1,,,2.0,0.1,,5.0,0.5,0.0,0.0,0.0,0.0,0.0,0.0,0.0,0.0,0.0,0.0,,,0.0,0.0,0.0,0.0,0.0,0.0,0.0,0.0,0.0,0.0,,,,,,,,,,Azúcar blanca,azucar blanca sugar white,"Sugar, white",93,True,GRP-00083,OK,,f_origen original: BEDCA2,2026-09-20T03:50:39.818564+00:00,2026-09-20T03:50:39.818564+00:00
BEDCA-2643,Miel,Miel,Miel,Honey,miel,,A0462 A0697 A0733 A0836 A0982 A1256 A1289 B3010 C0188 E0139 F0003 G0001 K0003 M0172 N0036 P0024 R0212 Z0112,BEDCA,2643,ES,es,generic,"Sugar, confectionery and water-based sweet desserts",Sugar and other sweetening ingredients (excluding intensive sweeteners),,,1.0,100g,314.08,1314.1,False,0.5,76.8,,,0.0,0.0,0.0,0.0,,,,0.0,23.0,0.0575,True,0.0,17.0,0.0,15.0,0.7,5.0,17.0,54.0,0.3,,5.0,0.5,0.0,2.0,0.0,0.0,0.3,0.0,5.0,0.01,0.05,0.2,,,,,,,,,,,,,,,,,,,,,,Miel,miel honey,Honey,93,True,GRP-00526,OK,,f_origen original: BEDCA2,2026-09-20T03:50:39.818564+00:00,2026-09-20T03:50:39.818564+00:00
BEDCA-2644,Harina de maíz,Harina de maíz,Harina de maíz,Corn flour,harina de maiz,,A0693 A0729 A0813 A0969 A1240 A1290 B1232 C0165 E0150 F0001 G0003 H0138 J0116 M0159 N0039 P0024 Z0154,BEDCA,2644,ES,es,generic,Grains and grain-based products,Cereals and similar,,,1.0,100g,328.0,1372.37,False,8.29,66.3,,,2.82,0.351,0.88,1.435,,,,9.42,0.7,0.0018,True,0.0,13.2,0.0,3.0,2.4,47.0,69.0,120.0,1.6,,1.0,0.8,18.0,0.0,0.0,0.45,0.09,0.0,33.0,0.44,0.13,0.82,,,,,,,,,,,,,,,,,,,,,,Harina de maíz,harina de maiz corn flour,Corn flour,93,True,GRP-00389,OK,,f_origen original: BEDCA2,2026-09-20T03:50:39.818564+00:00,2026-09-20T03:50:39.818564+00:00
BEDCA-2645,Caramelo,Caramelo,Caramelo,Candy,caramelo,,A0228 A0698 A0735 A0835 A0982 C0108 E0143 F0014 H0106 H0136 H0138 H0228 J0116 K0003 M0172 N0036 P0188 Z0112,BEDCA,2645,ES,es,generic,"Sugar, confectionery and water-based sweet desserts",Confectionery including chocolate,,,1.0,100g,387.62,1621.8,False,0.4,95.0,,,,,,,,,,0.0,41.0,0.1025,True,0.0,4.6,0.0,4.0,0.4,3.0,8.0,23.0,0.2,0.0,0.0,2.6,0.0,0.0,0.0,0.0,0.0,0.0,0.0,0.0,,,0.01,,,,,,,,,,,,,,,,,,,,,Caramelo,caramelo candy,Candy,82,True,GRP-00176,OK,,f_origen original: BEDCA2,2026-09-20T03:50:39.818564+00:00,2026-09-20T03:50:39.818564+00:00
BEDCA-2647,Bombón,Bombón,Bombón,Chocolate,bombon,,A0158 A0699 A0733 A0839 A0982 B1318 C0158 E0147 F0014 G0001 H0184 H0231 H0355 J0123 K0003 M0172 N0036 P0024 R0212 Z0112,BEDCA,2647,ES,es,generic,,,,,1.0,100g,475.14,1988.0,False,4.8,66.0,,,21.2,12.3,6.75,0.741,,,,0.8,58.0,0.145,True,28.0,7.2,0.0,121.0,1.3,43.0,120.0,420.0,1.7,,6.0,2.8,33.16,,0.0,0.7,0.02,0.0,10.0,0.06,0.14,1.85,,,,,,,,,,,,,,,,,,,,,,Bombón,bombon chocolate,Chocolate,93,True,GRP-00123,OK,,f_origen original: BEDCA2,2026-09-20T03:50:39.818564+00:00,2026-09-20T03:50:39.818564+00:00
BEDCA-2648,"Cacao en polvo, azucarado","Cacao en polvo, azucarado","Cacao en polvo, azucarado","Soluble cocoa, with sugar, powder",cacao en polvo azucarado,,A0272 A0467 A0662 A0710 A0733 A0839 B1012 C0108 E0106 F0003 H0138 H0158 H0227 H0231 H0247 J0116 K0003 M0003 N0001 P0024 R0212 Z0112,BEDCA,2648,ES,es,generic,,,deshidratado,,1.0,100g,388.46,1625.3,False,5.88,81.02,,,4.0,2.5,1.32,0.12,0.0,,,3.5,504.0,1.26,True,6.0,1.5,0.0,141.0,1.19,83.0,315.0,712.0,1.46,,3.1,5.0,1.0,1.8,0.0,0.53,0.11,1.32,15.0,0.1,0.56,3.08,,,0.001,0.003,0.648,0.743,0.541,0.289,,,,,,,,,,,,,,"Cacao en polvo, azucarado",cacao en polvo azucarado soluble cocoa with sugar powder,"Soluble cocoa, with sugar, powder",93,True,GRP-00149,OK,,f_origen original: BEDCA2,2026-09-20T03:50:39.818564+00:00,2026-09-20T03:50:39.818564+00:00
BEDCA-2649,"Chicle, sin azúcar","Chicle, sin azúcar","Chicle, sin azúcar",Chewing gum,chicle sin azucar,,A0176 A0467 A0733 A0838 A0986 A1289 B1347 C0298 E0119 F0014 G0001 H0150 H0202 J0004 K0003 M0172 N0036 P0188 P0181 R0212 Z0112,BEDCA,2649,ES,es,generic,,,,,1.0,100g,2.65,11.1,False,0.0,0.0,,,0.3,0.042,0.079,0.137,,,,0.0,6.0,0.015,True,0.0,3.0,0.0,0.0,0.0,0.0,0.0,4.0,0.0,0.0,0.0,0.6,0.0,0.0,0.0,0.0,0.0,0.0,0.0,0.0,0.0,0.0,0.01,,,,,,,,,,,,,,,,,,,,,"Chicle, sin azúcar",chicle sin azucar chewing gum,Chewing gum,93,True,GRP-00236,OK,,f_origen original: BEDCA2,2026-09-20T03:50:39.818564+00:00,2026-09-20T03:50:39.818564+00:00
BEDCA-2650,Chocolate blanco,Chocolate blanco,Chocolate blanco,White chocolate,chocolate blanco,,A0158 A0699 A0733 A0839 A0982 B0001 C0158 E0147 F0014 G0001 H0184 H0231 H0355 J0123 K0003 M0172 N0036 P0024 R0212 Z0112,BEDCA,2650,ES,es,generic,"Sugar, confectionery and water-based sweet desserts",Confectionery including chocolate,,,1.0,100g,544.67,2278.9,False,8.0,58.8,,,30.9,18.2,9.9,1.1,,,,0.8,110.0,0.275,True,23.0,1.5,0.0,270.0,0.2,26.0,230.0,350.0,0.9,0.45,6.0,3.0,26.0,0.0,,1.14,0.07,,10.0,0.08,0.49,5.4,0.59,,,,,,,,,,,,,,,,,,,,,Chocolate blanco,chocolate blanco white,White chocolate,93,True,GRP-00243,OK,,f_origen original: BEDCA2,2026-09-20T03:50:39.818564+00:00,2026-09-20T03:50:39.818564+00:00
BEDCA-2651,Chocolate con leche,Chocolate con leche,Chocolate con leche,Milk chocolate,chocolate con leche,,A0158 A0699 A0733 A0839 A0982 B0001 C0158 E0147 F0014 G0001 H0136 H0184 H0231 H0355 J0123 K0003 M0172 N0036 P0024 R0212 Z0112,BEDCA,2651,ES,es,generic,"Sugar, confectionery and water-based sweet desserts",Confectionery including chocolate,,,1.0,100g,535.71,2241.43,False,9.19,54.1,,,31.5,18.96,10.23,1.088,0.1984,,,0.8,58.0,0.145,True,28.0,2.9,0.0,247.0,1.7,71.0,261.0,465.0,1.7,0.45,5.5,3.0,33.16,,0.0,0.7,0.11,,10.0,0.11,0.37,2.223,0.9,,0.177,0.555,8.1,9.353,7.781,1.008,0.071,,,,,,,,,,,,,Chocolate con leche,chocolate con leche milk,Milk chocolate,93,True,GRP-00246,OK,,f_origen original: BEDCA2,2026-09-20T03:50:39.818564+00:00,2026-09-20T03:50:39.818564+00:00
BEDCA-2652,"Gominola, genérica","Gominola, genérica","Gominola, genérica",Jelly,gominola generica,,A0228 A0698 A0735 A0835 A0982 C0108 E0119 F0014 H0106 H0136 H0138 H0228 J0116 K0003 M0172 N0036 P0188 Z0112,BEDCA,2652,ES,es,generic,,,,,1.0,100g,266.49,1115.0,False,4.63,69.95,,,0.02,0.005,0.001,0.004,,0.001,0.003,1.0,30.0,0.075,True,0.0,12.86,0.0,7.0,0.19,6.0,6.0,54.0,0.03,,4.0,0.4,0.0,0.9,0.0,0.0,0.02,0.0,2.0,0.001,0.026,0.036,,,0.0,0.0,0.004,0.001,0.001,0.003,0.001,0.0,0.0,0.0,,,,,,,,,,"Gominola, genérica",gominola generica jelly,Jelly,93,True,GRP-00366,OK,,f_origen original: BEDCA2,2026-09-20T03:50:39.818564+00:00,2026-09-20T03:50:39.818564+00:00
BEDCA-2653,Jalea real,Jalea real,Jalea real,Royal jelly,jalea real,,A0462 A0697 A0733 A0837 A0982 A1256 A1289 B3010 C0188 E0139 F0003 G0001 H0131 K0003 M0172 N0036 P0024 R0212 Z0112,BEDCA,2653,ES,es,generic,"Products for non-standard diets, food imitates and food supplements or fortifying agents",Food supplements or fortifying agents,,,1.0,100g,264.91,1108.4,False,0.2,65.0,,,,,,,,,,,12.0,0.03,True,0.0,34.8,0.0,10.0,0.2,,10.0,69.0,,,,2.0,4.0,4.0,0.0,0.0,0.0,0.0,2.0,0.02,0.02,0.0,,,,,,,,,,,,,,,,,,,,,,Jalea real,jalea real royal jelly,Royal jelly,76,True,GRP-00416,OK,,f_origen original: BEDCA2,2026-09-20T03:50:39.818564+00:00,2026-09-20T03:50:39.818564+00:00
BEDCA-2654,"Mermelada de albaricoque y melocotón, baja en calorías","Mermelada de albaricoque y melocotón, baja en calorías","Mermelada de albaricoque y melocotón, baja en calorías","Marmalade, apricot and peach, light",mermelada de albaricoque y melocoton baja en calorias,,A0251 A0467 A0629 A0663 A0722 A0732 A0837 B1529 C0137 E0134 F0014 G0003 H0147 H0303 J0001 K0003 M0001 N0001 P0024 P0034 R0212 R0497 Z0112,BEDCA,2654,ES,es,generic,,,,,1.0,100g,220.63,923.1,False,0.7,53.6,,,0.0,0.0,0.0,0.0,,,,2.8,50.0,0.125,True,0.0,45.8,0.0,13.94,0.41,9.84,19.68,237.8,0.08,0.1,2.7,2.0,0.0,5.74,0.0,0.57,0.06,0.0,9.0,0.04,0.06,0.103,,,,,,,,,,,,,,,,,,,,,,"Mermelada de albaricoque y melocotón, baja en calorías",mermelada de albaricoque melocoton baja en calorias marmalade apricot and peach light,"Marmalade, apricot and peach, light",93,True,GRP-00515,OK,,f_origen original: BEDCA2,2026-09-20T03:50:39.818564+00:00,2026-09-20T03:50:39.818564+00:00
BEDCA-2655,Mermelada de frambuesa,Mermelada de frambuesa,Mermelada de frambuesa,"marmalade, raspberry",mermelada de frambuesa,,A0251 A0467 A0629 A0663 A0722 A0732 A0837 B1494 C0137 E0134 F0014 G0003 H0136 J0001 K0003 M0001 N0001 P0024 R0212 R0497 Z0112,BEDCA,2655,ES,es,generic,Fruit and fruit products,Processed fruit products,,,1.0,100g,251.92,1054.05,False,0.45,60.9,,,0.3,0.015,0.165,0.0,,,,1.2,7.0,0.0175,True,0.0,37.2,0.0,20.0,0.49,4.0,16.0,56.0,0.06,0.1,2.7,2.0,10.0,2.7,0.0,0.16,0.02,0.0,30.0,0.009,0.015,0.103,,,,,,,,,,,,,,,,,,,,,,Mermelada de frambuesa,mermelada de frambuesa marmalade raspberry,"marmalade, raspberry",93,True,GRP-00518,OK,,f_origen original: BEDCA2,2026-09-20T03:50:39.818564+00:00,2026-09-20T03:50:39.818564+00:00
BEDCA-2656,Mermelada de fresa,Mermelada de fresa,Mermelada de fresa,"Marmalade, strawberry",mermelada de fresa,,A0251 A0467 A0629 A0663 A0722 A0732 A0837 B1393 C0137 E0134 F0014 G0003 H0136 J0001 K0003 M0001 N0001 P0024 R0212 R0497 Z0112,BEDCA,2656,ES,es,generic,Fruit and fruit products,Processed fruit products,,,1.0,100g,248.99,1041.78,False,0.31,59.6,,,0.63,0.03,0.33,0.0,,,,2.6,10.0,0.025,True,0.0,36.9,0.0,39.0,1.0,30.0,8.6,344.0,0.1,0.1,2.7,2.0,21.0,20.0,0.0,,0.02,0.0,33.0,0.01,0.02,1.867,,,,,,,,,,,,,,,,,,,,,,Mermelada de fresa,mermelada de fresa marmalade strawberry,"Marmalade, strawberry",93,True,GRP-00520,OK,,f_origen original: BEDCA2,2026-09-20T03:50:39.818564+00:00,2026-09-20T03:50:39.818564+00:00
BEDCA-2657,"Mermelada de fresa, baja en calorías","Mermelada de fresa, baja en calorías","Mermelada de fresa, baja en calorías","marmalade, strawberry, light",mermelada de fresa baja en calorias,,A0251 A0467 A0629 A0663 A0722 A0732 A0837 B1393 C0137 E0134 F0014 G0003 H0303 J0001 K0003 M0001 N0001 P0024 P0034 R0212 R0497 Z0112,BEDCA,2657,ES,es,generic,,,,,1.0,100g,220.63,923.1,False,0.7,53.6,,,0.0,0.0,0.0,0.0,,,,2.3,47.0,0.1175,True,0.0,45.8,0.0,20.6,0.57,10.66,21.33,123.08,0.07,0.1,2.7,2.0,0.0,49.22,0.0,0.16,0.05,0.0,50.85,0.02,0.02,0.103,,,,,,,,,,,,,,,,,,,,,,"Mermelada de fresa, baja en calorías",mermelada de fresa baja en calorias marmalade strawberry light,"marmalade, strawberry, light",93,True,GRP-00519,OK,,f_origen original: BEDCA2,2026-09-20T03:50:39.818564+00:00,2026-09-20T03:50:39.818564+00:00
BEDCA-2658,Pastel,Pastel,Pastel,Cake,pastel,,A0458 A0695 A0729 A0821 A0952 A1240 A1288 B1047 C0001 E0105 F0014 G0005 H0136 H0152 H0221 J0001 K0003 M0001 N0001 P0024 R0212 Z0112,BEDCA,2658,ES,es,generic,Grains and grain-based products,Fine bakery wares,,,1.0,100g,399.67,1672.2,False,5.2,49.2,,,20.2,7.38,6.25,1.21,2.855,,,1.2,,,False,,24.2,0.0,48.0,1.2,16.0,,,0.4,,,,220.0,,1.0,,,,6.0,0.03,0.08,1.5,,,0.173,1.503,4.585,1.51,2.747,0.718,0.087,,,,,,,,,,,,,Pastel,pastel cake,Cake,87,True,GRP-00614,OK,,f_origen original: BEDCA2,2026-09-20T03:50:39.818564+00:00,2026-09-20T03:50:39.818564+00:00
BEDCA-2659,Regaliz,Regaliz,Regaliz,Liquorice,regaliz,,A0462 A0733 A0838 A0977 A1256 A1289 B2048 C0306 E0147 F0014 G0022 H0158 J0003 K0003 M0001 N0001 P0024 R0212 Z0112,BEDCA,2659,ES,es,generic,"Sugar, confectionery and water-based sweet desserts",Confectionery including chocolate,,,1.0,100g,323.16,1352.1,False,3.9,71.5,,,1.9,0.6,0.5,0.7,,,,2.0,75.0,0.1875,True,0.0,6.6,0.0,63.0,8.1,38.0,29.0,220.0,0.5,,,,0.0,0.0,0.0,0.0,0.0,0.0,0.0,0.0,0.0,0.0,,,,,,,,,,,,,,,,,,,,,,Regaliz,regaliz liquorice,Liquorice,93,True,GRP-00784,OK,,f_origen original: BEDCA2,2026-09-20T03:50:39.818564+00:00,2026-09-20T03:50:39.818564+00:00
BEDCA-2660,Arroz,Arroz,Arroz,Rice,arroz,Oryza sativa,A0696 A0730 A0814 A0960 A1240 A1290 B1322 C0155 E0131 F0003 G0003 H0003 H0398 J0003 K0004 M0128 N0036 P0024 R0001 Z0112,BEDCA,2660,ES,es,generic,Grains and grain-based products,Cereals and similar,,,1.0,100g,385.83,1614.3,False,7.0,86.0,,85.8,0.9,0.21,0.23,0.32,,,,0.2,6.0,0.015,True,0.0,5.9,0.0,10.0,0.5,13.0,100.0,110.0,0.2,,2.0,10.0,0.0,0.0,0.0,0.3,0.3,0.0,20.0,0.05,0.03,3.1,,,,,,,,,,,,,,,,,,,,,,Arroz,arroz rice,Rice,93,True,GRP-00070,OK,,f_origen original: BEDCA2,2026-09-20T03:50:39.818564+00:00,2026-09-20T03:50:39.818564+00:00
BEDCA-2661,"Arroz, hervido","Arroz, hervido","Arroz, hervido","Rice, boiled",arroz hervido,,A0457 A0696 A0729 A0814 A0965 A1240 B1322 C0155 E0150 F0014 G0014 H0001 J0003 K0003 M0003 N0001 P0024 R0212 Z0112,BEDCA,2661,ES,es,generic,,,hervido,,1.0,100g,391.82,1639.36,False,7.54,85.28,,,1.66,0.13,0.15,0.21,,,,1.4,4.39,0.011,True,,4.12,0.0,10.19,0.81,27.9,100.83,130.0,1.3,,14.63,,,0.34,,0.1,0.3,0.0,2.07,0.06,0.03,2.98,,,,,,,,,,,,,,,,,,,,,,"Arroz, hervido",arroz hervido rice boiled,"Rice, boiled",93,True,GRP-00066,OK,,f_origen original: BEDCA2,2026-09-20T03:50:39.818564+00:00,2026-09-20T03:50:39.818564+00:00
BEDCA-2662,Barrita cereales con chocolate,Barrita cereales con chocolate,Barrita cereales con chocolate,"Cereal bar, with chocolate",barrita cereales con chocolate,Hordeum vulgare l.,A0106 A0457 A0631 A0696 A0729 A0759 A0812 B1347 C0001 E0140 F0014 G0004 H0136 H0138 H0152 H0221 H0227 H0231 J0116 K0003 M0118 N0042 P0024 R0212 R0497 Z0112 Z0205,BEDCA,2662,ES,es,generic,,,,,1.0,100g,395.08,1653.0,False,9.0,73.0,,,7.0,3.5,3.8,1.1,,,,1.5,160.0,0.4,True,0.0,9.5,0.0,65.3,11.0,51.6,172.9,210.0,1.6,,14.6,6.3,13.5,0.0,0.0,0.9,1.6,0.8,165.0,1.1,1.3,15.0,,,,,,,,,,,,,,,,,,,,,,Barrita cereales con chocolate,barrita cereales con chocolate cereal bar with,"Cereal bar, with chocolate",93,True,GRP-00098,OK,,f_origen original: BEDCA2,2026-09-20T03:50:39.818564+00:00,2026-09-20T03:50:39.818564+00:00
BEDCA-2663,Barrita cereales con frutas,Barrita cereales con frutas,Barrita cereales con frutas,"Cereal bar, with fruit",barrita cereales con frutas,,A0106 A0457 A0631 A0696 A0729 A0759 A0812 B1347 C0001 E0140 F0014 G0004 H0136 H0138 H0152 H0221 H0227 H0364 J0116 K0003 M0118 N0042 P0024 R0212 R0497 Z0112 Z0205,BEDCA,2663,ES,es,generic,,,,,1.0,100g,393.64,1647.0,False,8.0,78.0,,,5.0,2.0,2.3,1.2,,,,1.5,200.0,0.5,True,0.0,7.5,0.0,14.0,11.0,48.9,134.8,186.9,1.4,,3.5,6.3,2.5,1.1,0.0,0.9,1.6,0.8,165.0,1.1,1.3,15.0,,,,,,,,,,,,,,,,,,,,,,Barrita cereales con frutas,barrita cereales con frutas cereal bar with fruit,"Cereal bar, with fruit",93,True,GRP-00099,OK,,f_origen original: BEDCA2,2026-09-20T03:50:39.818564+00:00,2026-09-20T03:50:39.818564+00:00
BEDCA-2664,Bizcocho,Bizcocho,Bizcocho,Sponge cake,bizcocho,,A0456 A0695 A0729 A0821 A0951 A1240 A1290 B1324 C0155 E0147 F0003 G0005 H0186 H0221 H0749 H0753 J0003 K0003 M0001 N0001 P0024 R0212 Z0109 Z0112,BEDCA,2664,ES,es,generic,Grains and grain-based products,Fine bakery wares,,,1.0,100g,380.98,1594.0,False,6.5,39.6,,,21.9,13.13,6.78,1.01,0.655,,,0.8,46.0,0.115,True,179.0,28.2,0.0,25.0,0.9,9.0,93.0,75.0,0.5,,12.1,6.3,248.0,0.0,0.84,0.91,0.1,0.5,34.0,0.05,0.16,0.17,,,0.044,0.371,3.528,1.415,7.088,15.382,1.97,,,,,,,,,,,,,Bizcocho,bizcocho sponge cake,Sponge cake,93,True,GRP-00118,OK,,f_origen original: BEDCA2,2026-09-20T03:50:39.818564+00:00,2026-09-20T03:50:39.818564+00:00
BEDCA-2665,"Bollería, genérico","Bollería, genérico","Bollería, genérico",Bakery,bolleria generico,,A0456 A0695 A0733 A0821 A0951 A1240 A1290 B1324 C0155 E0147 F0003 G0005 H0158 H0186 H0221 H0753 J0003 K0003 M0001 N0001 P0024 R0212 Z0112,BEDCA,2665,ES,es,generic,,,,,1.0,100g,446.37,1867.6,False,7.0,52.8,,,23.0,8.35,7.68,6.21,,,,2.3,178.0,0.445,True,253.0,15.1,0.0,40.0,1.0,19.0,91.0,78.0,0.6,,0.0,3.0,150.0,,1.23,,0.06,,8.0,0.05,0.08,1.5,,,,,,,,,,,,,,,,,,,,,,"Bollería, genérico",bolleria generico bakery,Bakery,93,True,GRP-00122,OK,,f_origen original: BEDCA2,2026-09-20T03:50:39.818564+00:00,2026-09-20T03:50:39.818564+00:00
BEDCA-2666,Cereales base trigo y chocolate,Cereales base trigo y chocolate,Cereales base trigo y chocolate,"Breakfast cereals, wheat and chocolate",cereales base trigo y chocolate,,A0258 A0457 A0631 A0692 A0729 A0768 A0816 B1312 C0155 E0153 F0014 G0003 H0100 H0138 H0158 H0181 H0215 H0216 H0231 H0274 H0309 J0116 K0003 M0155 N0001 P0024 R0212 R0497 Z0112,BEDCA,2666,ES,es,generic,,,,,1.0,100g,383.72,1605.5,False,8.0,81.0,,,2.5,1.1,0.28,0.32,,,,4.5,400.0,1.0,True,0.0,4.0,0.0,267.0,7.9,50.0,100.0,400.0,0.9,,5.0,48.6,566.0,50.0,4.2,0.5,1.7,0.85,167.0,1.2,1.3,15.0,,,,,,,,,,,,,,,,,,,,,,Cereales base trigo y chocolate,cereales base trigo chocolate breakfast cereals wheat and,"Breakfast cereals, wheat and chocolate",93,True,GRP-00211,OK,,f_origen original: BEDCA2,2026-09-20T03:50:39.818564+00:00,2026-09-20T03:50:39.818564+00:00
BEDCA-2667,"Cereales, en polvo, solubles (eko)","Cereales, en polvo, solubles (eko)","Cereales, en polvo, solubles (eko)","Soluble cereals, powder",cereales en polvo solubles eko,,A0457 A0692 A0729 A0816 A0970 A1240 A1290 B1313 C0155 E0130 F0014 G0003 H0138 H0152 J0116 K0027 M0130 N0040 P0024 R0212 Z0112,BEDCA,2667,ES,es,generic,,,deshidratado,,1.0,100g,391.33,1637.34,False,5.7,89.7,,,0.42,0.1,0.0,0.3,,,,2.3,0.0,0.0,True,0.0,6.0,0.0,0.0,1.9,71.0,332.0,0.0,0.9,,0.0,0.0,0.0,0.0,0.0,0.0,0.0,0.0,0.0,0.0,0.0,0.0,,,,,,,,,,,,,,,,,,,,,,"Cereales, en polvo, solubles (eko)",cereales en polvo solubles eko soluble cereals powder,"Soluble cereals, powder",93,True,GRP-00226,OK,,f_origen original: BEDCA2,2026-09-20T03:50:39.818564+00:00,2026-09-20T03:50:39.818564+00:00
BEDCA-2668,Churro,Churro,Churro,Cruller,churro,,A0693 A0729 A0813 A0960 A1240 A1290 B1312 C0155 E0104 F0014 G0029 H0136 H0367 H0753 J0003 K0003 M0003 N0003 P0024 R0212 Z0109,BEDCA,2668,ES,es,generic,Grains and grain-based products,Fine bakery wares,,,1.0,100g,358.08,1498.2,False,4.6,40.0,,,20.0,2.62,6.37,10.0,,,,1.2,2.0,0.005,True,,34.2,0.0,7.0,0.6,14.0,108.0,146.0,0.4,,10.0,4.0,,0.0,0.0,0.34,0.1,0.0,11.0,0.04,0.03,1.6,,,,,,,,,,,,,,,,,,,,,,Churro,churro cruller,Cruller,93,True,GRP-00254,OK,,f_origen original: BEDCA2,2026-09-20T03:50:39.818564+00:00,2026-09-20T03:50:39.818564+00:00
BEDCA-2669,Croissant,Croissant,Croissant,Croissant,croissant,,A0456 A0695 A0729 A0821 A0951 A1240 A1290 B1324 C0155 E0147 F0003 G0005 H0158 H0186 H0221 H0753 J0003 K0003 M0001 N0001 P0024 R0212 Z0112,BEDCA,2669,ES,es,generic,Grains and grain-based products,Fine bakery wares,,,1.0,100g,406.05,1698.9,False,7.5,55.0,,,17.2,9.9,5.5,0.75,0.786,,,2.2,492.0,1.23,True,50.0,14.8,0.0,42.0,1.2,16.0,95.0,136.0,0.6,,7.7,5.2,225.0,0.0,0.8,1.0,0.1,,19.0,0.14,0.1,0.95,,,0.086,0.2,7.82,1.62,7.64,2.09,0.25,,,,,,,,,,,,,Croissant,croissant,,93,True,GRP-00304,OK,,f_origen original: BEDCA2,2026-09-20T03:50:39.818564+00:00,2026-09-20T03:50:39.818564+00:00
BEDCA-2670,Donut,Donut,Donut,Doughnut,donut,,A0248 A0456 A0695 A0733 A0821 A0951 A1240 A1290 B1312 C0155 E0147 F0014 G0005 H0158 H0184 H0186 H0221 J0003 K0003 M0001 N0001 P0024 R0212 Z0112,BEDCA,2670,ES,es,generic,,,,,1.0,100g,393.52,1646.5,False,6.1,42.0,,,22.4,5.81,10.41,6.08,1.141,,,3.0,443.0,1.1075,True,37.0,26.5,0.0,95.3,4.3,21.0,81.0,102.0,0.6,,17.0,9.6,225.0,0.0,0.8,1.81,0.02,1.73,19.0,0.22,0.2,2.4,,,0.298,0.521,10.813,1.612,8.581,1.736,0.025,,,,,,,,,,,,,Donut,donut doughnut,Doughnut,93,True,GRP-00312,OK,,f_origen original: BEDCA2,2026-09-20T03:50:39.818564+00:00,2026-09-20T03:50:39.818564+00:00
BEDCA-2671,Ensaimada,Ensaimada,Ensaimada,Ensaimada,ensaimada,,A0456 A0695 A0729 A0821 A0951 A1240 A1290 B1324 C0155 E0147 F0003 G0005 H0158 H0186 H0221 H0356 H0753 J0003 K0003 M0001 N0001 P0024 R0212 Z0112,BEDCA,2671,ES,es,generic,Grains and grain-based products,Fine bakery wares,,,1.0,100g,455.98,1907.8,False,5.7,38.4,,,31.3,13.35,13.15,3.13,0.102,,1.784,1.7,294.0,0.735,True,60.0,21.7,0.0,14.0,0.8,15.0,79.0,84.0,0.4,,24.5,10.9,19.0,0.0,0.14,0.78,0.1,0.2,18.0,0.07,0.08,0.62,,,0.023,0.148,6.865,1.009,4.255,1.783,0.026,0.001,,,,,,,,,,,,Ensaimada,ensaimada,,93,True,GRP-00319,OK,,f_origen original: BEDCA2,2026-09-20T03:50:39.818564+00:00,2026-09-20T03:50:39.818564+00:00
BEDCA-2672,Galleta salada,Galleta salada,Galleta salada,"Cookie, salted",galleta salada,,A0457 A0695 A0729 A0821 A0936 A1240 A1290 B1324 C0155 E0147 F0014 G0005 H0221 H0367 H0753 J0003 K0003 M0001 N0001 P0024 R0212 Z0112,BEDCA,2672,ES,es,generic,,,,,1.0,100g,407.79,1706.2,False,9.4,69.2,,,10.0,1.92,4.26,3.27,1.603,,,3.2,950.0,2.375,True,0.0,8.2,0.0,68.0,1.0,30.0,150.0,165.0,0.6,,,7.3,,0.0,0.0,0.5,0.1,0.0,10.0,0.11,0.1,0.9,,,1.867,0.762,5.975,1.696,7.785,1.878,0.064,,,,,,,,,,,,,Galleta salada,galleta salada cookie salted,"Cookie, salted",93,True,GRP-00344,OK,,f_origen original: BEDCA2,2026-09-20T03:50:39.818564+00:00,2026-09-20T03:50:39.818564+00:00
BEDCA-2673,"Galleta, genérico","Galleta, genérico","Galleta, genérico",Cookie,galleta generico,,A0457 A0695 A0729 A0821 A0936 A1240 A1290 B1324 C0155 E0147 F0014 G0005 H0158 H0221 H0753 J0003 K0003 M0001 N0001 P0024 R0212 Z0112,BEDCA,2673,ES,es,generic,,,,,1.0,100g,481.28,2013.68,False,6.76,64.31,,,21.77,10.27,7.95,2.37,0.302,,,3.21,409.9,1.0248,True,50.17,3.29,0.0,96.0,2.05,29.83,124.42,169.75,0.77,,,5.24,0.2,0.09,0.34,1.81,0.07,,9.25,0.1,0.11,2.23,,,1.982,1.142,4.234,2.016,4.704,1.428,0.067,,,,,,,,,,,,,"Galleta, genérico",galleta generico cookie,Cookie,93,True,GRP-00343,OK,,f_origen original: BEDCA2,2026-09-20T03:50:39.818564+00:00,2026-09-20T03:50:39.818564+00:00
BEDCA-2674,Galletas integrales,Galletas integrales,Galletas integrales,Crackers,galletas integrales,,A0695 A0729 A0821 A0969 A1240 A1290 B1219 C0165 E0106 F0014 G0005 H0138 H0347 H0367 H0422 H0672 H0753 H0754 H0758 J0116 K0004 M0155 M0166 N0036 P0024 R0001 Z0112,BEDCA,2674,ES,es,generic,,,,,1.0,100g,402.41,1683.7,False,10.0,42.9,,,21.2,4.1,13.62,3.48,,,,12.5,300.0,0.75,True,0.0,13.4,0.0,333.0,2.5,28.0,133.0,200.0,1.2,,0.0,7.3,76.5,0.0,0.0,1.53,0.18,0.0,19.0,0.26,0.06,2.4,,,,,,,,,,,,,,,,,,,,,,Galletas integrales,galletas integrales crackers,Crackers,93,True,GRP-00349,OK,,f_origen original: BEDCA2,2026-09-20T03:50:39.818564+00:00,2026-09-20T03:50:39.818564+00:00
BEDCA-2675,Galletas tipo maria,Galletas tipo maria,Galletas tipo maria,Maria crackers,galletas tipo maria,,A0695 A0729 A0821 A0969 A1240 A1290 B1219 C0158 E0122 F0014 G0005 H0138 H0260 H0263 H0280 H0367 H0688 H0749 J0116 K0004 M0128 M0156 N0036 N0039 P0024 R0001 Z0112,BEDCA,2675,ES,es,generic,Grains and grain-based products,Fine bakery wares,,,1.0,100g,477.12,1996.29,False,7.076,69.0,,,19.0,9.7,5.7,2.5,0.163,,,3.1,217.0,0.5425,True,65.9,1.8,0.0,117.7,2.0,25.0,90.0,110.0,0.59,,0.0,7.3,,0.0,0.0,2.3,0.08,0.0,8.0,0.1,0.08,2.1,,,1.619,0.667,3.346,1.428,5.432,1.49,0.077,,,,,,,,,,,,,Galletas tipo maria,galletas tipo maria crackers,Maria crackers,93,True,GRP-00351,OK,,f_origen original: BEDCA2,2026-09-20T03:50:39.818564+00:00,2026-09-20T03:50:39.818564+00:00
BEDCA-2676,Gofio,Gofio,Gofio,Gofio,gofio,,A0693 A0729 A0813 A0969 A1240 A1290 B1047 C0165 E0106 F0001 G0010 H0138 H0212 J0116 M0001 N0001 P0024 R0212 Z0112 Z0154,BEDCA,2676,ES,es,generic,Grains and grain-based products,Cereals and similar,,,1.0,100g,397.24,1662.05,False,10.8,81.57,,,2.48,0.51,0.41,1.55,,,,1.87,,,False,,8.0,0.0,,5.73,97.0,371.6,,3.35,,,,0.17,6.4,,,,,,0.1,0.02,4.45,,,,,,,,,,,,,,,,,,,,,,Gofio,gofio,,87,True,GRP-00364,OK,,f_origen original: BEDCA2,2026-09-20T03:50:39.818564+00:00,2026-09-20T03:50:39.818564+00:00
BEDCA-2677,Harina de trigo,Harina de trigo,Harina de trigo,Wheat flour,harina de trigo,,A0693 A0729 A0813 A0969 A1240 A1290 B1312 C0165 E0150 F0001 G0003 H0138 J0116 M0159 N0039 P0024 Z0154,BEDCA,2677,ES,es,generic,Grains and grain-based products,Cereals and similar,,,1.0,100g,331.14,1385.5,False,10.0,71.5,,,,,,,,,,3.5,3.0,0.0075,True,0.0,13.0,0.0,16.0,1.2,20.0,120.0,135.0,0.6,,10.0,7.0,0.0,0.0,,0.3,0.2,,24.0,0.1,0.05,0.6,,,,,,,,,,,,,,,,,,,,,,Harina de trigo,harina de trigo wheat flour,Wheat flour,82,True,GRP-00392,OK,,f_origen original: BEDCA2,2026-09-20T03:50:39.818564+00:00,2026-09-20T03:50:39.818564+00:00
BEDCA-2678,Magdalena,Magdalena,Magdalena,Muffin,magdalena,,A0733 A0838 A0976 A1289 B1312 C0001 E0131 F0014 G0005 H0263 H0354 H0753 J0001 K0003 M0172 N0036,BEDCA,2678,ES,es,generic,,,,,1.0,100g,384.99,1610.8,False,6.1,39.9,,,22.4,12.4,8.1,0.9,0.2266,,,1.0,211.0,0.5275,True,203.0,28.0,0.0,25.0,1.1,9.0,231.0,88.0,0.3,,16.3,9.3,233.0,,0.8,0.7,0.1,0.0,7.0,0.05,0.1,0.5,,,,0.018,2.354,0.922,4.268,11.381,1.338,,,,,,,,,,,,,Magdalena,magdalena muffin,Muffin,93,True,GRP-00484,OK,,f_origen original: BEDCA2,2026-09-20T03:50:39.818564+00:00,2026-09-20T03:50:39.818564+00:00
BEDCA-2680,Carne picada,Carne picada,Carne picada,Mincemeat,carne picada,,A0714 A0726 A0793 A1015 A1258 A1280 B1134 C0270 E0117 F0003 G0003 J0003 M0172 N0036 P0024 R0212 Z0154,BEDCA,2680,ES,es,generic,,,,,1.0,100g,243.13,1017.24,False,15.22,0.0,0.0,0.0,20.5,8.2,9.29,1.83,0.4822,0.112,1.359,0.0,600.0,1.5,True,59.0,64.3,0.0,23.0,2.5,17.0,107.0,270.0,3.2,,3.0,23.0,,0.0,,0.18,0.27,1.0,12.0,0.04,0.21,6.5,,,0.025,0.393,3.867,2.258,5.373,1.314,0.092,0.045,0.002,0.018,,,,,,,,,,Carne picada,carne picada mincemeat,Mincemeat,98,True,GRP-00187,OK,,,2026-09-20T03:50:39.818564+00:00,2026-09-20T03:50:39.818564+00:00
BEDCA-2685,"Cabrito lechal, costillar, crudo","Cabrito lechal, costillar, crudo","Cabrito lechal, costillar, crudo","Kid, ribs, raw",cabrito lechal costillar crudo,,A0794 B2702 C0285 E0150 F0003 G0003 H0003 J0003 K0003 M0003 N0036 N0044 P0003 R0212 R0366 R0367 R0500 Z0019 Z0215 Z0258,BEDCA,2685,ES,es,generic,,,crudo,,0.667,100g,224.19,938.0,False,17.11,0.0,,,17.49,6.12,6.12,0.84,0.56,0.07,0.63,,64.06,0.1602,True,64.26,64.5,,9.56,0.57,15.82,156.77,248.93,2.24,,,7.79,,0.0,,0.24,0.83,1.61,4.31,0.11,0.14,2.72,0.06,,0.03,0.43,3.07,2.03,5.64,0.57,0.05,0.06,0.01,0.01,,,,,,,,,,"Cabrito lechal, costillar, crudo",cabrito lechal costillar crudo kid ribs raw,"Kid, ribs, raw",87,True,GRP-00141,OK,,f_origen original: BEDCA2,2026-09-20T03:50:39.818564+00:00,2026-09-20T03:50:39.818564+00:00
BEDCA-2686,"Cabrito lechal, espalda, cruda","Cabrito lechal, espalda, cruda","Cabrito lechal, espalda, cruda","Kid, back, raw",cabrito lechal espalda cruda,,A0794 B2702 C0285 E0150 F0003 G0003 H0003 J0003 K0003 M0003 N0036 N0044 P0003 R0212 R0366 R0367 R0500 Z0019 Z0215 Z0258,BEDCA,2686,ES,es,generic,,,crudo,,0.737,100g,204.63,856.17,False,18.63,0.0,,,14.58,5.2,5.19,0.73,0.48,0.07,0.55,,85.14,0.2128,True,61.79,65.83,,13.7,0.81,18.76,187.81,288.19,3.15,,,10.6,,0.0,,0.27,0.77,2.28,3.44,0.13,0.1,2.63,0.04,,0.03,0.38,2.63,1.72,4.76,0.49,0.05,0.06,0.01,0.01,,,,,,,,,,"Cabrito lechal, espalda, cruda",cabrito lechal espalda cruda kid back raw,"Kid, back, raw",87,True,GRP-00142,OK,,f_origen original: BEDCA2,2026-09-20T03:50:39.818564+00:00,2026-09-20T03:50:39.818564+00:00
BEDCA-2687,"Cabrito lechal, pierna, cruda","Cabrito lechal, pierna, cruda","Cabrito lechal, pierna, cruda","Kid, leg, raw",cabrito lechal pierna cruda,,A0794 B2702 C0285 E0150 F0003 G0003 H0003 J0003 K0003 M0003 N0036 N0044 P0003 R0212 R0366 R0367 R0500 Z0019 Z0215 Z0258,BEDCA,2687,ES,es,generic,,,crudo,,0.727,100g,189.41,792.49,False,18.78,0.0,,,12.79,4.37,4.34,0.6,0.39,0.05,0.46,,71.35,0.1784,True,65.76,67.4,,9.94,0.63,18.68,190.56,295.77,2.53,,,9.1,,0.0,,0.23,0.66,2.07,3.62,0.11,0.11,3.23,0.02,,0.02,0.31,2.21,1.44,3.99,0.41,0.03,0.05,0.01,0.01,,,,,,,,,,"Cabrito lechal, pierna, cruda",cabrito lechal pierna cruda kid leg raw,"Kid, leg, raw",87,True,GRP-00143,OK,,f_origen original: BEDCA2,2026-09-20T03:50:39.818564+00:00,2026-09-20T03:50:39.818564+00:00
BEDCA-2688,"Cordero lechal, costillar, crudo","Cordero lechal, costillar, crudo","Cordero lechal, costillar, crudo","Suckling lamb, ribs, raw",cordero lechal costillar crudo,,A0794 B2396 C0285 E0150 F0003 G0003 H0003 J0003 K0003 M0003 N0036 N0044 P0003 R0212 R0366 R0367 R0500 Z0019 Z0215 Z0258,BEDCA,2688,ES,es,generic,,,crudo,,0.605,100g,191.2,800.0,False,18.46,0.0,,,13.14,5.47,5.29,0.75,0.48,0.07,0.56,,89.1,0.2228,True,75.13,67.36,,10.69,0.86,19.71,191.92,292.05,2.69,,,6.63,,0.0,,0.12,0.54,1.82,4.19,0.13,0.09,2.97,,,0.03,0.39,2.77,1.81,4.86,0.5,0.05,0.06,0.01,0.01,,,,,,,,,,"Cordero lechal, costillar, crudo",cordero lechal costillar crudo suckling lamb ribs raw,"Suckling lamb, ribs, raw",87,True,GRP-00282,OK,,f_origen original: BEDCA2,2026-09-20T03:50:39.818564+00:00,2026-09-20T03:50:39.818564+00:00
BEDCA-2689,"Cordero lechal, espalda, cruda","Cordero lechal, espalda, cruda","Cordero lechal, espalda, cruda","Suckling lamb, back, raw",cordero lechal espalda cruda,,A0794 B2396 C0285 E0150 F0003 G0003 H0003 J0003 K0003 M0003 N0036 N0044 P0003 R0212 R0366 R0367 R0500 Z0019 Z0215 Z0258,BEDCA,2689,ES,es,generic,,,crudo,,0.673,100g,188.72,789.62,False,19.46,0.0,,,12.4,4.54,4.41,0.62,0.4,0.06,0.47,,81.37,0.2034,True,74.98,67.06,,8.09,0.78,17.94,178.02,289.22,3.16,,,6.54,,0.0,,0.15,0.5,2.46,5.18,0.14,0.08,2.92,,,0.02,0.32,2.29,1.5,4.04,0.42,0.04,0.05,0.01,0.01,,,,,,,,,,"Cordero lechal, espalda, cruda",cordero lechal espalda cruda suckling lamb back raw,"Suckling lamb, back, raw",87,True,GRP-00283,OK,,f_origen original: BEDCA2,2026-09-20T03:50:39.818564+00:00,2026-09-20T03:50:39.818564+00:00
BEDCA-2690,"Cordero lechal, pierna, cruda","Cordero lechal, pierna, cruda","Cordero lechal, pierna, cruda","Suckling lamb, leg, raw",cordero lechal pierna cruda,,A0794 B2396 C0285 E0150 F0003 G0003 H0003 J0003 K0003 M0003 N0036 N0044 P0003 R0212 R0366 R0367 R0500 Z0019 Z0215 Z0258,BEDCA,2690,ES,es,generic,,,crudo,,0.649,100g,186.92,782.07,False,19.19,0.0,,,12.32,4.14,4.03,0.56,0.37,0.06,0.42,,81.55,0.2039,True,76.53,67.39,,11.21,0.98,21.39,212.66,324.16,3.11,,,8.07,,0.0,,0.17,0.61,2.62,4.67,0.15,0.08,3.46,,,0.02,0.29,2.09,1.36,3.7,0.38,0.04,0.04,0.01,0.01,,,,,,,,,,"Cordero lechal, pierna, cruda",cordero lechal pierna cruda suckling lamb leg raw,"Suckling lamb, leg, raw",87,True,GRP-00284,OK,,f_origen original: BEDCA2,2026-09-20T03:50:39.818564+00:00,2026-09-20T03:50:39.818564+00:00
BEDCA-2691,"Cordero ligero, costillar, crudo","Cordero ligero, costillar, crudo","Cordero ligero, costillar, crudo","Light lamb, ribs, raw",cordero ligero costillar crudo,,A0794 B2396 C0285 E0150 F0003 G0003 H0003 J0003 K0003 M0003 N0036 N0044 P0003 R0212 R0366 R0367 R0500 Z0019 Z0215 Z0258,BEDCA,2691,ES,es,generic,,,crudo,,0.713,100g,233.37,976.44,False,17.26,0.0,,,18.46,6.39,6.17,0.88,0.56,0.1,0.66,,75.73,0.1893,True,64.43,63.36,,13.35,1.11,18.91,171.68,265.4,3.35,,,11.69,,0.0,,0.25,0.63,1.98,4.46,0.13,0.08,4.34,,,0.03,0.46,3.22,2.11,5.66,0.59,0.06,0.07,0.02,0.02,,,,,,,,,,"Cordero ligero, costillar, crudo",cordero ligero costillar crudo light lamb ribs raw,"Light lamb, ribs, raw",87,True,GRP-00286,OK,,f_origen original: BEDCA2,2026-09-20T03:50:39.818564+00:00,2026-09-20T03:50:39.818564+00:00
BEDCA-2692,"Cordero ligero, espalda, cruda","Cordero ligero, espalda, cruda","Cordero ligero, espalda, cruda","Light lamb, back, raw",cordero ligero espalda cruda,,A0794 B2396 C0285 E0150 F0003 G0003 H0003 J0003 K0003 M0003 N0036 N0044 P0003 R0212 R0366 R0367 R0500 Z0019 Z0215 Z0258,BEDCA,2692,ES,es,generic,,,crudo,,0.759,100g,200.22,837.72,False,17.61,0.0,,,14.55,5.34,5.17,0.74,0.47,0.07,0.55,,77.16,0.1929,True,65.74,66.91,,8.16,1.12,18.93,175.14,284.87,3.68,,,12.46,,0.0,,0.14,0.53,2.06,4.61,0.14,0.07,3.4,,,0.03,0.38,2.69,1.77,4.76,0.5,0.05,0.05,0.01,0.01,,,,,,,,,,"Cordero ligero, espalda, cruda",cordero ligero espalda cruda light lamb back raw,"Light lamb, back, raw",87,True,GRP-00287,OK,,f_origen original: BEDCA2,2026-09-20T03:50:39.818564+00:00,2026-09-20T03:50:39.818564+00:00
BEDCA-2693,"Cordero ligero, pierna, cruda","Cordero ligero, pierna, cruda","Cordero ligero, pierna, cruda","Light lamb, leg, raw",cordero ligero pierna cruda,,A0794 B2396 C0285 E0150 F0003 G0003 H0003 J0003 K0003 M0003 N0036 N0044 P0003 R0212 R0366 R0367 R0500 Z0019 Z0215 Z0258,BEDCA,2693,ES,es,generic,,,crudo,,0.757,100g,183.68,768.51,False,18.98,0.0,,,12.05,4.54,4.38,0.62,0.4,0.06,0.46,,67.5,0.1688,True,67.96,67.98,,7.27,1.24,20.78,192.88,301.49,3.08,,,12.25,,0.0,,0.16,0.54,2.53,4.16,0.14,0.07,3.32,,,0.02,0.33,2.29,1.5,4.02,0.41,0.04,0.05,0.01,0.01,,,,,,,,,,"Cordero ligero, pierna, cruda",cordero ligero pierna cruda light lamb leg raw,"Light lamb, leg, raw",87,True,GRP-00288,OK,,f_origen original: BEDCA2,2026-09-20T03:50:39.818564+00:00,2026-09-20T03:50:39.818564+00:00
BEDCA-2694,"Carne de cerdo de capa blanca, lomo, partes grasa y magra, crudo","Carne de cerdo de capa blanca, lomo, partes grasa y magra, crudo","Carne de cerdo de capa blanca, lomo, partes grasa y magra, crudo","Pork meat, loin, separable lean and fat, raw",carne de cerdo de capa blanca lomo partes grasa y magra crudo,,A0794 B1136 C0269 E0152 F0003 H0003 J0003 K0001 N0041 P0003 R0212 Z0031,BEDCA,2694,ES,es,generic,,,crudo,,1.0,100g,141.06,590.18,False,24.77,,,,4.57,1.761,2.155,0.408,0.009,,,,42.8,0.107,True,68.23,71.19,,9.53,1.55,35.43,213.9,482.43,1.9,,,30.0,3.05,,,,0.53,0.25,,0.44,0.15,6.9,0.5,,0.015,0.064,1.0855,0.5855,2.0275,0.3825,0.0255,,,,,,,,,,,,,"Carne de cerdo de capa blanca, lomo, partes grasa y magra, crudo",carne de cerdo capa blanca lomo partes grasa magra crudo pork meat loin separable lean and fat raw,"Pork meat, loin, separable lean and fat, raw",82,True,GRP-00186,OK,,f_origen original: BEDCA2,2026-09-20T03:50:39.818564+00:00,2026-09-20T03:50:39.818564+00:00
BEDCA-2695,"Carne de cerdo de capa blanca, lomo, parte magra, crudo","Carne de cerdo de capa blanca, lomo, parte magra, crudo","Carne de cerdo de capa blanca, lomo, parte magra, crudo","Pork meat, loin, lean, raw",carne de cerdo de capa blanca lomo parte magra crudo,,A0794 B1136 C0270 E0152 F0003 H0003 J0003 K0001 N0041 P0003 R0212 Z0031,BEDCA,2695,ES,es,generic,,,crudo,,1.0,100g,123.28,515.8,False,24.9,,,,2.5,0.979,1.253,0.253,0.012,,,,41.0,0.1025,True,61.0,71.47,,14.5,0.91,29.0,176.5,490.0,1.75,,,29.0,4.05,,,,0.65,0.2,,0.48,0.15,7.1,0.42,,0.017,0.039,0.618,0.305,1.162,0.24,0.013,,,,,,,,,,,,,"Carne de cerdo de capa blanca, lomo, parte magra, crudo",carne de cerdo capa blanca lomo parte magra crudo pork meat loin lean raw,"Pork meat, loin, lean, raw",82,True,GRP-00185,OK,,f_origen original: BEDCA2,2026-09-20T03:50:39.818564+00:00,2026-09-20T03:50:39.818564+00:00
BEDCA-2696,"Carne de cerdo de capa blanca, chuleta, partes grasa y magra, cruda","Carne de cerdo de capa blanca, chuleta, partes grasa y magra, cruda","Carne de cerdo de capa blanca, chuleta, partes grasa y magra, cruda","Pork meat, chop, separable lean and fat, raw",carne de cerdo de capa blanca chuleta partes grasa y magra cruda,,A0794 B1136 C0269 E0152 F0003 H0003 J0003 K0001 N0041 P0003 R0212 Z0023,BEDCA,2696,ES,es,generic,,,crudo,,0.776,100g,158.95,665.06,False,22.95,,,,7.43,2.716,3.585,1.076,0.037,,,,48.4,0.121,True,70.65,70.0,,16.05,0.95,29.15,179.85,292.5,1.95,,,27.0,3.5,,,,0.65,0.2,,0.4,0.13,5.98,0.5,,0.012,0.09,1.687,0.884,3.33,1.031,0.045,,,,,,,,,,,,,"Carne de cerdo de capa blanca, chuleta, partes grasa y magra, cruda",carne de cerdo capa blanca chuleta partes grasa magra cruda pork meat chop separable lean and fat raw,"Pork meat, chop, separable lean and fat, raw",82,True,GRP-00182,OK,,f_origen original: BEDCA2,2026-09-20T03:50:39.818564+00:00,2026-09-20T03:50:39.818564+00:00
BEDCA-2697,"Carne de cerdo de capa blanca, chuleta, parte magra, cruda","Carne de cerdo de capa blanca, chuleta, parte magra, cruda","Carne de cerdo de capa blanca, chuleta, parte magra, cruda","Pork meat, chop, lean, raw",carne de cerdo de capa blanca chuleta parte magra cruda,,A0794 B1136 C0270 E0152 F0003 H0003 J0003 K0001 N0041 P0003 R0212 Z0023,BEDCA,2697,ES,es,generic,,,crudo,,0.776,100g,137.26,574.3,False,22.9,,,,5.0,1.8415,2.568,0.5635,0.006,,,,40.0,0.1,True,68.5,71.03,,13.0,0.89,31.0,197.0,208.0,2.5,,,27.0,3.8,,,,0.34,0.3,,0.42,0.14,6.1,0.53,,0.006,0.071,1.175,0.557,2.338,0.527,0.037,,,,,,,,,,,,,"Carne de cerdo de capa blanca, chuleta, parte magra, cruda",carne de cerdo capa blanca chuleta parte magra cruda pork meat chop lean raw,"Pork meat, chop, lean, raw",82,True,GRP-00181,OK,,f_origen original: BEDCA2,2026-09-20T03:50:39.818564+00:00,2026-09-20T03:50:39.818564+00:00
BEDCA-2698,"Carne de cerdo de capa blanca, jamón, partes grasa y magra, crudo","Carne de cerdo de capa blanca, jamón, partes grasa y magra, crudo","Carne de cerdo de capa blanca, jamón, partes grasa y magra, crudo","Pork meat, ham, separable lean and fat, raw",carne de cerdo de capa blanca jamon partes grasa y magra crudo,,A0794 B1136 C0285 E0152 F0003 H0003 J0003 K0001 N0041 P0003 R0212 Z0024,BEDCA,2698,ES,es,generic,,,crudo,,1.0,100g,128.22,536.49,False,23.07,,,,3.9,1.1285,1.596,0.347,0.0095,,,,45.4,0.1135,True,67.43,71.89,,16.3,1.35,35.0,209.43,445.33,2.2,,,28.0,2.7,,,,0.55,0.15,,0.52,0.21,6.8,0.62,,0.014,0.045,0.7275,0.3355,1.4865,0.326,0.021,,,,,,,,,,,,,"Carne de cerdo de capa blanca, jamón, partes grasa y magra, crudo",carne de cerdo capa blanca jamon partes grasa magra crudo pork meat ham separable lean and fat raw,"Pork meat, ham, separable lean and fat, raw",82,True,GRP-00184,OK,,f_origen original: BEDCA2,2026-09-20T03:50:39.818564+00:00,2026-09-20T03:50:39.818564+00:00
BEDCA-2699,"Carne de cerdo de capa blanca, jamón, parte magra, crudo","Carne de cerdo de capa blanca, jamón, parte magra, crudo","Carne de cerdo de capa blanca, jamón, parte magra, crudo","Pork meat, ham, lean, raw",carne de cerdo de capa blanca jamon parte magra crudo,,A0794 B1136 C0286 E0152 F0003 H0003 J0003 K0001 N0041 P0003 R0212 Z0024,BEDCA,2699,ES,es,generic,,,crudo,,1.0,100g,126.24,528.2,False,24.65,,,,2.95,0.556,0.672,0.16,0.006,,,,46.5,0.1163,True,62.5,71.26,,12.5,0.79,39.5,171.5,484.5,1.9,,,31.0,3.15,,,,0.54,0.15,,0.34,0.19,7.5,0.3,,0.005,0.022,0.357,0.172,0.621,0.153,0.007,,,,,,,,,,,,,"Carne de cerdo de capa blanca, jamón, parte magra, crudo",carne de cerdo capa blanca jamon parte magra crudo pork meat ham lean raw,"Pork meat, ham, lean, raw",82,True,GRP-00183,OK,,f_origen original: BEDCA2,2026-09-20T03:50:39.818564+00:00,2026-09-20T03:50:39.818564+00:00
BEDCA-2700,"Carne de cerdo de capa blanca, cabezada, partes grasa y magra, crudo","Carne de cerdo de capa blanca, cabezada, partes grasa y magra, crudo","Carne de cerdo de capa blanca, cabezada, partes grasa y magra, crudo","Pork meat, head end of loin, separable lean and fat, raw",carne de cerdo de capa blanca cabezada partes grasa y magra crudo,,A0794 B1136 C0285 E0152 F0003 H0003 J0003 K0001 N0041 P0003 R0212 Z0031,BEDCA,2700,ES,es,generic,,,crudo,,1.0,100g,252.82,1057.8,False,20.0,,,,19.4,6.923,8.905,2.204,0.03,,,,59.0,0.1475,True,78.0,59.5,,11.0,1.8,25.0,167.0,363.0,1.9,,,26.0,7.0,,,,0.4,0.1,,0.35,0.34,5.2,0.76,,0.02,0.272,4.436,2.195,8.265,2.051,0.153,,,,,,,,,,,,,"Carne de cerdo de capa blanca, cabezada, partes grasa y magra, crudo",carne de cerdo capa blanca cabezada partes grasa magra crudo pork meat head end of loin separable lean and fat raw,"Pork meat, head end of loin, separable lean and fat, raw",82,True,GRP-00180,OK,,f_origen original: BEDCA2,2026-09-20T03:50:39.818564+00:00,2026-09-20T03:50:39.818564+00:00
BEDCA-2701,"Carne de cerdo de capa blanca, cabezada, parte magra, cruda","Carne de cerdo de capa blanca, cabezada, parte magra, cruda","Carne de cerdo de capa blanca, cabezada, parte magra, cruda","Pork meat, head end of loin, lean, raw",carne de cerdo de capa blanca cabezada parte magra cruda,,A0794 B1136 C0286 E0152 F0003 H0003 J0003 K0001 N0041 P0003 R0212 Z0031,BEDCA,2701,ES,es,generic,,,crudo,,1.0,100g,164.15,686.8,False,21.9,,,,8.5,3.095,3.799,0.807,0.009,,,,62.0,0.155,True,74.0,68.5,,15.0,3.2,32.0,194.0,435.0,3.1,,,30.0,5.2,,,,0.39,0.2,,0.64,0.36,5.1,0.78,,0.027,0.124,1.952,0.992,3.527,0.76,0.047,,,,,,,,,,,,,"Carne de cerdo de capa blanca, cabezada, parte magra, cruda",carne de cerdo capa blanca cabezada parte magra cruda pork meat head end of loin lean raw,"Pork meat, head end of loin, lean, raw",82,True,GRP-00179,OK,,f_origen original: BEDCA2,2026-09-20T03:50:39.818564+00:00,2026-09-20T03:50:39.818564+00:00
BEDCA-2711,"Cabrito lechal, costillar, asado","Cabrito lechal, costillar, asado","Cabrito lechal, costillar, asado","Kid, ribs, roasted",cabrito lechal costillar asado,,A0794 B2702 C0285 E0150 F0014 G0005 H0003 J0003 K0003 M0003 N0036 N0044 P0003 R0212 R0366 R0367 R0500 Z0019 Z0215 Z0258,BEDCA,2711,ES,es,generic,,,asado,,1.0,100g,263.7,1103.32,False,22.46,0.0,,,19.5,6.26,6.04,0.85,0.57,0.07,0.65,0.0,93.24,0.2331,True,88.56,56.98,,18.71,0.75,18.34,174.16,280.9,3.01,,,10.69,,,20.0,0.21,0.54,2.36,1.9,0.1,0.05,3.07,0.03,,0.03,0.45,3.18,2.06,5.49,0.58,0.05,0.07,0.01,0.01,,,,,,,,,,"Cabrito lechal, costillar, asado",cabrito lechal costillar asado kid ribs roasted,"Kid, ribs, roasted",93,True,GRP-00140,OK,,f_origen original: BEDCA2,2026-09-20T03:50:39.818564+00:00,2026-09-20T03:50:39.818564+00:00
BEDCA-2712,"Cordero lechal, costillar, asado","Cordero lechal, costillar, asado","Cordero lechal, costillar, asado","Suckling lamb, ribs, roasted",cordero lechal costillar asado,,A0794 B2396 C0285 E0150 F0014 G0005 H0003 J0003 K0003 M0003 N0036 N0044 P0003 R0212 R0366 R0367 R0500 Z0019 Z0215 Z0258,BEDCA,2712,ES,es,generic,,,asado,,1.0,100g,233.71,977.84,False,21.63,0.0,,,16.49,5.83,5.67,0.79,0.51,0.07,0.59,0.0,96.52,0.2413,True,78.22,60.76,,17.23,0.79,18.34,172.45,268.52,2.71,,,7.64,,,30.0,0.08,0.53,2.11,1.15,0.09,0.11,3.59,0.09,,0.03,0.42,2.94,1.92,5.2,0.53,0.05,0.06,0.01,0.01,,,,,,,,,,"Cordero lechal, costillar, asado",cordero lechal costillar asado suckling lamb ribs roasted,"Suckling lamb, ribs, roasted",93,True,GRP-00281,OK,,f_origen original: BEDCA2,2026-09-20T03:50:39.818564+00:00,2026-09-20T03:50:39.818564+00:00
BEDCA-2713,"Cordero ligero, costillar, asado","Cordero ligero, costillar, asado","Cordero ligero, costillar, asado","Light lamb, ribs, roasted",cordero ligero costillar asado,,A0794 B2396 C0285 E0150 F0014 G0005 H0003 J0003 K0003 M0003 N0036 N0044 P0003 R0212 R0366 R0367 R0500 Z0019 Z0215 Z0258,BEDCA,2713,ES,es,generic,,,asado,,1.0,100g,272.81,1141.44,False,21.59,0.0,,,20.93,6.72,6.48,0.91,0.6,0.08,0.68,0.0,76.29,0.1907,True,71.09,56.44,,13.15,1.05,15.78,145.77,224.66,2.91,,,12.29,,,20.0,,0.4,2.19,1.25,0.1,0.06,2.22,0.03,,0.04,0.48,3.39,2.21,5.95,0.61,0.06,0.07,0.01,0.01,,,,,,,,,,"Cordero ligero, costillar, asado",cordero ligero costillar asado light lamb ribs roasted,"Light lamb, ribs, roasted",93,True,GRP-00285,OK,,f_origen original: BEDCA2,2026-09-20T03:50:39.818564+00:00,2026-09-20T03:50:39.818564+00:00
